Time,Accel. Pedal[%],Ambient pressure[psig],Boost (Pre-Throttle)[psig],Boost Pressure (Deviation)[psia],Boost pressure (Target)[psig],Coolant Temp[F],Engine speed[1/min],Gear[-],HPFP (Target)[psig],HPFP Act.[psig],IAT[F],Ignition Cyl 1[deg],Ignition Timing 1[deg],Ignition Timing 2[deg],Ignition Timing 3[deg],Ignition Timing 4[deg],Knock Detected[0-n],Lambda[AFR],Lambda Act.[AFR],Load Act. (Rel.)[%],Load Target (Rel.)[%],LPFP Act. (Raw)[psig],LTFT[-],MAF[kg/h],MAF HFM[kg/h],MAP[psig],STFT[-],Throttle Angle[%],Vehicle Speed[mph],WGDC[%],(BM3) Boost (MAP) Custom[psig],(BM3) Boost Pressure (Manifold Target For PID)[psig],(BM3) Flex Ethanol % (Main)[%],(BM3) Map Slot[],(BM3) WGDC MAC (Final)[%],(RAM) Boost Pressure (Manifold Target)[psig],(RAM) Fuel Inj. Angle (End)[Grad KW],(RAM) HPFP Angle (Final)[Grad KW],(RAM) Ignition Timing Corr. Cyl. 1[ï¿½],(RAM) Ignition Timing Corr. Cyl. 2[ï¿½],(RAM) Ignition Timing Corr. Cyl. 3[ï¿½],(RAM) Ignition Timing Corr. Cyl. 4[ï¿½],(RAM) Ignition Timing Corr. Cyl. 5[ï¿½],(RAM) Ignition Timing Corr. Cyl. 6[ï¿½],(RAM) Intake Valve Lift (Actual)[mm],(RAM) Load (Target)[%],(RAM) Load Rf (Actual)[%],(RAM) Pressure Ratio (Turbine)[-],(RAM) Rel. Fill Limit (Flag)[-],(RAM) Torque at Clutch (Actual)[Nm],(RAM) Torque at Clutch (Target)[Nm],(RAM) Torque Limit (Flag)[-],(RAM) Torque Limit Active (Flag)[-],(RAM) Torque Limit Active 2 (Flag)[-],(RAM) Torque Limit Active 3 (Flag)[-],(RAM) Turbine MAF Target (After Corr.)[kg/h],(RAM) Turbine Power (Actual)[kW],(RAM) Turbine Power (Base)[kW],(RAM) Turbine Power (D-Gain)[kW],(RAM) Turbine Power (P-Gain)[kW],(RAM) Vanos Exhaust (Actual)[Grad KW],(RAM) Vanos Exhaust (Target)[Grad KW],(RAM) WGDC (D-Gain)[%],(RAM) WGDC (I-Gain)[%],(RAM) WGDC (P-Gain)[%],(REV2) PI DI Split (Base)[%],(REV2) PI DI Split (Final)[%],(REV2) PI Fuel Pressure (Differential)[psig],(REV2) PI IDC Corrected[%],bootmod3_3.21.008_unknown,6aa289a8ee8ce62a905d1967
0.000,14,0.0,1.2,0.0,0.0,178,1992,4,5060,5074,108,21.0,21.6,24.0,23.5,24.0,0,13.58,13.58,22.2,39.7,72,0.99,60.0,51.0,-0.7,0.97,11,30,97,-0.737,-14.75,0,3,0.00,0.031,302.6074,25.900,-2.700,0.000,0.000,0.000,0.000,0.000,2.788,37.0700,36.88,1.0569,0.0,71.10,65.300,0,0.00,0.00,131072.00,64.937,0.064,0.109,0.000,-0.044,89.000,90.200,-0.036,-3.369,7.006,0.00,0.00,72.96,0.00,
0.074,14,0.0,1.2,0.0,0.0,178,1988,4,5060,5057,108,21.7,21.8,24.0,24.5,24.0,0,13.55,13.55,20.3,36.0,72,0.99,52.0,46.9,-0.7,0.98,10,30,97,-0.642,-14.75,0,3,0.00,0.031,305.0903,26.200,-2.700,0.000,0.000,0.000,0.000,0.000,2.788,37.3100,36.87,1.0571,0.0,63.50,63.500,0,0.00,0.00,131072.00,63.937,0.066,0.109,0.000,-0.042,90.200,90.400,-0.067,-3.082,4.296,0.00,0.00,72.82,0.00,
0.179,14,0.0,1.2,0.0,0.0,178,1984,4,5060,5019,108,21.0,21.3,24.0,24.0,24.0,1,13.53,13.52,20.3,36.7,72,0.99,56.0,46.6,-0.7,0.98,10,30,98,-0.737,-14.75,0,3,0.00,0.031,304.8706,26.000,-2.700,0.000,0.000,0.000,0.000,0.000,2.763,37.0300,36.87,1.0563,0.0,64.10,63.800,0,0.00,0.00,131072.00,63.062,0.066,0.109,0.000,-0.042,90.300,90.400,0.000,-2.832,2.178,0.00,0.00,72.96,0.00,
0.259,14,0.0,1.2,0.0,0.0,178,2001,4,5060,5032,108,21.0,21.3,24.0,24.5,24.5,0,13.46,13.46,20.3,36.7,72,0.99,56.0,47.9,-0.7,0.98,11,30,97,-0.689,-14.75,0,3,0.00,0.029,304.9145,26.200,-2.700,0.000,0.000,0.000,0.000,0.000,2.773,36.8300,36.78,1.0557,0.0,64.20,64.400,0,0.00,0.00,131072.00,62.937,0.066,0.109,0.000,-0.042,90.100,90.700,0.061,-2.709,2.709,0.00,0.00,72.82,0.00,
0.339,14,0.0,1.2,0.0,0.0,178,2000,4,5060,5028,108,21.7,21.8,24.5,25.0,25.0,0,13.45,13.44,20.3,36.7,72,0.99,56.0,47.2,-0.7,0.98,11,30,97,-0.591,-14.75,0,3,0.00,0.029,304.6728,26.400,-2.700,0.000,0.000,0.000,0.000,0.000,2.754,36.8700,36.93,1.0554,0.0,64.30,64.200,0,0.00,0.00,131072.00,62.875,0.066,0.109,0.000,-0.042,91.300,91.000,0.030,-2.581,2.557,0.00,0.00,72.82,0.00,
0.422,14,0.0,1.1,0.0,0.0,178,2002,4,5060,5047,108,21.7,21.8,24.5,24.5,24.5,0,13.42,13.42,20.3,36.0,72,0.99,56.0,48.0,-0.7,0.99,10,31,98,-0.741,-14.75,0,3,0.00,0.029,305.5078,26.000,-2.700,0.000,0.000,0.000,0.000,0.000,2.724,36.6700,36.33,1.0553,0.0,63.90,63.100,0,0.00,0.00,131072.00,62.750,0.068,0.109,0.000,-0.041,90.700,91.200,0.000,-2.447,1.806,0.00,0.00,72.96,0.00,
0.529,14,0.0,1.1,0.0,0.0,178,2003,4,5060,5037,108,21.7,22.3,25.0,25.0,25.0,0,13.42,13.42,19.9,36.0,72,0.99,56.0,46.9,-0.7,0.99,10,31,98,-0.668,-14.75,0,3,0.00,0.029,305.3759,26.100,-2.700,0.000,0.000,0.000,0.000,0.000,2.724,36.4800,36.25,1.0547,0.0,62.80,63.000,0,0.00,0.00,131072.00,62.437,0.068,0.109,0.000,-0.041,91.500,91.200,0.000,-2.294,1.275,0.00,0.00,72.82,0.00,
0.630,14,0.0,1.1,0.0,0.0,178,2013,4,5060,5044,108,21.7,22.3,25.0,25.0,25.0,0,13.40,13.40,19.9,36.0,72,0.99,56.0,46.5,-0.7,0.99,10,31,98,-0.786,-14.75,0,3,0.00,0.029,305.3979,26.100,-2.700,0.000,0.000,0.000,0.000,0.000,2.763,37.2300,36.61,1.0538,0.0,62.80,62.800,0,0.00,0.00,131072.00,62.812,0.068,0.109,0.000,-0.041,91.000,90.800,0.012,-2.172,2.105,0.00,0.00,72.96,0.00,
0.719,14,0.0,1.1,0.0,0.0,178,2017,4,5060,5057,108,21.7,21.8,24.5,24.5,24.0,0,13.38,13.38,20.7,39.7,72,0.99,60.0,47.9,-0.8,0.99,11,31,97,-0.836,-14.75,0,3,0.00,0.033,308.2543,25.300,-2.700,0.000,0.000,0.000,0.000,0.000,3.067,39.3200,39.70,1.0531,0.0,65.40,66.800,0,0.00,0.00,131072.00,66.187,0.068,0.109,0.000,-0.041,90.800,89.500,0.061,-1.794,8.245,0.00,0.00,72.96,0.00,
0.839,14,0.0,1.1,0.0,0.0,178,2027,4,5060,5042,108,21.7,21.8,24.5,24.5,24.5,0,13.39,13.41,21.4,39.0,72,0.99,60.0,53.3,-0.7,1.00,11,31,97,-0.741,-14.75,0,3,0.00,0.033,308.7158,25.600,-2.700,0.000,0.000,0.000,0.000,0.000,3.101,39.9200,39.72,1.0538,0.0,65.90,65.900,0,0.00,0.00,131072.00,68.062,0.066,0.109,0.000,-0.042,89.500,88.900,0.030,-1.007,9.167,0.00,0.00,72.96,0.00,
0.919,14,0.0,1.1,0.0,0.0,178,2025,4,5060,5036,108,21.7,21.8,24.5,24.5,24.5,0,14.02,14.14,21.4,39.0,72,0.99,60.0,52.2,-0.7,1.01,11,31,97,-0.623,-14.75,0,3,0.00,0.033,307.8808,25.900,-2.700,0.000,0.000,0.000,0.000,0.000,3.115,39.8400,39.72,1.0542,0.0,66.80,66.900,0,0.00,0.00,131072.00,68.562,0.066,0.109,0.000,-0.042,89.200,88.800,0.000,-0.469,8.483,0.00,0.00,72.82,0.00,
0.989,14,0.0,1.1,0.0,0.0,178,2029,4,5060,5039,108,21.7,21.8,24.5,24.5,24.5,0,14.45,14.47,21.4,39.0,72,0.99,60.0,52.0,-0.7,1.01,11,31,97,-0.668,-14.75,0,3,0.00,0.033,308.0566,25.700,-2.700,0.000,0.000,0.000,0.000,0.000,3.115,39.8000,39.47,1.0548,0.0,66.70,66.600,0,0.00,0.00,131072.00,68.781,0.066,0.109,0.000,-0.042,88.800,88.700,-0.036,-0.042,7.806,0.00,0.00,72.82,0.00,
1.089,14,0.0,1.1,0.0,0.0,178,2030,4,5060,5031,108,21.7,21.8,24.5,24.5,24.5,0,14.71,14.86,21.4,39.0,72,0.99,60.0,52.3,-0.7,1.01,11,31,97,-0.739,-14.75,0,3,0.00,0.033,308.0346,25.900,-2.700,0.000,0.000,0.000,0.000,0.000,3.139,39.6400,39.37,1.0557,0.0,66.10,66.100,0,0.00,0.00,131072.00,68.781,0.066,0.109,0.000,-0.042,88.700,88.700,-0.036,0.531,6.738,0.00,0.00,72.96,0.00,
1.159,14,0.0,1.1,0.0,0.0,178,2040,4,5060,5046,108,21.7,21.8,24.5,24.5,24.5,1,15.00,15.05,21.0,39.0,72,0.99,60.0,53.2,-0.7,1.01,11,31,97,-0.704,-14.75,0,3,0.00,0.031,308.1665,25.800,-2.700,0.000,0.000,0.000,0.000,0.000,3.139,39.6400,39.21,1.0563,0.0,65.90,66.100,0,0.00,0.00,131072.00,68.875,0.066,0.109,0.000,-0.042,88.500,88.700,0.000,0.885,6.512,0.00,0.00,72.96,0.00,
1.244,14,0.0,1.1,0.0,0.0,178,2040,4,5060,5054,108,21.7,21.8,24.5,24.5,24.5,0,15.10,15.11,21.0,39.0,72,0.99,60.0,52.0,-0.7,1.01,11,31,97,-0.684,-14.75,0,3,0.00,0.031,308.0126,25.800,-2.700,0.000,0.000,0.000,0.000,0.000,3.182,39.6800,39.41,1.0569,0.0,65.80,66.400,0,0.00,0.00,131072.00,69.000,0.066,0.109,0.000,-0.042,88.600,88.700,0.000,1.275,6.286,0.00,0.00,72.82,0.00,
1.329,14,0.0,1.1,0.0,0.0,178,2049,4,5060,5055,108,21.7,21.8,24.5,24.5,24.5,0,15.15,15.15,21.4,39.0,72,0.99,60.0,52.5,-0.7,1.01,11,31,97,-0.629,-14.75,0,3,0.00,0.031,307.9907,25.900,-2.700,0.000,0.000,0.000,0.000,0.000,3.182,39.4800,39.33,1.0576,0.0,66.10,66.400,0,0.00,0.00,131072.00,68.937,0.066,0.109,0.000,-0.042,88.700,88.700,-0.079,1.678,5.151,0.00,0.00,72.82,0.00,
1.409,14,0.0,1.2,0.0,0.0,178,2048,4,5060,5034,108,21.7,21.8,24.5,24.5,24.5,0,15.22,15.22,21.0,38.2,72,0.99,60.0,53.3,-0.7,1.01,11,31,97,-0.704,-14.75,0,3,0.00,0.031,309.4409,25.700,-2.700,0.000,0.000,0.000,0.000,0.000,3.028,38.2600,38.20,1.0584,0.0,64.40,63.000,0,0.00,0.00,131072.00,67.781,0.064,0.109,0.000,-0.044,88.600,89.500,-0.018,1.940,3.552,0.00,0.00,72.96,0.00,
1.489,14,0.0,1.2,0.0,0.0,178,2049,4,5060,5060,108,21.7,21.8,24.5,24.5,24.5,0,15.27,15.27,20.7,37.5,72,0.99,60.0,51.1,-0.7,1.01,11,31,97,-0.690,-14.75,0,3,0.00,0.031,309.3750,25.800,-2.700,0.000,0.000,0.000,0.000,0.000,2.990,38.0600,37.86,1.0584,0.0,62.70,62.600,0,0.00,0.00,131072.00,67.156,0.064,0.109,0.000,-0.044,89.600,90.000,-0.048,2.093,1.660,0.00,0.00,72.82,0.00,
1.560,14,0.0,1.2,0.0,0.0,178,2057,4,5060,5042,108,21.7,21.8,24.5,24.5,24.5,0,15.29,15.31,20.3,37.5,72,0.99,60.0,50.0,-0.7,1.01,11,31,97,-0.788,-14.75,0,3,0.00,0.031,309.7045,25.700,-2.700,0.000,0.000,0.000,0.000,0.000,2.990,38.0200,37.75,1.0584,0.0,62.10,61.900,0,0.00,0.00,131072.00,66.812,0.064,0.109,0.000,-0.044,89.900,90.400,0.000,2.178,1.507,0.00,0.00,72.96,0.00,
1.670,14,0.0,1.2,0.0,0.0,178,2063,4,5060,5074,108,21.7,21.8,24.5,24.5,24.5,0,15.37,15.38,20.3,37.5,72,0.99,60.0,50.6,-0.7,1.01,11,31,97,-0.706,-14.75,0,3,0.00,0.031,309.8144,25.200,-2.700,0.000,0.000,0.000,0.000,0.000,3.014,38.1000,38.02,1.0584,0.0,61.70,62.000,0,0.00,0.00,131072.00,66.906,0.064,0.109,0.000,-0.044,90.200,90.400,-0.067,2.264,0.830,0.00,0.00,72.96,0.00,
1.748,14,0.0,1.1,0.0,0.0,178,2069,4,5060,5072,108,21.7,21.8,24.5,24.5,24.5,1,15.39,15.39,20.3,37.5,72,0.99,60.0,50.6,-0.8,1.01,11,31,97,-0.747,-14.75,0,3,0.00,0.031,309.6826,25.100,-2.700,0.000,0.000,0.000,0.000,0.000,2.990,37.9400,37.87,1.0584,0.0,62.20,62.500,0,0.00,0.00,131072.00,66.906,0.066,0.109,0.000,-0.042,90.400,90.400,0.000,2.368,1.507,0.00,0.00,72.96,0.00,
1.860,14,0.0,1.1,0.0,0.0,178,2072,4,5060,5064,108,21.7,22.3,25.0,24.5,24.5,0,15.41,15.40,20.3,35.2,72,0.99,56.0,50.6,-0.6,1.00,11,32,97,-0.736,-14.75,0,3,0.00,0.030,304.7167,25.800,-2.700,0.000,0.000,0.000,0.000,0.000,2.777,36.2400,35.86,1.0582,0.0,62.40,62.100,0,0.00,0.00,131072.00,64.562,0.068,0.109,0.000,-0.041,91.400,91.200,-0.018,2.294,-2.343,0.00,0.00,72.96,0.00,
1.939,14,0.0,1.1,0.0,0.0,178,2069,4,5060,5064,108,21.7,22.3,25.0,25.0,25.0,0,15.19,15.19,18.7,36.0,72,0.99,56.0,48.7,-0.7,0.99,11,32,97,-0.679,-14.75,0,3,0.00,0.030,305.1123,25.800,-2.700,0.000,0.000,0.000,0.000,0.000,2.773,36.0400,36.35,1.0576,0.0,62.20,62.200,0,0.00,0.00,131072.00,63.937,0.066,0.109,0.000,-0.042,91.800,91.200,-0.018,2.099,-3.924,0.00,0.00,72.82,0.00,
2.019,14,0.0,1.1,0.0,0.0,178,2073,4,5060,5034,108,21.7,22.3,25.0,25.0,25.0,0,14.39,14.30,19.1,36.0,72,0.99,56.0,49.6,-0.7,0.98,11,32,97,-0.742,-14.75,0,3,0.00,0.030,305.5297,25.800,-2.700,0.000,0.000,0.000,0.000,0.000,2.715,35.9200,35.71,1.0573,0.0,62.80,62.100,0,0.00,0.00,131072.00,63.656,0.068,0.109,0.000,-0.041,91.400,91.200,0.012,1.843,-4.071,0.00,0.00,72.96,0.00,
2.090,13,0.0,1.1,0.0,0.0,178,2075,4,5060,5052,108,21.7,22.3,25.0,25.0,25.0,0,13.92,13.92,18.3,34.5,72,0.99,56.0,48.6,-0.7,0.98,10,32,98,-0.679,-14.75,0,3,0.00,0.030,307.8588,25.700,-2.700,0.000,0.000,0.000,0.000,0.000,2.584,34.6600,34.30,1.0571,0.0,60.90,58.000,0,0.00,0.00,131072.00,62.343,0.068,0.109,0.000,-0.041,92.000,91.900,0.000,1.531,-6.695,0.00,0.00,72.82,0.00,
2.169,13,0.0,1.1,0.0,0.0,178,2071,4,5060,5047,108,22.5,22.8,25.5,25.5,25.5,0,13.79,13.78,18.3,33.7,72,0.99,52.0,46.2,-0.7,0.98,10,32,98,-0.747,-14.75,0,3,0.00,0.028,307.7490,25.700,-2.700,0.000,0.000,0.000,0.000,0.000,2.575,34.3400,34.33,1.0564,0.0,57.30,57.500,0,0.00,0.00,131072.00,61.343,0.068,0.109,0.000,-0.041,92.200,92.300,-0.018,1.062,-8.422,0.00,0.00,72.96,0.00,
2.279,13,0.0,1.1,0.0,0.0,178,2078,4,5060,5059,108,22.5,22.8,25.5,25.5,25.5,0,13.71,13.71,18.3,33.7,72,0.99,52.0,46.2,-0.7,0.99,10,32,98,-0.788,-14.75,0,3,0.00,0.030,307.5732,25.800,-2.700,0.000,0.000,0.000,0.000,0.000,2.526,33.6700,33.78,1.0549,0.0,57.40,56.100,0,0.00,0.00,131072.00,60.656,0.070,0.109,0.000,-0.039,92.800,92.700,-0.018,0.445,-6.616,0.00,0.00,72.96,0.00,
2.389,13,0.0,1.1,0.0,0.0,179,2084,4,5060,5059,108,23.2,23.3,26.0,26.0,26.0,0,13.68,13.67,17.5,33.0,72,0.99,52.0,46.7,-0.7,0.99,10,32,98,-0.659,-14.75,0,3,0.00,0.028,308.2324,25.500,-2.700,0.000,0.000,0.000,0.000,0.000,2.473,33.3500,33.41,1.0538,0.0,55.00,54.300,0,0.00,0.00,131072.00,59.593,0.070,0.109,0.000,-0.039,93.100,92.700,0.000,-0.158,-7.067,0.00,0.00,72.82,0.00,
2.476,13,0.0,1.1,0.0,0.0,179,2089,4,5060,5046,108,23.2,23.3,26.0,26.0,26.0,0,13.60,13.59,17.5,32.2,72,0.99,52.0,44.5,-0.7,1.00,10,32,98,-0.781,-14.75,0,3,0.00,0.028,308.5180,25.800,-2.700,0.000,0.000,0.000,0.000,0.000,2.450,33.2000,33.18,1.0529,0.0,54.70,54.700,0,0.00,0.00,131072.00,59.281,0.070,0.109,0.000,-0.039,93.500,93.500,0.000,-0.567,-7.067,0.00,0.00,72.96,0.00,
2.569,13,0.0,1.1,0.0,0.0,179,2093,4,5060,5031,108,23.2,23.3,26.0,26.0,26.0,0,13.52,13.51,17.5,33.0,72,0.99,52.0,44.7,-0.7,1.00,10,32,98,-0.783,-14.75,0,3,0.00,0.028,308.6499,25.700,-2.700,0.000,0.000,0.000,0.000,0.000,2.450,33.2000,33.26,1.0516,0.0,54.60,54.500,0,0.00,0.00,131072.00,59.218,0.072,0.109,0.000,-0.037,94.000,93.500,-0.030,-1.068,-6.542,0.00,0.00,72.96,0.00,
2.651,13,0.0,1.1,0.0,0.0,179,2090,4,5060,5050,108,23.2,23.3,26.0,26.0,26.0,0,13.46,13.44,17.5,33.0,72,0.99,52.0,45.2,-0.7,1.00,10,32,98,-0.690,-14.75,0,3,0.00,0.028,308.3422,25.700,-2.700,0.000,0.000,0.000,0.000,0.000,2.440,33.2000,33.36,1.0509,0.0,54.50,54.800,0,0.00,0.00,131072.00,59.218,0.072,0.109,0.000,-0.037,94.100,93.400,0.000,-1.477,-6.768,0.00,0.00,72.82,0.00,
2.741,13,0.0,1.1,0.0,0.0,179,2093,4,5060,5037,108,23.2,23.3,26.0,26.0,26.0,0,13.40,13.40,17.5,33.0,72,0.99,52.0,45.1,-0.7,1.00,10,32,98,-0.788,-14.75,0,3,0.00,0.028,308.6499,25.600,-2.700,0.000,0.000,0.000,0.000,0.000,2.401,33.0800,32.97,1.0502,0.0,54.30,54.400,0,0.00,0.00,131072.00,59.156,0.074,0.109,0.000,-0.035,93.800,93.500,0.024,-1.898,-5.712,0.00,0.00,72.96,0.00,
2.819,13,0.0,1.0,0.0,0.0,179,2095,4,5060,5060,108,23.2,23.3,26.0,26.0,26.0,0,13.36,13.36,17.1,32.2,72,0.99,52.0,44.9,-0.7,1.00,10,32,98,-0.680,-14.75,0,3,0.00,0.029,308.8696,25.700,-2.700,0.000,0.000,0.000,0.000,0.000,2.397,32.3700,33.02,1.0495,0.0,53.80,52.500,0,0.00,0.00,131072.00,58.937,0.074,0.109,0.000,-0.035,94.100,93.900,-0.048,-2.264,-6.616,0.00,0.00,72.82,0.00,
2.933,13,0.0,1.0,0.0,0.0,179,2096,4,5060,5047,108,23.2,23.3,26.0,26.5,26.5,0,13.34,13.34,16.7,31.5,72,0.99,48.0,44.6,-0.7,1.00,10,32,98,-0.770,-14.75,0,3,0.00,0.029,310.4077,25.000,-2.700,0.000,0.000,0.000,0.000,0.000,2.276,32.4900,31.36,1.0485,0.0,50.40,50.200,0,0.00,0.00,131072.00,57.562,0.074,0.109,0.000,-0.035,94.400,94.200,0.054,-2.825,-5.639,0.00,0.00,72.96,0.00,
3.029,13,0.0,1.0,0.0,0.0,179,2099,4,5060,5050,108,23.2,23.3,26.0,26.0,26.0,0,13.31,13.30,17.1,33.0,72,0.99,52.0,44.2,-0.7,1.00,10,32,98,-0.764,-14.75,0,3,0.00,0.029,308.3422,25.300,-2.700,0.000,0.000,0.000,0.000,0.000,2.401,32.2900,33.37,1.0477,0.0,54.50,52.300,0,0.00,0.00,131072.00,58.562,0.076,0.109,0.000,-0.033,93.800,93.900,0.000,-3.070,-2.032,0.00,0.00,72.96,0.00,
3.101,13,0.0,1.0,0.0,0.0,179,2105,4,5060,5036,108,23.2,23.3,26.0,26.0,26.0,0,13.29,13.30,16.7,30.7,72,0.99,48.0,44.8,-0.7,1.00,10,32,98,-0.770,-14.75,0,3,0.00,0.029,310.8032,25.300,-2.700,0.000,0.000,0.000,0.000,0.000,2.276,31.9300,31.45,1.0477,0.0,52.00,49.400,0,0.00,0.00,131072.00,57.750,0.076,0.109,0.000,-0.033,93.900,94.300,-0.048,-3.210,-3.533,0.00,0.00,72.96,0.00,
3.179,13,0.0,1.0,0.0,0.0,179,2101,4,5060,5042,108,23.2,23.8,26.5,26.5,26.5,0,13.29,13.28,16.4,30.7,72,0.99,48.0,42.3,-0.8,1.00,10,32,98,-0.684,-14.75,0,3,0.00,0.029,316.8017,24.700,-2.700,0.000,0.000,0.000,0.000,0.000,2.512,34.4200,34.73,1.0472,0.0,48.00,48.200,0,0.00,0.00,131072.00,59.093,0.076,0.109,0.000,-0.033,93.900,93.400,0.054,-3.381,-1.507,0.00,0.00,72.82,0.00,
3.259,13,0.0,1.0,0.0,0.0,179,2102,4,5060,5055,108,22.5,22.8,25.5,25.5,25.5,0,13.23,13.23,18.3,34.5,72,0.99,56.0,46.0,-0.7,1.00,11,32,98,-0.702,-14.75,0,3,0.00,0.031,313.4619,24.900,-2.700,0.000,0.000,0.000,0.000,0.000,2.464,34.0700,34.03,1.0467,0.0,54.10,53.000,0,0.00,0.00,131072.00,60.687,0.078,0.109,0.000,-0.031,93.400,92.800,0.012,-3.338,1.873,0.00,0.00,72.96,0.00,
3.341,13,0.0,1.0,0.0,0.0,179,2116,4,5060,5041,108,22.5,22.8,25.5,25.5,25.5,0,13.37,13.37,17.9,33.7,72,0.99,52.0,47.1,-0.7,1.01,11,32,97,-0.725,-14.75,0,3,0.00,0.029,313.8574,24.900,-2.700,0.000,0.000,0.000,0.000,0.000,2.425,33.5900,33.46,1.0469,0.0,52.60,51.700,0,0.00,0.00,131072.00,61.125,0.078,0.109,0.000,-0.031,93.000,92.800,0.000,-3.167,3.454,0.00,0.00,72.96,0.00,
3.419,14,0.0,1.0,0.0,0.0,179,2110,4,5060,5052,108,23.2,23.3,25.5,26.0,26.0,1,13.92,13.98,17.1,33.0,72,0.99,52.0,46.9,-0.6,1.01,11,32,98,-0.607,-14.75,0,3,0.00,0.029,314.0991,24.900,-2.700,0.000,0.000,0.000,0.000,0.000,2.551,35.3700,34.82,1.0473,0.0,51.10,53.600,0,0.00,0.00,131072.00,61.875,0.076,0.109,0.000,-0.033,93.200,92.300,0.042,-2.960,4.742,0.00,0.00,72.82,0.00,
3.498,14,0.0,1.0,0.0,0.0,179,2111,4,5060,5044,108,22.5,22.8,25.5,25.5,25.5,0,14.37,14.40,18.7,35.2,72,0.99,56.0,47.0,-0.8,1.01,11,32,97,-0.755,-14.75,0,3,0.00,0.029,311.5942,25.400,-2.700,0.000,0.000,0.000,0.000,0.000,2.724,36.7500,36.53,1.0476,0.0,56.50,58.700,0,0.00,0.00,131072.00,64.500,0.074,0.109,0.000,-0.035,92.300,91.400,0.012,-2.508,9.362,0.00,0.00,72.96,0.00,
3.569,14,0.0,0.9,0.0,0.0,179,2126,4,5060,5039,108,21.7,22.3,25.0,25.0,25.0,0,14.55,14.66,19.1,36.7,72,0.99,60.0,50.1,-0.7,1.01,12,32,97,-0.741,-14.75,0,3,0.00,0.031,310.9570,25.400,-2.700,0.000,0.000,0.000,0.000,0.000,2.793,37.3900,37.02,1.0485,0.0,59.00,58.700,0,0.00,0.00,131072.00,66.250,0.076,0.109,0.000,-0.033,91.700,90.800,-0.018,-1.983,9.985,0.00,0.00,72.96,0.00,
3.641,14,0.0,1.0,0.0,0.0,179,2130,4,5060,5034,108,21.7,22.3,25.0,25.0,25.0,0,14.94,14.95,19.5,36.7,72,0.99,60.0,51.9,-0.7,1.02,12,32,97,-0.734,-14.75,0,3,0.00,0.031,310.0781,25.500,-2.700,0.000,0.000,0.000,0.000,0.000,2.855,37.7400,37.46,1.0498,0.0,60.60,60.800,0,0.00,0.00,131072.00,67.593,0.074,0.109,0.000,-0.035,90.700,90.400,-0.036,-1.440,10.223,0.00,0.00,72.96,0.00,
3.718,14,0.0,1.0,0.0,0.0,179,2125,4,5060,5032,108,21.7,22.3,25.0,25.0,25.0,0,15.06,15.09,19.5,37.5,72,0.99,60.0,53.0,-0.7,1.01,12,32,97,-0.641,-14.75,0,3,0.00,0.031,309.7265,25.700,-2.700,0.000,0.000,0.000,0.000,0.000,2.937,38.5700,38.17,1.0513,0.0,61.30,61.500,0,0.00,0.00,131072.00,68.625,0.074,0.109,0.000,-0.035,90.300,90.200,-0.036,-0.817,9.777,0.00,0.00,72.82,0.00,
3.812,15,0.0,1.0,0.0,0.0,179,2121,4,5060,5052,108,21.7,21.8,24.5,24.5,25.0,0,15.15,15.15,20.7,39.7,72,0.99,64.0,53.2,-0.7,1.01,12,32,96,-0.632,-14.75,0,3,0.00,0.033,306.4746,26.300,-2.700,0.000,0.000,0.000,0.000,0.000,3.202,39.3600,40.28,1.0525,0.0,66.40,67.000,0,0.00,0.00,131072.00,71.312,0.072,0.109,0.000,-0.037,89.500,89.300,-0.158,-0.134,9.948,0.00,0.00,72.82,0.00,
3.889,13,0.0,1.0,0.0,0.0,179,2130,4,5060,5041,108,20.2,20.4,24.0,22.2,24.0,0,15.19,15.19,20.7,37.5,72,0.99,60.0,56.8,-0.6,1.01,12,33,96,-0.641,-14.75,0,3,0.00,0.033,309.4189,25.700,-2.700,0.000,0.000,0.000,0.000,0.000,2.903,37.3900,37.01,1.0545,0.0,64.40,61.800,0,0.00,0.00,131072.00,69.812,0.072,0.109,0.000,-0.037,89.500,90.200,0.000,0.347,5.749,0.00,0.00,72.82,0.00,
3.968,13,0.0,1.0,0.0,0.0,179,2124,4,5060,5059,108,21.7,22.3,25.0,25.0,25.0,0,15.23,15.24,19.1,34.5,72,0.99,56.0,51.9,-0.6,1.01,11,33,97,-0.551,-14.75,0,3,0.00,0.031,312.3852,25.200,-2.700,0.000,0.000,0.000,0.000,0.000,2.729,35.5300,35.18,1.0553,0.0,57.40,55.800,0,0.00,0.00,131072.00,66.625,0.070,0.109,0.000,-0.039,89.800,91.700,-0.067,0.463,-1.135,0.00,0.00,72.82,0.00,
4.039,14,0.0,1.1,0.0,0.0,179,2124,4,5060,5059,108,22.5,22.8,25.5,25.5,25.5,0,15.24,15.24,18.3,34.5,72,0.99,56.0,47.5,-0.6,1.00,11,33,97,-0.639,-14.75,0,3,0.00,0.031,312.5390,25.000,-2.700,0.000,0.000,0.000,0.000,0.000,2.855,36.8700,36.32,1.0554,0.0,55.20,56.800,0,0.00,0.00,131072.00,66.062,0.070,0.109,0.000,-0.039,90.500,91.400,-0.018,0.274,-4.083,0.00,0.00,72.82,0.00,
4.139,14,0.0,1.0,0.0,0.0,179,2133,4,5060,5050,108,21.7,22.3,25.0,25.5,25.0,0,15.23,15.23,19.1,36.7,72,0.99,60.0,50.1,-0.8,1.00,11,33,97,-0.693,-14.75,0,3,0.00,0.033,310.3857,25.800,-2.700,0.000,0.000,0.000,0.000,0.000,2.903,36.9600,36.77,1.0552,0.0,59.70,60.000,0,0.00,0.00,131072.00,66.875,0.070,0.109,0.000,-0.039,91.500,91.200,-0.018,0.030,-2.575,0.00,0.00,72.96,0.00,
4.248,14,0.0,1.1,0.0,0.0,179,2138,4,5060,5074,108,21.7,22.3,25.0,25.0,25.0,0,15.37,15.40,19.1,36.7,72,0.99,60.0,52.6,-0.7,1.00,11,33,97,-0.689,-14.75,0,3,0.00,0.033,310.3857,25.300,-2.700,0.000,0.000,0.000,0.000,0.000,2.903,36.8500,37.07,1.0560,0.0,59.80,60.000,0,0.00,0.00,131072.00,67.187,0.070,0.109,0.000,-0.039,91.100,91.200,0.000,-0.115,-1.214,0.00,0.00,72.82,0.00,
4.330,14,0.0,1.1,0.0,0.0,179,2138,4,5060,5049,108,21.7,22.3,25.0,25.0,25.0,0,15.49,15.50,19.1,36.7,72,0.99,60.0,52.2,-0.7,1.01,11,33,97,-0.782,-14.75,0,3,0.00,0.033,310.5615,25.200,-2.700,0.000,0.000,0.000,0.000,0.000,2.879,36.8800,36.85,1.0568,0.0,59.30,59.100,0,0.00,0.00,131072.00,67.187,0.070,0.109,0.000,-0.039,91.000,91.200,-0.036,-0.207,-1.666,0.00,0.00,72.96,0.00,
4.418,14,0.0,1.1,0.0,0.0,179,2143,4,5060,5041,108,22.5,22.8,25.0,25.5,25.5,0,15.50,15.50,18.7,36.0,72,0.99,60.0,51.6,-0.6,1.00,11,33,97,-0.623,-14.75,0,3,0.00,0.033,304.0576,26.600,-2.700,0.000,0.000,0.000,0.000,0.000,2.816,37.2400,36.27,1.0569,0.0,63.00,63.000,0,0.00,0.00,131072.00,66.812,0.068,0.109,0.000,-0.041,91.600,91.000,0.042,-0.323,-1.593,0.00,0.00,72.82,0.00,
4.498,14,0.0,1.1,0.0,0.0,179,2150,4,5060,5037,108,22.5,22.8,25.0,25.0,25.0,0,15.48,15.47,19.5,37.5,72,0.99,60.0,51.5,-0.8,1.00,11,33,96,-0.775,-14.75,0,3,0.00,0.033,302.4975,26.700,-2.700,0.000,0.000,0.000,0.000,0.000,2.980,37.5900,37.63,1.0569,0.0,66.20,66.800,0,0.00,0.00,131072.00,68.250,0.068,0.109,0.000,-0.041,91.000,90.500,0.012,-0.341,1.055,0.00,0.00,72.96,0.00,
4.568,15,0.0,1.1,0.0,0.0,179,2151,4,5060,5036,108,21.0,21.3,24.5,24.0,24.5,0,14.93,14.85,19.5,39.0,72,0.99,64.0,53.5,-0.8,1.00,12,33,96,-0.755,-14.75,0,3,0.00,0.035,300.9814,27.100,-2.700,0.000,0.000,0.000,0.000,0.000,3.115,38.8900,39.03,1.0574,0.0,68.70,70.400,0,0.00,0.00,131072.00,70.187,0.068,0.109,0.000,-0.041,90.600,89.700,0.042,-0.152,5.395,0.00,0.00,72.96,0.00,
4.648,15,0.0,1.1,0.0,0.0,179,2153,4,5060,5026,108,21.0,21.3,24.0,24.0,24.0,0,14.25,14.19,19.9,38.2,72,0.99,64.0,55.4,-0.7,0.99,12,33,96,-0.766,-14.75,0,3,0.00,0.035,301.8164,27.300,-2.700,0.000,0.000,0.000,0.000,0.000,3.225,40.0000,39.92,1.0584,0.0,70.20,70.800,0,0.00,0.00,131072.00,71.781,0.068,0.109,0.000,-0.041,89.600,89.100,-0.018,0.280,8.532,0.00,0.00,72.96,0.00,
4.730,15,0.0,1.1,0.0,0.0,179,2154,4,5060,5019,108,21.0,21.3,24.0,24.0,24.0,0,13.92,13.83,20.7,39.7,72,0.99,64.0,56.3,-0.7,0.99,12,33,96,-0.689,-14.75,0,3,0.00,0.035,300.2783,27.500,-2.700,0.000,0.000,0.000,0.000,0.000,3.379,41.1800,40.77,1.0591,0.0,73.30,73.700,0,0.00,0.00,131072.00,73.687,0.066,0.109,0.000,-0.042,89.000,88.500,0.030,0.811,8.703,0.00,0.00,72.82,0.00,
4.814,15,0.0,1.1,0.0,0.0,179,2161,4,5060,5055,108,20.2,20.8,23.5,23.5,23.5,0,13.65,13.63,21.0,40.5,72,0.99,68.0,58.7,-0.7,0.99,13,33,95,-0.618,-14.75,0,3,0.00,0.033,298.6303,28.000,-2.700,0.000,0.000,0.000,0.000,0.000,3.494,41.4700,41.21,1.0603,0.0,75.90,76.200,0,0.00,0.00,131072.00,75.593,0.068,0.111,0.000,-0.042,88.100,88.000,-0.128,1.373,7.641,0.00,0.00,72.82,0.00,
4.899,15,0.0,1.1,0.0,0.0,178,2165,4,5060,5028,108,20.2,20.3,23.0,23.0,23.0,0,13.54,13.53,21.0,41.2,72,0.99,68.0,60.6,-0.6,0.99,13,33,95,-0.711,-14.75,0,3,0.00,0.033,298.4765,28.000,-2.700,0.000,0.000,0.000,0.000,0.000,3.503,41.4300,41.15,1.0611,0.0,76.30,76.200,0,0.00,0.00,131072.00,76.250,0.066,0.111,0.000,-0.044,88.200,88.000,-0.036,1.818,5.346,0.00,0.00,72.96,0.00,
4.968,15,0.0,1.1,0.0,0.0,178,2162,4,5060,5050,108,20.2,20.3,23.0,23.0,23.0,0,13.49,13.47,21.0,40.5,72,0.99,68.0,61.5,-0.6,0.99,13,33,95,-0.715,-14.75,0,3,0.00,0.033,299.0698,27.600,-1.900,0.000,0.000,0.000,0.000,0.000,3.503,41.4300,40.66,1.0617,0.0,75.90,75.700,0,0.00,0.00,131072.00,76.312,0.064,0.111,0.000,-0.046,87.500,88.000,-0.079,2.093,4.809,0.00,0.00,72.96,0.00,
5.049,15,0.0,1.2,0.0,0.0,178,2165,4,5060,5041,108,21.0,21.1,23.0,23.0,23.0,0,13.43,13.41,20.7,40.5,72,0.99,68.0,58.9,-0.6,1.00,12,33,95,-0.690,-14.75,0,3,0.00,0.033,298.8940,27.600,-1.900,0.000,0.000,0.000,0.000,0.000,3.551,41.3100,40.61,1.0625,0.0,75.00,75.100,0,0.00,0.00,131072.00,76.343,0.062,0.111,0.000,-0.048,87.700,88.000,0.042,2.404,5.651,0.00,0.00,72.82,0.00,
5.128,15,0.0,1.2,0.0,0.0,178,2170,4,5060,5065,108,21.0,21.1,23.0,23.0,23.0,0,13.38,13.37,20.7,40.5,72,0.99,68.0,58.9,-0.6,1.00,12,33,95,-0.634,-14.75,0,3,0.00,0.033,298.8281,27.400,-1.900,0.000,0.000,0.000,0.000,0.000,3.565,41.3100,40.66,1.0632,0.0,74.90,75.100,0,0.00,0.00,131072.00,76.437,0.062,0.111,0.000,-0.048,87.300,88.000,-0.036,2.703,4.736,0.00,0.00,72.82,0.00,
5.208,15,0.0,1.2,0.0,0.0,178,2175,4,5060,5060,108,21.0,21.1,23.0,23.0,23.0,0,13.38,13.39,20.7,40.5,72,0.99,68.0,59.6,-0.6,1.00,12,33,95,-0.602,-14.75,0,3,0.00,0.033,298.7402,27.600,-1.900,0.000,0.000,0.000,0.000,0.000,3.590,41.2200,40.76,1.0637,0.0,74.90,75.000,0,0.00,0.00,131072.00,76.468,0.060,0.111,0.000,-0.050,87.900,88.000,0.000,2.972,4.351,0.00,0.00,72.82,0.00,
5.279,15,0.0,1.3,0.0,0.0,178,2181,4,5060,5032,108,21.0,21.1,23.0,23.5,23.0,0,13.40,13.39,20.7,40.5,72,0.99,68.0,59.0,-0.6,1.00,12,33,95,-0.618,-14.75,0,3,0.00,0.033,298.1469,27.600,-1.900,0.000,0.000,0.000,0.000,0.000,3.594,41.2200,40.80,1.0637,0.0,75.40,75.600,0,0.00,0.00,131072.00,76.500,0.058,0.111,0.000,-0.052,87.500,88.000,0.000,3.192,4.046,0.00,0.00,72.82,0.00,
5.359,15,0.0,1.3,0.0,0.0,178,2182,4,5060,5057,108,21.0,21.1,23.0,23.0,23.0,0,13.37,13.37,20.7,40.5,72,0.99,68.0,60.1,-0.6,1.00,12,33,95,-0.674,-14.75,0,3,0.00,0.033,298.3007,27.500,-1.900,0.000,0.000,0.000,0.000,0.000,3.594,41.1000,40.70,1.0637,0.0,75.10,75.300,0,0.00,0.00,131072.00,76.531,0.056,0.111,0.000,-0.054,88.000,88.000,0.000,3.448,3.662,0.00,0.00,72.82,0.00,
5.440,15,0.0,1.3,0.0,0.0,178,2185,4,5060,5041,108,21.0,21.1,23.0,23.0,23.0,0,13.36,13.35,20.7,40.5,72,0.99,68.0,59.7,-0.7,1.01,12,33,95,-0.747,-14.75,0,3,0.00,0.033,298.3886,27.200,-1.900,0.000,0.000,0.000,0.000,0.000,3.594,41.1000,40.65,1.0637,0.0,75.10,75.000,0,0.00,0.00,131072.00,76.531,0.058,0.111,0.000,-0.052,87.500,88.000,-0.036,3.668,3.204,0.00,0.00,72.96,0.00,
5.523,15,0.0,1.3,0.0,0.0,178,2190,4,5060,5041,108,21.0,21.1,23.0,23.0,23.0,0,13.32,13.32,20.7,40.5,72,0.99,68.0,60.2,-0.6,1.01,12,34,95,-0.788,-14.75,0,3,0.00,0.031,298.0810,27.800,-1.900,0.000,0.000,0.000,0.000,0.000,3.618,41.0600,40.88,1.0637,0.0,75.30,75.500,0,0.00,0.00,131072.00,76.718,0.056,0.111,0.000,-0.054,88.100,88.000,-0.067,3.881,2.593,0.00,0.00,72.96,0.00,
5.611,15,0.0,1.3,0.0,0.0,178,2201,4,5060,5050,108,21.0,21.1,23.0,23.0,23.0,0,13.28,13.28,20.7,40.5,72,0.99,68.0,60.5,-0.7,1.01,12,34,95,-0.654,-14.75,0,3,0.00,0.031,298.1469,27.600,-1.900,0.000,0.000,0.000,0.000,0.000,3.613,41.0600,40.75,1.0642,0.0,75.30,75.200,0,0.00,0.00,131072.00,76.906,0.054,0.111,0.000,-0.056,87.800,88.000,0.000,4.095,3.131,0.00,0.00,72.82,0.00,
5.689,15,0.0,1.3,0.0,0.0,178,2202,4,5060,5065,108,21.0,21.1,23.0,23.0,23.0,0,13.26,13.26,20.7,40.5,72,0.99,68.0,60.1,-0.6,1.01,12,34,95,-0.711,-14.75,0,3,0.00,0.033,304.5849,26.300,-1.900,0.000,0.000,0.000,0.000,0.000,3.962,43.2300,42.28,1.0648,0.0,70.70,72.500,0,0.00,0.00,131072.00,79.093,0.052,0.111,0.000,-0.058,88.200,88.000,0.030,4.345,6.207,0.00,0.00,72.96,0.00,
5.768,15,0.0,1.3,0.0,0.0,178,2204,4,5060,5055,108,21.0,21.1,23.0,23.0,23.0,0,13.23,13.23,21.4,42.0,72,0.99,72.0,63.1,-0.7,1.01,13,34,95,-0.704,-14.75,0,3,0.00,0.033,303.8598,26.600,-1.900,0.000,0.000,0.000,0.000,0.000,3.990,42.3300,43.01,1.0650,0.0,73.40,74.300,0,0.00,0.00,131072.00,80.406,0.052,0.111,0.000,-0.058,88.100,88.000,-0.036,4.656,4.437,0.00,0.00,72.96,0.00,
5.860,15,0.0,1.4,0.0,0.0,178,2211,4,5060,5032,108,20.2,20.6,22.5,22.5,22.5,0,13.53,13.63,21.0,42.0,72,0.99,72.0,65.3,-0.6,1.01,12,34,95,-0.792,-14.75,0,3,0.00,0.031,305.6835,26.400,-1.900,0.000,0.000,0.000,0.000,0.000,3.590,40.4000,40.43,1.0659,0.0,71.50,68.800,0,0.00,0.00,131072.00,78.312,0.052,0.111,0.000,-0.058,87.900,88.300,-0.048,4.785,0.073,0.00,0.00,72.96,0.00,
5.938,15,0.0,1.4,0.0,0.0,178,2209,4,5060,5041,108,21.0,21.6,23.5,23.5,23.5,0,14.24,14.35,20.3,39.7,72,0.99,68.0,60.5,-0.7,1.01,12,34,95,-0.785,-14.75,0,3,0.00,0.031,306.8261,26.300,-1.900,0.000,0.000,0.000,0.000,0.000,3.503,40.0800,39.80,1.0661,0.0,67.00,66.800,0,0.00,0.00,131072.00,76.468,0.050,0.111,0.000,-0.060,88.500,88.700,-0.036,4.644,-4.498,0.00,0.00,72.96,0.00,
6.020,15,0.0,1.4,0.0,0.0,178,2217,4,5060,5050,108,21.0,21.3,24.0,24.0,24.0,0,14.71,14.90,19.9,39.0,72,0.99,64.0,59.4,-0.7,1.02,12,34,95,-0.785,-14.75,0,3,0.00,0.031,306.5844,26.400,-2.700,0.000,0.000,0.000,0.000,0.000,3.489,40.0000,39.63,1.0659,0.0,66.40,66.300,0,0.00,0.00,131072.00,75.781,0.052,0.111,0.000,-0.058,89.100,88.700,0.030,4.339,-4.809,0.00,0.00,72.96,0.00,
6.100,15,0.0,1.4,0.0,0.0,178,2227,4,5060,5070,108,21.0,21.3,24.0,24.0,24.0,0,15.07,15.10,19.9,39.0,72,0.99,68.0,59.4,-0.7,1.02,12,34,95,-0.783,-14.75,0,3,0.00,0.031,306.7382,26.000,-2.700,0.000,0.000,0.000,0.000,0.000,3.503,39.8400,39.76,1.0659,0.0,66.20,66.900,0,0.00,0.00,131072.00,75.718,0.050,0.111,0.000,-0.060,88.600,88.700,-0.036,4.010,-5.261,0.00,0.00,72.96,0.00,
6.179,15,0.0,1.4,0.0,0.0,178,2232,4,5060,5060,108,21.0,21.3,24.0,24.0,24.0,0,15.22,15.23,19.9,39.7,72,0.99,68.0,59.3,-0.7,1.02,12,34,95,-0.801,-14.75,0,3,0.00,0.031,306.6064,26.300,-2.700,0.000,0.000,0.000,0.000,0.000,3.503,39.8400,39.72,1.0660,0.0,66.50,66.900,0,0.00,0.00,131072.00,75.687,0.050,0.111,0.000,-0.060,88.700,88.700,0.000,3.698,-5.114,0.00,0.00,72.96,0.00,
6.249,15,0.0,1.4,0.0,0.0,178,2233,4,5060,5055,108,21.0,21.3,24.0,24.0,24.0,0,15.28,15.28,19.9,39.0,72,0.99,68.0,60.1,-0.8,1.02,12,34,95,-0.860,-14.75,0,3,0.00,0.031,306.6503,26.400,-2.700,0.000,0.000,0.000,0.000,0.000,3.503,39.8400,39.76,1.0660,0.0,66.40,66.700,0,0.00,0.00,131072.00,75.781,0.052,0.111,0.000,-0.058,89.000,88.700,-0.079,3.448,-4.882,0.00,0.00,73.11,0.00,
6.328,15,0.0,1.4,0.0,0.0,178,2238,4,5060,5052,108,21.0,21.3,24.0,24.0,24.0,0,15.32,15.34,19.9,39.7,72,0.99,68.0,59.9,-0.7,1.02,12,34,95,-0.824,-14.75,0,3,0.00,0.031,306.4306,26.400,-2.700,0.000,0.000,0.000,0.000,0.000,3.455,39.7200,39.66,1.0660,0.0,66.80,67.200,0,0.00,0.00,131072.00,75.781,0.050,0.111,0.000,-0.060,89.300,88.700,-0.036,3.167,-4.809,0.00,0.00,72.96,0.00,
6.408,15,0.0,1.4,0.0,0.0,178,2237,4,5060,5060,108,21.0,21.3,24.0,24.0,24.0,0,15.36,15.36,19.9,39.0,72,0.99,68.0,60.4,-0.7,1.02,12,34,95,-0.797,-14.75,0,3,0.00,0.031,306.7382,26.100,-2.700,0.000,0.000,0.000,0.000,0.000,3.417,39.6400,39.43,1.0660,0.0,66.40,66.600,0,0.00,0.00,131072.00,75.687,0.052,0.111,0.000,-0.058,88.900,88.700,0.000,2.886,-4.351,0.00,0.00,72.96,0.00,
6.490,15,0.0,1.4,0.0,0.0,178,2239,4,5060,5059,108,21.0,21.3,24.0,24.0,24.0,0,15.39,15.39,19.5,39.0,72,0.99,68.0,60.6,-0.7,1.02,12,34,95,-0.736,-14.75,0,3,0.00,0.031,300.4101,27.300,-2.700,0.000,0.000,0.000,0.000,0.000,3.182,37.6700,37.81,1.0660,0.0,69.30,66.600,0,0.00,0.00,131072.00,73.937,0.050,0.109,0.000,-0.058,89.200,90.100,-0.128,2.532,-8.673,0.00,0.00,72.96,0.00,
6.568,15,0.0,1.4,0.0,0.0,178,2244,4,5060,5057,108,21.7,21.8,24.5,25.0,25.0,0,15.40,15.40,18.7,36.7,72,0.99,64.0,57.8,-0.6,1.01,11,34,96,-0.715,-14.75,0,3,0.00,0.031,301.9921,27.000,-2.700,0.000,0.000,0.000,0.000,0.000,3.163,37.5100,37.55,1.0659,0.0,66.50,66.100,0,0.00,0.00,131072.00,72.593,0.050,0.109,0.000,-0.058,89.700,90.400,-0.018,2.001,-8.593,0.00,0.00,72.96,0.00,
6.649,15,0.0,1.4,0.0,0.0,178,2247,4,5060,5060,108,21.7,22.3,25.0,25.0,24.5,0,15.35,15.19,18.3,37.5,72,0.99,64.0,55.2,-0.7,1.01,11,34,96,-0.740,-14.75,0,3,0.00,0.030,302.1459,26.800,-2.700,0.000,0.000,0.000,0.000,0.000,3.119,37.4000,37.21,1.0659,0.0,66.40,66.800,0,0.00,0.00,131072.00,72.000,0.050,0.109,0.000,-0.058,90.100,90.400,-0.048,1.477,-9.356,0.00,0.00,72.96,0.00,
6.729,15,0.0,1.4,0.0,0.0,178,2250,4,5060,5074,108,21.7,22.3,25.0,24.5,24.5,0,14.39,14.20,18.3,37.5,72,0.99,64.0,56.1,-0.7,0.99,11,34,96,-0.788,-14.75,0,3,0.00,0.031,307.1337,25.900,-2.700,0.000,0.000,0.000,0.000,0.000,3.307,39.3600,38.65,1.0655,0.0,64.40,66.500,0,0.00,0.00,131072.00,73.218,0.050,0.109,0.000,-0.058,90.400,89.600,0.061,0.988,-6.787,0.00,0.00,72.96,0.00,
6.809,15,0.0,1.3,0.0,0.0,178,2254,4,5060,5049,108,21.0,21.3,24.0,24.5,24.0,0,13.86,13.79,19.9,40.5,72,0.99,68.0,58.0,-0.8,0.99,12,34,95,-0.829,-14.75,0,3,0.00,0.033,303.8818,27.000,-2.700,0.000,0.000,0.000,0.000,0.000,3.757,43.0300,41.86,1.0654,0.0,70.40,73.200,0,0.00,0.00,131072.00,77.906,0.054,0.111,0.000,-0.056,89.900,88.200,0.122,0.854,2.526,0.00,0.00,72.96,0.00,
6.892,18,0.0,1.3,0.0,0.0,178,2265,4,5060,5037,108,19.5,19.8,23.5,17.7,17.7,0,13.89,13.98,20.3,43.5,72,0.99,72.0,65.7,-0.7,1.01,13,34,94,-0.829,-14.75,0,3,0.00,0.037,298.5864,28.300,-2.700,0.000,0.000,0.000,0.000,0.000,4.852,50.7300,47.70,1.0660,0.0,78.60,83.500,0,0.00,0.00,131072.00,87.156,0.048,0.111,0.000,-0.062,88.200,88.000,0.030,1.416,13.470,0.00,0.00,72.96,0.00,
6.979,19,0.0,1.3,0.0,0.0,178,2281,4,5060,5028,108,13.5,13.8,12.3,13.8,16.9,0,14.43,14.47,24.6,53.2,72,0.99,92.0,78.9,-0.8,1.01,16,35,93,-0.650,-14.75,0,3,0.00,0.044,289.4677,30.700,-2.700,0.000,0.000,0.000,0.000,0.000,6.317,56.8200,55.66,1.0684,0.0,97.70,105.400,0,0.00,0.00,131072.00,101.968,0.048,0.115,0.000,-0.066,88.600,93.300,0.000,2.136,11.260,0.00,0.00,72.82,0.00,
7.060,20,0.0,1.4,0.0,0.0,178,2304,4,5060,5029,108,13.5,13.8,10.9,13.8,10.9,0,14.88,14.95,28.5,59.2,72,0.99,104.0,88.3,-0.7,1.03,17,35,92,-0.597,-14.75,0,3,0.00,0.175,284.3481,32.000,-2.700,0.000,0.000,0.000,0.000,0.000,7.290,62.4800,62.08,1.0733,0.0,110.60,119.300,0,0.00,0.00,131072.00,113.718,0.044,0.121,0.000,-0.076,90.900,98.500,0.079,2.734,11.425,0.00,0.00,72.82,0.00,
7.139,21,0.0,1.4,0.0,0.3,178,2307,4,5060,4996,108,9.7,9.8,11.2,11.5,10.8,0,14.98,14.97,29.6,65.2,72,0.99,112.0,101.3,-0.6,1.03,19,35,91,-0.446,-14.75,0,3,0.00,0.640,281.4916,34.100,-2.700,0.000,0.000,0.000,0.000,0.000,7.985,68.9600,68.42,1.0796,0.0,125.80,130.400,0,0.00,0.00,131072.00,126.250,0.080,0.142,0.000,-0.062,99.500,101.400,-0.054,3.314,9.204,0.00,0.00,72.67,0.00,
7.218,22,0.0,1.6,0.0,0.6,178,2312,4,5060,5034,108,8.2,8.8,11.5,11.5,11.5,0,14.66,14.66,33.5,69.7,72,0.99,124.0,119.5,-0.2,1.05,21,35,90,-0.159,-14.75,0,3,0.00,0.722,278.2397,32.800,-2.700,0.000,0.000,0.000,0.000,0.000,8.230,70.7500,71.22,1.0878,0.0,139.00,138.700,0,0.00,0.00,131072.00,134.468,0.101,0.166,0.000,-0.064,100.000,101.500,0.097,3.857,9.185,0.00,0.00,72.38,0.00,
7.300,22,0.0,1.8,0.0,0.7,178,2310,4,5059,5090,108,8.2,8.3,11.0,11.0,11.0,0,14.42,14.39,34.7,71.2,72,0.99,128.0,126.3,0.0,1.01,21,35,89,0.085,-14.75,0,3,0.00,0.848,279.3383,32.300,-2.700,0.000,0.000,0.000,0.000,0.000,8.618,72.5700,72.08,1.0968,0.0,143.60,143.900,0,0.00,0.00,131072.00,140.031,0.101,0.179,0.000,-0.078,100.800,101.500,0.061,4.364,8.538,0.00,0.00,72.09,0.00,
7.379,22,0.0,2.0,0.0,0.8,178,2309,4,5056,5037,108,8.2,8.8,11.5,11.5,11.5,0,14.14,14.14,35.1,72.0,72,0.99,128.0,129.5,0.0,0.97,21,35,88,0.232,-14.75,0,3,0.00,0.877,279.3383,32.600,-2.700,0.000,0.000,0.000,0.000,0.000,8.637,72.2300,73.00,1.1052,0.0,146.20,145.700,0,0.00,0.00,131072.00,141.656,0.089,0.185,0.000,-0.095,101.100,101.500,0.000,4.827,6.921,0.00,0.00,71.95,0.00,
7.480,22,0.0,2.4,0.0,0.8,178,2328,4,5053,5039,108,9.7,10.1,12.0,12.0,12.0,0,14.47,14.50,35.1,72.0,72,0.99,128.0,128.5,0.0,0.99,19,35,88,0.063,-14.75,0,3,0.00,0.823,278.5034,32.800,-1.900,0.000,0.000,0.000,0.000,0.000,8.568,71.6600,72.06,1.1150,0.0,147.30,144.800,0,0.00,0.00,131072.00,142.093,0.064,0.187,0.000,-0.123,101.200,101.500,0.000,5.291,5.480,0.00,0.00,72.09,0.00,
7.559,22,0.0,2.6,0.0,0.8,177,2337,4,5051,5031,108,9.7,10.1,12.0,12.0,12.0,0,14.95,14.95,34.3,71.2,72,0.99,128.0,126.5,0.0,1.03,19,36,88,0.135,-14.75,0,3,0.00,0.968,277.3168,33.100,-1.900,0.000,0.000,0.000,0.000,0.000,8.599,72.6100,71.76,1.1213,0.0,145.00,145.600,0,0.00,0.00,131072.00,143.031,0.052,0.189,0.000,-0.136,101.200,102.200,0.000,5.584,4.772,0.00,0.00,72.09,0.00,
7.639,22,0.0,2.7,0.0,1.0,177,2341,4,5049,5057,108,9.7,10.1,12.0,12.0,12.0,0,14.80,14.73,34.3,72.0,72,0.99,128.0,127.8,0.1,1.03,19,36,87,0.182,-14.75,0,3,0.00,1.003,276.9653,33.200,-1.900,0.000,0.000,0.000,0.000,0.000,8.729,72.8000,73.00,1.1273,0.0,145.60,147.600,0,0.00,0.00,131072.00,144.656,0.050,0.197,0.000,-0.146,101.700,102.400,0.048,5.902,5.169,0.00,0.00,71.95,0.00,
7.719,22,0.0,2.8,0.0,0.9,178,2361,4,5048,5036,108,9.7,10.1,12.0,12.0,12.0,0,14.43,14.35,34.7,72.7,72,0.99,132.0,127.6,0.1,1.02,18,36,87,0.031,-14.75,0,3,0.00,0.843,275.8447,32.800,-1.900,0.000,0.000,0.000,0.000,0.000,8.622,71.3800,72.61,1.1318,0.0,148.60,144.700,0,0.00,0.00,131072.00,144.812,0.031,0.195,0.000,-0.164,101.800,102.400,0.000,6.121,4.125,0.00,0.00,72.24,0.00,
7.799,22,0.0,3.0,0.0,0.6,177,2361,4,5047,5032,108,9.7,10.1,12.0,12.0,12.0,0,14.14,14.14,33.9,71.2,72,0.99,128.0,121.1,0.0,0.97,17,36,88,-0.027,-14.75,0,3,0.00,0.537,277.9541,31.900,-1.900,0.000,0.000,0.000,0.000,0.000,8.169,68.0800,69.46,1.1361,0.0,145.00,136.800,0,0.00,0.00,131072.00,141.250,0.000,0.179,0.000,-0.191,102.100,101.800,-0.054,6.158,-2.459,0.00,0.00,72.24,0.00,
7.881,21,0.0,3.2,0.0,0.3,177,2371,4,5046,5037,108,10.5,11.1,13.0,13.0,13.0,0,14.17,14.19,32.8,67.5,72,0.99,124.0,114.8,-0.1,0.96,16,36,88,-0.215,-14.75,0,3,0.00,0.221,279.8876,31.000,-1.900,0.000,0.000,0.000,0.000,0.000,7.597,64.1000,65.60,1.1397,0.0,137.00,127.700,0,0.00,0.00,131072.00,134.812,0.000,0.152,0.000,-0.210,102.000,100.700,-0.115,5.645,-13.562,0.00,0.00,72.38,0.00,
7.950,19,0.0,3.3,0.0,0.1,177,2386,4,5046,5042,108,11.2,11.6,12.9,13.4,13.5,0,14.46,14.47,30.4,63.7,72,0.99,116.0,106.4,-0.5,0.96,15,37,89,-0.571,-14.75,0,3,0.00,0.047,280.4589,30.800,-1.900,0.000,0.000,0.000,0.000,0.000,6.973,59.4700,63.22,1.1408,0.0,128.10,126.600,0,0.00,0.00,131072.00,127.906,0.000,0.136,0.000,-0.195,101.300,98.100,-0.134,4.833,-18.823,0.00,0.00,72.82,0.00,
8.030,16,0.0,3.4,0.0,0.0,177,2392,4,5045,5024,108,12.0,12.1,14.5,14.0,14.5,0,14.97,14.97,29.2,60.7,72,0.99,112.0,103.7,-0.7,1.00,14,37,90,-0.587,-14.75,0,3,0.00,0.042,282.3266,29.900,-1.900,0.000,0.000,0.000,0.000,0.000,4.961,48.1500,54.45,1.1409,0.0,118.80,103.500,0,0.00,0.00,131072.00,113.500,0.000,0.123,0.000,-0.171,98.700,93.500,-0.146,0.000,-24.157,0.00,0.00,72.82,0.00,
8.099,13,0.0,3.5,0.0,0.0,177,2382,4,5044,5054,108,9.7,9.9,9.4,9.9,9.3,0,14.78,14.72,24.2,48.7,72,0.99,92.0,92.2,-0.6,1.00,12,37,94,-0.567,-14.75,0,3,0.00,0.035,293.5327,27.400,-1.900,0.000,0.000,0.000,0.000,0.000,3.191,38.6200,41.43,1.1405,0.0,87.80,73.500,0,0.00,0.00,131072.00,94.718,0.000,0.113,0.000,-0.154,95.100,90.200,-0.097,0.000,-20.581,0.00,0.00,72.82,0.00,
8.179,13,0.0,3.4,0.0,0.0,177,2375,4,5044,5092,107,18.7,19.4,20.7,19.2,20.7,0,14.39,14.34,18.3,35.2,72,0.99,64.0,70.6,0.0,1.00,10,37,96,-0.021,-14.75,0,3,0.00,0.027,307.6171,24.000,-1.900,0.000,0.000,0.000,0.000,0.000,2.401,31.9600,32.63,1.1354,0.0,59.70,50.400,0,0.00,0.00,131072.00,76.156,0.000,0.111,0.000,-0.136,91.100,93.500,0.091,0.000,-16.204,0.00,0.00,72.24,0.00,
8.260,11,0.0,3.2,0.0,0.0,177,2393,4,5043,5009,107,20.2,20.5,21.4,20.5,20.5,0,13.80,13.80,14.0,28.5,72,0.99,52.0,53.5,0.1,1.00,8,37,97,-0.125,-14.75,0,3,0.00,0.027,312.8027,25.800,-1.900,0.000,0.000,0.000,0.000,0.000,1.978,25.2100,25.85,1.1268,0.0,41.20,32.200,0,0.00,0.00,131072.00,62.437,0.000,0.109,0.000,-0.123,94.600,100.500,-0.061,-0.231,-15.667,0.00,0.00,72.38,0.00,
8.339,7,0.0,2.9,0.0,0.0,177,2397,4,5042,5004,107,9.7,10.1,10.1,13.6,11.2,0,13.47,13.47,12.8,21.7,72,0.99,40.0,52.8,0.0,1.00,7,37,99,-0.172,-14.75,0,3,0.00,0.021,322.8222,4.000,0.000,0.000,0.000,0.000,0.000,0.000,1.315,15.0500,17.48,1.1178,0.0,11.80,3.500,0,0.00,0.00,131072.00,44.812,0.000,0.107,0.000,-0.111,104.500,109.400,0.750,0.000,-31.677,0.00,0.00,72.38,0.00,
8.420,6,0.0,2.6,0.0,0.0,177,2374,4,3980,4863,107,6.0,6.3,6.6,12.3,12.3,0,13.53,13.58,7.4,12.7,72,0.99,20.0,66.0,0.4,1.00,5,37,99,0.129,-14.75,0,3,0.00,0.017,324.6459,4.000,0.000,0.000,0.000,0.000,0.000,0.000,1.007,12.7800,12.38,1.1055,0.0,-7.10,-10.600,0,0.00,0.00,131072.00,31.468,0.007,0.107,0.000,-0.099,113.600,116.900,0.750,0.000,-31.677,0.00,0.00,72.09,0.00,
8.502,6,0.0,2.4,0.0,0.0,177,2362,4,2900,4740,107,34.5,34.5,34.5,36.5,35.0,0,13.93,13.98,5.4,12.0,72,0.99,20.0,88.3,0.5,1.00,2,37,99,-0.337,-14.75,0,3,0.00,0.017,324.6899,4.000,0.000,0.000,0.000,0.000,0.000,0.000,1.040,12.6500,12.43,1.0927,0.0,-7.90,-7.600,0,0.00,0.00,131072.00,27.250,0.019,0.107,0.000,-0.087,118.800,117.500,0.750,0.000,-31.677,0.00,0.00,72.53,0.00,
8.579,6,0.0,2.1,0.0,0.0,177,2386,4,2355,4623,107,22.5,22.8,17.1,18.8,17.1,0,14.16,14.16,5.8,12.7,72,0.99,24.0,87.6,-0.2,1.00,3,37,99,-0.551,-14.75,0,3,0.00,0.018,324.2285,4.000,0.000,0.000,0.000,0.000,0.000,0.000,1.015,12.5500,12.95,1.0811,0.0,-7.90,-6.800,0,0.00,0.00,131072.00,25.937,0.027,0.107,0.000,-0.080,120.300,117.500,0.750,0.000,-31.677,0.00,0.00,72.82,0.00,
8.661,6,0.0,2.0,0.0,0.0,177,2397,4,2120,4503,107,22.5,23.1,23.7,23.1,18.9,0,14.35,14.38,5.8,12.0,72,0.99,20.0,80.4,-0.5,0.97,3,37,99,-0.526,-14.75,0,3,0.00,0.018,324.5141,4.000,0.000,0.000,0.000,0.000,0.000,0.000,0.994,12.4900,12.50,1.0697,0.0,-8.10,-7.400,0,0.00,0.00,131072.00,25.687,0.033,0.107,0.000,-0.074,119.900,117.500,0.750,0.000,-31.677,0.00,0.00,72.67,0.00,
8.742,4,0.0,1.9,0.0,0.0,177,2387,4,2019,4385,107,24.7,24.8,22.0,22.3,22.0,0,14.54,14.68,5.8,12.0,72,0.99,20.0,76.2,-0.6,0.99,4,37,99,-0.490,-14.75,0,3,0.00,0.018,324.4921,4.000,0.000,0.000,0.000,0.000,0.000,0.000,0.974,12.3800,12.27,1.0610,0.0,-10.20,-11.500,0,0.00,0.00,131072.00,25.281,0.035,0.107,0.000,-0.072,119.900,117.500,0.750,0.000,-31.677,0.00,0.00,72.67,0.00,
8.830,3,0.0,1.8,0.0,0.0,177,2365,4,1975,4271,107,9.0,9.4,11.2,7.0,7.0,0,14.83,14.82,5.4,12.0,72,0.99,20.0,79.6,-0.6,1.02,4,37,99,-0.520,-14.75,0,3,0.00,0.017,324.2724,4.000,0.000,0.000,0.000,0.000,0.000,0.000,0.963,12.3500,12.22,1.0532,0.0,-14.80,-15.900,0,0.00,0.00,131072.00,25.000,0.042,0.107,0.000,-0.064,120.000,117.500,0.750,0.000,-31.677,0.00,0.00,72.67,0.00,
8.909,2,0.0,1.7,0.0,0.0,177,2340,4,1955,4140,107,0.0,-0.7,0.4,-0.7,1.5,0,14.78,14.77,5.8,12.0,72,0.99,20.0,73.1,-0.6,1.01,4,37,20,-0.543,-14.75,0,3,0.00,0.017,324.4482,4.000,0.000,0.000,0.000,0.000,0.000,0.000,0.952,12.3300,12.17,1.0454,0.0,-19.40,-17.900,0,0.00,0.00,131072.00,24.656,0.048,0.107,0.000,-0.058,119.700,117.500,1.165,0.000,199.993,0.00,0.00,72.67,0.00,
8.989,1,0.0,1.6,0.0,0.0,177,2315,4,1948,4034,108,-4.5,-5.1,-7.3,-6.2,-7.3,0,14.69,14.67,5.8,12.0,72,0.99,20.0,77.3,-0.7,1.00,4,37,20,-0.557,-14.75,0,3,0.00,0.017,324.4042,4.000,0.000,0.000,0.000,0.000,0.000,0.000,0.937,12.3000,12.01,1.0315,0.0,-22.10,-23.800,0,0.00,0.00,131072.00,24.375,0.052,0.107,0.000,-0.054,119.800,117.500,-3.588,0.000,199.993,0.00,0.00,72.82,0.00,
9.059,0,0.0,1.5,0.0,0.0,177,2298,4,1945,3928,108,-12.0,-12.5,-12.5,-12.5,-11.7,0,14.75,14.75,5.8,12.0,72,0.99,20.0,74.3,-0.7,1.01,4,37,20,-0.573,-14.75,0,3,0.00,0.017,324.4262,4.000,0.000,0.000,0.000,0.000,0.000,0.000,0.937,12.2900,12.06,1.0189,0.0,-23.40,-26.000,0,0.00,0.00,131072.00,24.125,0.056,0.107,0.000,-0.050,119.500,117.500,-4.425,0.000,199.993,0.00,0.00,72.82,0.00,
9.139,0,0.0,1.4,0.0,0.0,177,2301,4,1944,3834,108,-12.0,-12.5,-12.5,-12.5,-12.5,0,15.31,15.64,5.8,12.0,72,0.99,20.0,74.9,-0.7,1.05,4,36,20,-0.622,-14.75,0,3,0.00,0.017,324.1625,4.000,0.000,0.000,0.000,0.000,0.000,0.000,0.937,12.3100,11.90,1.0098,0.0,-23.80,-32.400,0,0.00,0.00,131072.00,24.031,0.062,0.107,0.000,-0.044,119.000,117.500,-3.002,0.164,-9.301,0.00,0.00,72.82,0.00,
9.219,0,0.0,1.2,0.0,0.0,177,2334,4,1943,3720,108,-12.0,-12.5,-12.5,-12.5,-12.5,0,17.25,17.25,5.8,12.0,72,0.99,20.0,72.0,-0.8,1.18,4,36,20,-0.638,-14.75,0,3,0.00,0.017,323.5913,4.000,0.000,0.000,0.000,0.000,0.000,0.000,0.963,12.3400,12.08,1.0063,0.0,-25.70,-32.600,0,0.00,0.00,131072.00,24.218,0.066,0.107,0.000,-0.041,118.700,117.500,0.067,-0.469,-4.467,0.00,0.00,72.82,0.00,
9.299,0,0.0,1.1,0.0,0.0,177,2342,4,1943,3600,108,-12.0,-12.0,-12.0,-12.0,-12.0,0,16.66,16.54,5.4,12.0,72,0.99,20.0,63.2,-0.8,1.17,4,36,20,-0.609,-14.75,0,3,0.00,0.017,323.5693,4.000,0.000,0.000,0.000,0.000,0.000,0.000,0.963,12.3300,11.98,1.0052,0.0,-26.80,-35.400,0,0.00,0.00,131072.00,24.406,0.070,0.107,0.000,-0.037,118.900,117.500,-0.030,-0.744,-4.687,0.00,0.00,72.82,0.00,
9.379,0,0.0,1.1,0.0,0.0,177,2330,4,1943,3485,108,-12.0,-12.5,-12.0,-12.5,-12.0,0,15.99,15.82,5.4,12.0,72,0.99,20.0,62.7,-0.7,1.08,4,36,20,-0.577,-14.75,0,3,0.00,0.017,323.9208,4.000,0.000,0.000,0.000,0.000,0.000,0.000,0.963,12.3200,12.08,1.0051,0.0,-28.80,-37.200,0,0.00,0.00,131072.00,24.375,0.074,0.107,0.000,-0.033,118.600,117.500,0.000,-0.994,-3.955,0.00,0.00,72.82,0.00,
9.460,0,0.0,1.0,0.0,0.0,177,2320,4,1943,3372,108,-12.0,-12.5,-12.5,-12.5,-12.5,0,14.95,14.96,5.4,12.0,72,0.99,20.0,57.0,-0.7,1.02,5,36,20,-0.568,-14.75,0,3,0.00,0.017,324.0966,4.000,0.000,0.000,0.000,0.000,0.000,0.000,0.963,12.3100,12.08,1.0051,0.0,-28.70,-37.600,0,0.00,0.00,131072.00,24.250,0.078,0.107,0.000,-0.029,118.100,117.500,-0.030,-1.232,-4.467,0.00,0.00,72.82,0.00,
9.540,0,0.0,0.9,0.0,0.0,177,2314,4,1943,3266,108,-12.0,-12.5,-12.5,-12.5,-12.5,0,15.05,15.10,5.8,12.0,72,0.99,20.0,45.6,-0.7,1.06,5,36,20,-0.588,-14.75,0,3,0.00,0.017,323.8110,4.000,0.000,0.000,0.000,0.000,0.000,0.000,0.963,12.3100,12.10,1.0051,0.0,-28.70,-37.500,0,0.00,0.00,131072.00,24.187,0.082,0.107,0.000,-0.025,118.400,117.500,-81.170,0.000,-200.000,0.00,0.00,72.82,0.00,
9.619,0,0.0,0.8,0.0,0.0,177,2317,4,1943,3174,108,-3.7,-4.0,-4.0,-4.0,-4.0,0,15.45,15.57,5.8,12.0,72,0.99,20.0,40.6,-0.7,1.00,5,36,99,-0.593,-14.75,0,3,0.00,0.017,0.0000,14.300,0.000,0.000,0.000,0.000,0.000,0.000,0.963,12.3100,12.07,1.0051,0.0,-33.10,-36.800,0,0.00,0.00,131072.00,24.156,0.083,0.107,0.000,-0.023,118.000,117.500,4.498,0.000,-200.000,0.00,0.00,72.82,0.00,
9.702,0,0.0,0.8,0.0,0.0,177,2307,4,1943,3181,108,-3.7,-4.0,-4.0,-4.0,-4.0,0,15.46,15.42,5.8,12.0,72,0.99,20.0,38.7,-0.6,1.00,5,36,99,-0.618,-14.75,0,3,0.00,0.017,0.0000,14.200,0.000,0.000,0.000,0.000,0.000,0.000,0.963,12.3000,12.17,1.0057,0.0,-35.80,-35.800,0,0.00,0.00,131072.00,24.093,0.085,0.107,0.000,-0.021,118.200,117.500,4.797,0.000,-200.000,0.00,0.00,72.82,0.00,
9.779,0,0.0,0.7,0.0,0.0,177,2305,4,1943,3186,108,-3.7,-4.0,-4.0,-4.0,-4.0,0,16.01,16.25,5.8,12.0,72,0.99,20.0,38.8,-0.6,1.00,5,36,99,-0.618,-14.75,0,3,0.00,0.017,0.0000,14.200,0.000,0.000,0.000,0.000,0.000,0.000,0.963,12.3000,12.12,1.0072,0.0,-35.50,-35.500,0,0.00,0.00,131072.00,24.000,0.087,0.107,0.000,-0.019,118.200,117.500,4.467,-6.610,-118.341,0.00,0.00,72.82,0.00,
9.849,0,0.0,0.7,0.0,0.0,177,2310,4,1943,3189,108,-3.7,-4.0,-4.0,-4.0,-4.0,0,18.05,18.33,5.8,12.0,72,0.99,20.0,38.7,-0.6,1.00,5,36,99,-0.618,-14.75,0,3,0.00,0.017,0.0000,14.200,0.000,0.000,0.000,0.000,0.000,0.000,0.963,12.3000,12.15,1.0091,0.0,-35.50,-35.500,0,0.00,0.00,131072.00,24.031,0.087,0.107,0.000,-0.019,118.100,117.500,4.364,-7.220,-53.204,0.00,0.00,72.82,0.00,
9.929,0,0.0,0.7,0.0,0.0,177,2305,4,1943,3194,108,-3.7,-4.0,-4.0,-4.0,-4.0,0,19.11,19.11,5.8,12.0,72,0.99,20.0,39.3,-0.6,1.00,5,36,99,-0.634,-14.75,0,3,0.00,0.017,0.0000,14.200,0.000,0.000,0.000,0.000,0.000,0.000,0.963,12.3000,12.17,1.0115,0.0,-35.30,-35.300,0,0.00,0.00,131072.00,24.000,0.087,0.107,0.000,-0.019,117.900,117.500,4.364,-7.220,-53.204,0.00,0.00,72.82,0.00,
10.009,0,0.0,0.7,0.0,0.0,177,2299,4,1943,3199,108,-3.7,-4.0,-4.0,-4.0,-4.0,0,19.11,19.11,5.8,12.0,72,0.99,20.0,38.4,-0.7,1.00,5,36,99,-0.645,-14.75,0,3,0.00,0.017,0.0000,14.200,0.000,0.000,0.000,0.000,0.000,0.000,0.963,12.2900,12.17,1.0130,0.0,-35.20,-35.200,0,0.00,0.00,131072.00,23.968,0.087,0.107,0.000,-0.019,117.900,117.500,4.364,-7.220,-53.204,0.00,0.00,72.82,0.00,
10.089,0,0.0,0.8,0.0,0.0,177,2293,4,1943,3202,108,-3.7,-4.0,-4.0,-4.0,-4.0,0,19.11,19.11,5.8,12.0,72,0.99,20.0,44.4,-0.6,1.00,5,35,99,-0.650,-14.75,0,3,0.00,0.017,0.0000,14.200,0.000,0.000,0.000,0.000,0.000,0.000,0.963,12.2800,12.25,1.0138,0.0,-35.10,-35.100,0,0.00,0.00,131072.00,23.875,0.085,0.107,0.000,-0.021,118.000,117.500,4.364,-7.220,-53.204,0.00,0.00,72.82,0.00,
10.180,0,0.0,0.8,0.0,0.0,177,2283,4,1943,3204,108,-3.7,-4.0,-4.0,-4.0,-4.0,0,19.11,19.11,5.8,12.0,72,0.99,20.0,44.9,-0.6,1.00,5,35,99,-0.625,-14.75,0,3,0.00,0.017,0.0000,14.100,0.000,0.000,0.000,0.000,0.000,0.000,0.952,12.2800,12.18,1.0147,0.0,-34.80,-34.900,0,0.00,0.00,131072.00,23.750,0.085,0.107,0.000,-0.021,117.800,117.500,4.364,-7.220,-53.204,0.00,0.00,72.82,0.00,
10.260,0,0.0,0.8,0.0,0.0,177,2276,4,1943,3209,108,-3.7,-4.0,-4.0,-4.0,-4.0,0,19.11,19.11,5.8,12.0,72,0.99,20.0,45.6,-0.6,1.00,5,35,99,-0.638,-14.75,0,3,0.00,0.017,0.0000,14.100,0.000,0.000,0.000,0.000,0.000,0.000,0.944,12.2700,12.10,1.0148,0.0,-34.80,-34.800,0,0.00,0.00,131072.00,23.656,0.085,0.107,0.000,-0.021,117.900,117.500,4.364,-7.220,-53.204,0.00,0.00,72.82,0.00,
10.340,0,0.0,0.7,0.0,0.0,177,2270,4,1943,3212,108,-3.7,-4.0,-4.0,-3.5,-4.0,0,19.11,19.11,5.8,12.0,72,0.99,20.0,38.5,-0.6,1.00,5,35,99,-0.634,-14.75,0,3,0.00,0.017,0.0000,14.100,0.000,0.000,0.000,0.000,0.000,0.000,0.937,12.2600,12.01,1.0148,0.0,-34.70,-34.700,0,0.00,0.00,131072.00,23.593,0.087,0.107,0.000,-0.019,117.900,117.500,4.364,-7.220,-53.204,0.00,0.00,72.82,0.00,
10.419,0,0.0,0.8,0.0,0.0,177,2265,4,1943,3214,108,-3.7,-4.0,-4.0,-4.0,-4.0,0,19.11,19.11,5.8,12.0,72,0.99,20.0,40.3,-0.6,1.00,5,35,99,-0.625,-14.75,0,3,0.00,0.017,0.0000,14.100,0.000,0.000,0.000,0.000,0.000,0.000,0.937,12.2600,12.03,1.0148,0.0,-34.80,-34.800,0,0.00,0.00,131072.00,23.531,0.087,0.107,0.000,-0.019,118.000,117.500,4.364,-7.220,-53.204,0.00,0.00,72.82,0.00,
10.499,0,0.0,0.7,0.0,0.0,177,2260,4,1943,3217,108,-3.7,-4.0,-4.0,-4.0,-4.0,0,19.11,19.11,5.8,12.0,72,0.99,20.0,38.1,-0.6,1.00,5,35,99,-0.625,-14.75,0,3,0.00,0.017,0.0000,14.100,0.000,0.000,0.000,0.000,0.000,0.000,0.937,12.2500,12.11,1.0148,0.0,-34.90,-34.900,0,0.00,0.00,131072.00,23.437,0.087,0.107,0.000,-0.019,117.900,117.500,4.364,-7.220,-53.204,0.00,0.00,72.82,0.00,
10.589,0,0.0,0.8,0.0,0.0,177,2249,4,1943,3222,108,-3.7,-4.0,-4.0,-4.0,-4.0,0,19.11,19.11,5.8,12.0,72,0.99,20.0,34.4,-0.6,1.00,5,35,99,-0.620,-14.75,0,3,0.00,0.017,0.0000,14.000,0.000,0.000,0.000,0.000,0.000,0.000,0.937,12.2400,12.18,1.0148,0.0,-34.90,-34.900,0,0.00,0.00,131072.00,23.343,0.085,0.107,0.000,-0.021,118.000,117.500,4.364,-7.220,-53.204,0.00,0.00,72.82,0.00,
10.669,0,0.0,0.8,0.0,0.0,178,2241,4,1943,3222,108,-4.5,-4.5,-4.5,-4.5,-4.5,0,19.11,19.11,5.8,12.0,72,0.99,20.0,40.1,-0.6,1.00,5,35,99,-0.620,-14.75,0,3,0.00,0.017,0.0000,14.000,0.000,0.000,0.000,0.000,0.000,0.000,0.933,12.2400,12.16,1.0148,0.0,-35.00,-35.000,0,0.00,0.00,131072.00,23.250,0.085,0.107,0.000,-0.021,117.800,117.500,4.364,-7.220,-53.204,0.00,0.00,72.82,0.00,
10.749,0,0.0,0.8,0.0,0.0,178,2235,4,1943,3225,108,-4.5,-4.5,-4.5,-4.5,-4.5,0,19.11,19.11,5.8,12.0,72,0.99,20.0,42.5,-0.6,1.00,5,35,99,-0.622,-14.75,0,3,0.00,0.017,0.0000,14.000,0.000,0.000,0.000,0.000,0.000,0.000,0.922,12.2300,12.07,1.0148,0.0,-35.00,-35.000,0,0.00,0.00,131072.00,23.125,0.085,0.107,0.000,-0.021,117.700,117.500,4.364,-7.220,-53.204,0.00,0.00,72.82,0.00,
10.833,0,0.0,0.8,0.0,0.0,178,2235,4,1943,3227,108,-4.5,-4.5,-4.5,-4.5,-4.5,0,19.11,19.11,5.8,12.0,72,0.99,20.0,41.6,-0.6,1.00,5,35,99,-0.612,-14.75,0,3,0.00,0.018,0.0000,14.000,0.000,0.000,0.000,0.000,0.000,0.000,0.926,12.2300,12.08,1.0148,0.0,-35.10,-35.100,0,0.00,0.00,131072.00,23.093,0.085,0.107,0.000,-0.021,117.500,117.500,4.364,-7.220,-53.204,0.00,0.00,72.82,0.00,
10.919,0,0.0,0.8,0.0,0.0,178,2226,4,1943,3230,108,-4.5,-4.5,-4.5,-4.5,-4.5,0,19.11,19.11,5.8,12.0,72,0.99,20.0,41.5,-0.6,1.00,5,34,99,-0.601,-14.75,0,3,0.00,0.018,0.0000,14.000,0.000,0.000,0.000,0.000,0.000,0.000,0.926,12.2200,12.18,1.0148,0.0,-35.10,-35.100,0,0.00,0.00,131072.00,23.031,0.085,0.107,0.000,-0.021,117.800,117.500,4.364,-7.220,-53.204,0.00,0.00,72.82,0.00,
10.999,0,0.0,0.8,0.0,0.0,178,2220,4,1943,3232,110,-4.5,-4.5,-4.5,-4.5,-4.5,0,19.11,19.11,5.8,12.0,72,0.99,20.0,51.6,-0.6,1.00,5,34,99,-0.619,-14.75,0,3,0.00,0.018,0.0000,13.900,0.000,0.000,0.000,0.000,0.000,0.000,0.922,12.2100,12.17,1.0148,0.0,-35.20,-35.200,0,0.00,0.00,131072.00,22.937,0.085,0.107,0.000,-0.021,118.000,117.500,4.364,-7.220,-53.204,0.00,0.00,72.82,0.00,
11.080,0,0.0,0.8,0.0,0.0,178,2213,4,1943,3235,110,-4.5,-4.5,-4.5,-4.5,-4.5,0,19.11,19.11,5.8,12.0,72,0.99,20.0,47.4,-0.6,1.00,5,34,99,-0.628,-14.75,0,3,0.00,0.018,0.0000,13.900,0.000,0.000,0.000,0.000,0.000,0.000,0.915,12.2100,12.08,1.0148,0.0,-35.10,-35.100,0,0.00,0.00,131072.00,22.843,0.085,0.107,0.000,-0.021,117.800,117.500,4.364,-7.220,-53.204,0.00,0.00,72.82,0.00,
11.158,0,0.0,0.8,0.0,0.0,178,2208,4,1943,3237,110,-4.5,-4.5,-4.5,-4.5,-4.5,0,19.11,19.11,5.8,12.0,72,0.99,20.0,37.2,-0.6,1.00,5,34,99,-0.637,-14.75,0,3,0.00,0.017,0.0000,13.900,0.000,0.000,0.000,0.000,0.000,0.000,0.915,12.2000,12.15,1.0149,0.0,-35.20,-35.100,0,0.00,0.00,131072.00,22.781,0.085,0.107,0.000,-0.021,117.500,117.500,4.364,-7.220,-53.204,0.00,0.00,72.82,0.00,
11.240,0,0.0,0.7,0.0,0.0,178,2201,4,1943,3239,110,-4.5,-4.5,-4.5,-4.5,-4.5,0,19.11,19.11,5.8,12.0,72,0.99,20.0,43.7,-0.6,1.00,4,34,99,-0.644,-14.75,0,3,0.00,0.017,0.0000,13.900,0.000,0.000,0.000,0.000,0.000,0.000,0.915,12.1900,12.12,1.0149,0.0,-35.20,-35.200,0,0.00,0.00,131072.00,22.718,0.085,0.107,0.000,-0.021,118.100,117.500,4.364,-7.220,-53.204,0.00,0.00,72.82,0.00,
11.319,0,0.0,0.8,0.0,0.0,178,2194,4,1943,3242,110,-4.5,-4.5,-4.5,-4.5,-4.5,0,19.11,19.11,5.8,12.0,72,0.99,20.0,44.5,-0.7,1.00,4,34,99,-0.644,-14.75,0,3,0.00,0.017,0.0000,13.900,0.000,0.000,0.000,0.000,0.000,0.000,0.904,12.1900,12.03,1.0149,0.0,-35.50,-35.200,0,0.00,0.00,131072.00,22.625,0.085,0.107,0.000,-0.021,117.400,117.500,4.364,-7.220,-53.204,0.00,0.00,72.82,0.00,
11.399,0,0.0,0.8,0.0,0.0,178,2189,4,1943,3242,110,-3.7,-4.0,-4.5,-4.0,-4.5,0,19.11,19.11,5.8,12.0,72,0.99,20.0,40.7,-0.6,1.00,4,34,99,-0.619,-14.75,0,3,0.00,0.017,0.0000,13.800,0.000,0.000,0.000,0.000,0.000,0.000,0.904,12.1800,12.07,1.0149,0.0,-36.00,-36.000,0,0.00,0.00,131072.00,22.531,0.085,0.107,0.000,-0.021,117.500,117.500,4.364,-7.220,-53.204,0.00,0.00,72.82,0.00,
11.479,0,0.0,0.8,0.0,0.0,178,2181,4,1943,3243,110,-4.5,-4.5,-4.5,-4.5,-4.5,0,19.11,19.11,5.8,12.0,72,0.99,20.0,42.6,-0.6,1.00,4,34,99,-0.601,-14.75,0,3,0.00,0.017,0.0000,13.800,0.000,0.000,0.000,0.000,0.000,0.000,0.904,12.1800,12.05,1.0149,0.0,-36.00,-36.000,0,0.00,0.00,131072.00,22.437,0.085,0.107,0.000,-0.021,117.300,117.500,4.364,-7.220,-53.204,0.00,0.00,72.82,0.00,
11.561,0,0.0,0.8,0.0,0.0,179,2176,4,1943,3247,110,-4.5,-4.5,-4.5,-4.5,-4.5,0,19.11,19.11,5.8,12.0,72,0.99,20.0,37.8,-0.6,1.00,4,34,99,-0.628,-14.75,0,3,0.00,0.017,0.0000,13.800,0.000,0.000,0.000,0.000,0.000,0.000,0.896,12.1700,12.16,1.0149,0.0,-36.00,-36.000,0,0.00,0.00,131072.00,22.375,0.085,0.107,0.000,-0.021,117.700,117.500,4.364,-7.220,-53.204,0.00,0.00,72.82,0.00,
11.640,0,0.0,0.8,0.0,0.0,179,2170,4,1943,3248,110,-4.5,-4.5,-4.5,-4.5,-4.5,0,19.11,19.11,6.2,12.0,72,0.99,20.0,32.1,-0.6,1.00,4,34,99,-0.653,-14.75,0,3,0.00,0.018,0.0000,13.800,0.000,0.000,0.000,0.000,0.000,0.000,0.896,12.1600,12.03,1.0148,0.0,-36.10,-36.000,0,0.00,0.00,131072.00,22.312,0.085,0.107,0.000,-0.021,117.300,117.500,4.364,-7.220,-53.204,0.00,0.00,72.82,0.00,
11.719,0,0.0,0.8,0.0,0.0,179,2162,4,1943,3250,110,-4.5,-5.0,-5.0,-5.0,-5.0,0,19.11,19.11,5.8,12.0,72,0.99,20.0,46.6,-0.6,1.00,4,34,99,-0.653,-14.75,0,3,0.00,0.018,0.0000,13.800,0.000,0.000,0.000,0.000,0.000,0.000,0.896,12.1600,12.17,1.0148,0.0,-36.00,-36.000,0,0.00,0.00,131072.00,22.218,0.085,0.107,0.000,-0.021,117.600,117.500,4.364,-7.220,-53.204,0.00,0.00,72.82,0.00,
11.802,0,0.0,0.8,0.0,0.0,179,2158,4,1943,3250,110,-4.5,-5.0,-5.0,-5.0,-5.0,0,19.11,19.11,6.2,12.0,72,0.99,20.0,42.7,-0.6,1.00,4,33,99,-0.632,-14.75,0,3,0.00,0.018,0.0000,13.600,0.000,0.000,0.000,0.000,0.000,0.000,0.885,12.1500,11.91,1.0148,0.0,-36.20,-36.100,0,0.00,0.00,131072.00,22.125,0.085,0.107,0.000,-0.021,117.000,117.500,4.364,-7.220,-53.204,0.00,0.00,72.82,0.00,
11.890,0,0.0,0.8,0.0,0.0,179,2150,4,1943,3253,110,-4.5,-4.5,-4.5,-4.5,-4.5,0,19.11,19.11,5.8,11.2,72,0.99,16.0,43.8,-0.6,1.00,4,33,99,-0.684,-14.75,0,3,0.00,0.017,0.0000,13.600,0.000,0.000,0.000,0.000,0.000,0.000,0.889,12.1400,12.05,1.0149,0.0,-36.40,-36.300,0,0.00,0.00,131072.00,22.062,0.085,0.107,0.000,-0.021,118.200,117.500,4.364,-7.220,-53.204,0.00,0.00,72.82,0.00,
11.969,0,0.0,0.8,0.0,0.0,179,2143,4,1943,3255,110,-4.5,-5.0,-5.0,-5.0,-5.0,0,19.11,19.11,6.2,12.0,72,0.99,20.0,42.8,-0.7,1.00,4,33,99,-0.689,-14.75,0,3,0.00,0.017,0.0000,13.700,0.000,0.000,0.000,0.000,0.000,0.000,0.889,12.1400,12.12,1.0149,0.0,-36.40,-36.400,0,0.00,0.00,131072.00,21.968,0.085,0.107,0.000,-0.021,117.100,117.500,4.364,-7.220,-53.204,0.00,0.00,72.82,0.00,
12.049,0,0.0,0.8,0.0,0.0,179,2138,4,1943,3257,110,-4.5,-4.5,-4.5,-5.0,-5.0,0,19.11,19.11,5.8,11.2,72,0.99,16.0,39.3,-0.7,1.00,4,33,99,-0.673,-14.75,0,3,0.00,0.015,0.0000,13.700,0.000,0.000,0.000,0.000,0.000,0.000,0.878,12.1300,11.96,1.0149,0.0,-36.30,-36.300,0,0.00,0.00,131072.00,21.875,0.085,0.107,0.000,-0.021,117.300,117.500,4.364,-7.220,-53.204,0.00,0.00,72.82,0.00,
12.129,0,0.0,0.7,0.0,0.0,179,2129,4,1943,3258,110,-4.5,-4.5,-4.5,-4.5,-4.5,0,19.11,19.11,6.2,11.2,72,0.99,16.0,50.4,-0.7,1.00,4,33,99,-0.700,-14.75,0,3,0.00,0.015,0.0000,13.700,0.000,0.000,0.000,0.000,0.000,0.000,0.878,12.1200,12.00,1.0149,0.0,-36.20,-36.200,0,0.00,0.00,131072.00,21.812,0.085,0.107,0.000,-0.021,118.000,117.500,4.364,-7.220,-53.204,0.00,0.00,72.96,0.00,
12.209,0,0.0,0.8,0.0,0.0,179,2126,4,1943,3260,110,-4.5,-5.0,-5.0,-5.0,-5.0,0,19.11,19.11,6.2,12.0,72,0.99,16.0,41.3,-0.7,1.00,4,33,99,-0.708,-14.75,0,3,0.00,0.016,0.0000,13.600,0.000,0.000,0.000,0.000,0.000,0.000,0.878,12.1200,12.13,1.0149,0.0,-36.30,-36.300,0,0.00,0.00,131072.00,21.750,0.085,0.107,0.000,-0.021,117.700,117.500,4.364,-7.220,-53.204,0.00,0.00,72.96,0.00,
12.289,0,0.0,0.8,0.0,0.0,179,2119,4,1943,3261,110,-4.5,-5.0,-5.0,-5.0,-5.0,0,19.11,19.11,6.2,12.0,72,0.99,16.0,39.9,-0.7,1.00,4,33,99,-0.678,-14.75,0,3,0.00,0.016,0.0000,13.600,0.000,0.000,0.000,0.000,0.000,0.000,0.878,12.1100,12.13,1.0149,0.0,-36.40,-36.400,0,0.00,0.00,131072.00,21.656,0.085,0.107,0.000,-0.021,117.200,117.500,4.364,-7.220,-53.204,0.00,0.00,72.82,0.00,
12.369,0,0.0,0.7,0.0,0.0,180,2110,3,1943,3263,110,-4.5,-5.0,-5.0,-5.0,-5.0,0,19.11,19.11,6.2,11.2,72,0.99,16.0,48.4,-0.7,1.00,4,33,99,-0.698,-14.75,0,3,0.00,0.015,0.0000,13.600,0.000,0.000,0.000,0.000,0.000,0.000,0.855,12.1000,11.77,1.0149,0.0,-36.30,-36.300,0,0.00,0.00,131072.00,21.562,0.087,0.107,0.000,-0.019,117.000,117.500,4.364,-7.220,-53.204,0.00,0.00,72.96,0.00,
12.450,0,0.0,0.7,0.0,0.0,180,2100,3,1943,3265,110,-4.5,-4.5,-4.5,-4.5,-4.5,0,19.11,19.11,6.2,11.2,72,0.99,16.0,41.4,-0.6,1.00,4,33,99,-0.664,-14.75,0,3,0.00,0.015,0.0000,13.600,0.000,0.000,0.000,0.000,0.000,0.000,0.855,12.7800,11.87,1.0144,0.0,-36.40,-28.400,0,8.00,8.00,131072.00,21.625,0.087,0.107,0.000,-0.019,117.000,117.500,4.364,-7.220,-53.204,0.00,0.00,72.82,0.00,
12.529,0,0.0,0.8,0.0,0.0,180,2091,3,3266,3258,110,0.0,0.7,-4.5,15.0,15.0,0,19.11,19.11,6.2,17.2,72,0.99,20.0,42.2,-0.7,1.00,4,32,99,-1.141,-14.75,0,3,0.00,0.032,320.3173,24.200,0.000,0.000,0.000,0.000,0.000,0.000,2.826,50.2000,36.60,1.0143,0.0,-13.60,34.500,0,8.00,8.00,131072.00,46.750,0.083,0.107,0.000,-0.023,116.300,113.400,4.364,-7.220,-53.204,0.00,0.00,73.40,0.00,
12.609,0,0.0,0.6,0.0,0.0,180,2171,3,3434,3399,110,-4.5,-5.2,-5.2,3.2,-4.5,0,19.11,19.11,31.2,65.2,72,0.99,108.0,63.3,-2.0,1.00,18,32,99,-1.648,-14.75,0,3,0.00,0.052,270.0659,39.700,-1.500,-1.500,-1.500,-1.500,0.000,0.000,3.603,54.9100,65.23,1.0164,0.0,87.30,106.000,0,8.00,8.00,131072.00,87.281,0.087,0.113,0.000,-0.025,110.100,108.300,4.364,-7.220,-53.204,0.00,0.00,73.83,0.00,
12.690,0,0.0,0.7,0.0,0.0,180,2342,3,3761,3950,110,3.7,3.9,-0.4,8.5,8.5,0,19.11,19.11,32.8,54.7,72,0.99,96.0,105.8,-0.9,1.00,18,32,99,-0.504,-14.75,0,3,0.00,0.045,277.8442,40.600,-1.500,-1.500,-1.500,-1.500,0.000,0.000,2.572,40.9800,43.77,1.0304,2.0,103.80,70.400,0,8.00,8.00,131072.00,96.312,0.083,0.113,0.000,-0.029,103.800,103.300,4.364,-7.220,-53.204,0.00,0.00,72.67,0.00,
12.769,0,0.0,1.1,0.0,0.0,180,2530,3,4233,4464,110,5.2,5.6,5.6,-4.5,2.6,0,19.11,19.11,16.7,26.2,72,0.99,48.0,89.8,0.0,1.00,12,32,98,-0.157,-14.75,0,3,0.00,0.023,318.0981,6.800,-1.500,-1.500,-1.500,-1.500,0.000,0.000,1.351,12.5600,15.02,1.0385,2.0,19.30,-11.700,0,8.00,8.00,131072.00,61.031,0.066,0.109,0.000,-0.042,99.700,106.800,-0.152,0.164,0.000,0.00,0.00,72.38,0.00,
12.861,0,0.0,1.3,0.0,0.0,180,2608,3,3656,4769,110,0.7,1.3,20.1,11.7,20.1,0,13.95,13.72,4.6,10.5,72,0.99,20.0,38.3,0.7,1.00,6,32,99,-0.123,-14.75,0,3,0.00,0.018,324.2285,4.000,-1.500,-1.500,-1.500,-1.500,0.000,0.000,1.169,12.6300,10.64,1.0374,2.0,-23.80,-27.700,0,8.00,8.00,131072.00,37.562,0.062,0.107,0.000,-0.044,108.800,115.100,-0.299,-0.036,-9.356,0.00,0.00,72.38,0.00,
12.943,0,0.0,1.3,0.0,0.0,180,2634,3,2623,4620,110,0.0,0.0,-1.0,-0.5,-1.0,0,12.57,12.53,5.0,12.0,72,0.99,24.0,22.8,0.2,1.00,5,32,20,-0.499,-14.75,0,3,0.00,0.018,323.4814,4.000,0.000,-1.500,-1.500,-1.500,0.000,0.000,1.174,12.6200,12.83,1.0324,2.0,-17.60,-33.600,0,0.00,0.00,131072.00,30.468,0.066,0.107,0.000,-0.041,116.100,117.500,7.287,0.000,199.993,0.00,0.00,72.67,0.00,
13.019,0,0.0,1.2,0.0,0.0,180,2612,3,2236,4472,110,-5.2,-5.5,-4.5,-6.5,-6.5,0,12.50,12.61,5.8,12.7,72,0.99,24.0,45.0,-0.1,1.00,5,32,20,-0.546,-14.75,0,3,0.00,0.018,323.3715,4.000,0.000,0.000,0.000,0.000,0.000,0.000,1.097,12.6000,12.98,1.0253,2.0,-19.80,-31.800,0,0.00,0.00,131072.00,28.593,0.068,0.107,0.000,-0.039,118.900,117.500,-2.404,0.000,199.993,0.00,0.00,72.67,0.00,
13.099,0,0.0,1.2,0.0,0.0,180,2597,3,2069,4325,110,-12.0,-12.0,-11.5,-12.0,-11.5,0,14.36,14.65,5.8,12.7,72,0.99,24.0,54.3,-0.3,1.00,5,32,20,-0.546,-14.75,0,3,0.00,0.018,323.5034,4.000,0.000,0.000,0.000,0.000,0.000,0.000,1.062,12.5800,12.62,1.0159,2.0,-21.50,-31.200,0,0.00,0.00,131072.00,27.875,0.070,0.107,0.000,-0.037,118.800,117.500,-4.266,0.000,199.993,0.00,0.00,72.67,0.00,
13.189,0,0.0,1.0,0.0,0.0,181,2582,3,1992,4176,110,-11.2,-11.5,-11.5,-11.5,-11.5,0,16.42,16.56,5.4,12.0,72,0.99,24.0,54.2,-0.4,1.14,5,32,20,-0.587,-14.75,0,3,0.00,0.018,322.9760,4.000,0.000,0.000,0.000,0.000,0.000,0.000,1.062,12.5800,12.53,1.0087,2.0,-25.00,-33.300,0,0.00,0.00,131072.00,27.500,0.074,0.107,0.000,-0.033,119.000,117.500,-2.740,-0.042,-10.253,0.00,0.00,72.82,0.00,
13.259,0,0.0,1.0,0.0,0.0,181,2584,3,1964,4028,110,-11.2,-11.5,-11.5,-11.5,-11.5,0,17.84,17.79,5.4,12.0,72,0.99,24.0,48.2,-0.5,1.25,5,32,20,-0.637,-14.75,0,3,0.00,0.017,322.3608,4.000,0.000,0.000,0.000,0.000,0.000,0.000,1.062,12.5800,12.42,1.0065,2.0,-25.00,-34.500,0,0.00,0.00,131072.00,27.406,0.078,0.107,0.000,-0.029,118.600,117.500,0.042,-0.585,-5.200,0.00,0.00,72.82,0.00,
13.340,0,0.0,0.9,0.0,0.0,181,2576,3,1952,3872,110,-11.2,-11.5,-11.5,-11.5,-11.5,0,16.95,16.82,5.4,12.0,72,0.99,24.0,42.9,-0.6,1.19,5,32,20,-0.684,-14.75,0,3,0.00,0.017,322.6464,4.000,0.000,0.000,0.000,0.000,0.000,0.000,1.062,12.5700,12.38,1.0057,2.0,-22.40,-32.000,0,0.00,0.00,131072.00,27.343,0.080,0.107,0.000,-0.027,118.600,117.500,-0.030,-0.872,-4.687,0.00,0.00,72.82,0.00,
13.418,0,0.0,0.9,0.0,0.0,181,2566,3,1947,3747,110,-11.2,-11.5,-11.5,-11.5,-11.5,0,16.59,16.52,5.4,12.0,72,0.99,24.0,49.6,-0.6,1.18,5,31,20,-0.740,-14.75,0,3,0.00,0.018,322.8002,4.000,0.000,0.000,0.000,0.000,0.000,0.000,1.062,12.5600,12.33,1.0057,2.0,-25.60,-31.800,0,0.00,0.00,131072.00,27.187,0.083,0.107,0.000,-0.023,118.200,117.500,0.000,-1.123,-4.028,0.00,0.00,72.96,0.00,
13.499,0,0.0,0.8,0.0,0.0,181,2558,3,1945,3609,110,-11.2,-11.5,-11.5,-11.5,-11.5,0,15.20,15.13,5.4,12.0,72,0.99,24.0,45.7,-0.7,1.12,5,31,20,-0.789,-14.75,0,3,0.00,0.018,323.1298,4.000,0.000,0.000,0.000,0.000,0.000,0.000,1.062,12.5500,12.23,1.0057,2.0,-24.40,-33.800,0,0.00,0.00,131072.00,27.093,0.083,0.107,0.000,-0.023,118.200,117.500,0.024,-1.367,-3.955,0.00,0.00,72.96,0.00,
13.581,0,0.0,0.8,0.0,0.0,181,2550,3,1943,3479,110,-11.2,-11.5,-11.5,-11.5,-11.5,0,14.94,15.08,5.4,12.0,72,0.99,24.0,36.3,-0.7,1.13,5,31,20,-0.830,-14.75,0,3,0.00,0.018,322.9101,4.000,0.000,0.000,0.000,0.000,0.000,0.000,1.062,12.5400,12.16,1.0057,2.0,-26.70,-36.000,0,0.00,0.00,131072.00,26.968,0.087,0.107,0.000,-0.019,118.400,117.500,-0.030,-1.580,-3.222,0.00,0.00,72.96,0.00,
13.662,0,0.0,0.7,0.0,0.0,181,2538,3,1943,3350,110,-11.2,-11.5,-11.5,-11.5,-11.5,0,14.71,14.68,5.4,12.0,72,0.99,20.0,39.4,-0.7,1.12,5,31,99,-0.846,-14.75,0,3,0.00,0.018,0.0000,15.300,0.000,0.000,0.000,0.000,0.000,0.000,1.062,12.5300,12.20,1.0057,2.0,-24.20,-35.700,0,0.00,0.00,131072.00,26.843,0.089,0.107,0.000,-0.017,118.200,117.500,4.449,0.000,-200.000,0.00,0.00,73.11,0.00,
13.741,0,0.0,0.7,0.0,0.0,181,2529,3,1943,3299,110,-1.5,-2.0,-2.0,-2.0,-2.0,0,14.84,15.05,5.4,12.0,72,0.99,20.0,44.9,-0.8,1.00,5,31,99,-0.873,-14.75,0,3,0.00,0.018,0.0000,15.200,0.000,0.000,0.000,0.000,0.000,0.000,1.062,12.5200,12.22,1.0057,2.0,-35.40,-35.400,0,0.00,0.00,131072.00,26.718,0.089,0.107,0.000,-0.017,118.400,117.500,4.473,0.000,-200.000,0.00,0.00,73.11,0.00,
13.819,0,0.0,0.6,0.0,0.0,181,2520,3,1943,3303,110,-1.5,-2.0,-2.0,-2.0,-2.0,0,15.22,15.29,5.4,12.0,72,0.99,20.0,35.3,-0.8,1.00,5,31,99,-0.907,-14.75,0,3,0.00,0.018,0.0000,15.200,0.000,0.000,0.000,0.000,0.000,0.000,1.062,12.5200,12.20,1.0068,2.0,-35.20,-35.100,0,0.00,0.00,131072.00,26.593,0.091,0.107,0.000,-0.015,118.400,117.500,4.553,-0.921,-200.000,0.00,0.00,73.11,0.00,
13.900,2,0.0,0.6,0.0,0.0,181,2529,3,1943,3306,110,-1.5,-1.8,-2.0,-1.8,-2.0,0,16.63,17.55,5.4,12.0,72,0.99,20.0,37.7,-0.8,1.00,5,31,99,-0.949,-14.75,0,3,0.00,0.017,323.4375,4.000,0.000,0.000,0.000,0.000,0.000,0.000,1.070,12.5200,12.23,1.0084,2.0,-35.00,-18.200,0,0.00,0.00,131072.00,26.593,0.091,0.107,0.000,-0.015,117.800,117.500,4.583,-7.446,-57.733,0.00,0.00,73.11,0.00,
13.979,3,0.0,0.6,0.0,0.0,181,2527,3,1943,3271,110,0.0,0.0,0.0,-0.9,-0.5,0,19.11,19.11,5.4,12.0,72,0.99,20.0,28.6,-0.9,1.00,5,31,99,-0.939,-14.75,0,3,0.00,0.018,322.6684,4.000,0.000,0.000,0.000,0.000,0.000,0.000,1.070,12.5200,12.20,1.0115,2.0,-21.80,-17.200,0,0.00,0.00,131072.00,26.593,0.091,0.107,0.000,-0.015,118.200,117.500,4.583,-7.446,-57.733,0.00,0.00,73.11,0.00,
14.060,3,0.0,0.6,0.0,0.0,181,2539,3,1943,3143,110,2.2,2.3,2.5,2.6,2.5,0,19.11,19.11,5.4,12.0,72,0.99,24.0,26.4,-0.9,1.00,5,31,99,-0.928,-14.75,0,3,0.00,0.018,322.6245,4.000,0.000,0.000,0.000,0.000,0.000,0.000,1.083,12.5400,12.27,1.0138,2.0,-17.50,-17.500,0,0.00,0.00,131072.00,26.718,0.091,0.107,0.000,-0.015,117.800,117.500,4.583,-7.446,-57.733,0.00,0.00,73.11,0.00,
14.142,3,0.0,0.6,0.0,0.0,181,2532,3,1943,3016,110,2.2,2.5,2.5,3.8,3.8,0,19.11,19.11,5.4,12.0,72,0.99,24.0,28.4,-0.9,1.00,5,31,99,-0.934,-14.75,0,3,0.00,0.018,322.6904,4.000,0.000,0.000,0.000,0.000,0.000,0.000,1.083,12.5200,12.28,1.0153,2.0,-15.80,-15.300,0,0.00,0.00,131072.00,26.687,0.091,0.107,0.000,-0.015,117.600,117.500,4.583,-7.446,-57.733,0.00,0.00,73.11,0.00,
14.219,3,0.0,0.6,0.0,0.0,182,2528,3,1943,2895,110,0.7,1.1,1.1,6.4,6.5,0,19.11,19.11,5.4,12.0,72,0.99,24.0,28.8,-0.8,1.00,5,31,99,-0.920,-14.75,0,3,0.00,0.017,322.4926,4.000,0.000,0.000,0.000,0.000,0.000,0.000,1.083,12.5200,12.35,1.0160,2.0,-13.20,-13.300,0,0.00,0.00,131072.00,26.625,0.091,0.107,0.000,-0.015,117.600,117.500,4.583,-7.446,-57.733,0.00,0.00,73.11,0.00,
14.299,3,0.0,0.6,0.0,0.0,182,2515,3,1943,2776,110,2.2,2.5,2.1,2.5,2.1,0,19.11,19.11,5.4,12.0,72,0.99,24.0,30.1,-0.8,1.00,5,31,99,-0.900,-14.75,0,3,0.00,0.017,322.4487,4.000,0.000,0.000,0.000,0.000,0.000,0.000,1.083,12.5100,12.45,1.0169,2.0,-12.90,-12.800,0,0.00,0.00,131072.00,26.531,0.091,0.107,0.000,-0.015,117.700,117.500,4.583,-7.446,-57.733,0.00,0.00,73.11,0.00,
14.379,3,0.0,0.6,0.0,0.0,182,2500,3,1943,2657,110,1.5,1.6,1.6,1.8,1.8,0,18.56,18.24,5.4,12.0,72,0.99,24.0,28.1,-0.8,1.00,5,31,99,-0.915,-14.75,0,3,0.00,0.017,322.2070,4.000,0.000,0.000,0.000,0.000,0.000,0.000,1.083,12.4900,12.42,1.0177,2.0,-12.90,-12.800,0,0.00,0.00,131072.00,26.375,0.091,0.107,0.000,-0.015,117.500,117.500,4.583,-7.446,-57.733,0.00,0.00,73.11,0.00,
14.469,3,0.0,0.6,0.0,0.0,182,2498,3,1943,2523,110,1.5,2.2,2.5,2.2,1.9,0,16.36,16.20,5.4,12.0,72,0.99,20.0,28.8,-0.7,1.00,5,30,99,-0.912,-14.75,0,3,0.00,0.018,322.0532,4.000,0.000,0.000,0.000,0.000,0.000,0.000,1.075,12.4900,12.37,1.0186,2.0,-12.80,-12.800,0,0.00,0.00,131072.00,26.281,0.091,0.107,0.000,-0.015,117.600,117.500,4.583,-7.446,-57.733,0.00,0.00,73.11,0.00,
14.549,3,0.0,0.6,0.0,0.0,182,2496,3,1943,2405,110,1.5,2.2,2.2,1.7,1.7,0,15.34,15.23,5.4,12.0,72,0.99,20.0,27.9,-0.7,1.00,5,30,99,-0.898,-14.75,0,3,0.00,0.018,321.7236,5.500,0.000,0.000,0.000,0.000,0.000,0.000,1.075,12.4800,12.36,1.0191,2.0,-12.80,-12.300,0,0.00,0.00,131072.00,26.218,0.091,0.107,0.000,-0.015,117.300,117.500,4.583,-7.446,-57.733,0.00,0.00,73.11,0.00,
14.630,4,0.0,0.6,0.0,0.0,182,2488,3,1943,2291,110,3.7,4.1,3.9,3.6,3.9,0,14.70,14.59,5.4,12.0,72,0.99,20.0,28.8,-0.7,0.92,5,30,99,-0.914,-14.75,0,3,0.00,0.018,322.3608,8.500,0.000,0.000,0.000,0.000,0.000,0.000,1.075,12.4800,12.38,1.0191,2.0,-11.40,-9.500,0,0.00,0.00,131072.00,26.156,0.091,0.107,0.000,-0.015,117.200,117.500,4.583,-7.446,-57.733,0.00,0.00,73.11,0.00,
14.709,6,0.0,0.6,0.0,0.0,182,2489,3,1943,2188,110,15.0,15.7,12.2,15.7,11.4,0,14.36,14.33,5.4,12.0,72,0.99,20.0,23.7,-0.7,0.93,5,30,99,-0.904,-14.75,0,3,0.00,0.017,321.9213,11.500,0.000,0.000,0.000,0.000,0.000,0.000,1.105,14.0600,12.75,1.0191,2.0,-6.00,-5.400,0,0.00,0.00,131072.00,26.937,0.091,0.107,0.000,-0.015,117.500,117.500,4.583,-7.446,-57.733,0.00,0.00,73.11,0.00,
14.779,8,0.0,0.6,0.0,0.0,182,2503,3,1943,2079,110,20.2,20.9,20.9,14.5,28.5,0,14.21,14.20,5.8,14.2,72,0.99,28.0,24.0,-0.8,0.96,6,30,99,-0.912,-14.75,0,3,0.00,0.020,319.4384,14.600,0.000,0.000,0.000,0.000,0.000,0.000,1.238,14.9100,14.75,1.0192,2.0,-0.20,2.200,0,0.00,0.00,131072.00,29.562,0.091,0.107,0.000,-0.015,117.300,116.900,4.583,-7.446,-57.733,0.00,0.00,73.11,0.00,
14.849,8,0.0,0.6,0.0,0.0,182,2504,3,1943,2014,110,21.7,21.8,21.1,21.5,21.5,0,14.24,14.25,6.6,14.2,72,0.99,28.0,27.2,-0.7,0.97,6,30,99,-0.891,-14.75,0,3,0.00,0.020,318.9550,16.500,0.000,0.000,0.000,0.000,0.000,0.000,1.250,14.9400,14.91,1.0205,2.0,2.60,2.700,0,0.00,0.00,131072.00,30.781,0.091,0.107,0.000,-0.015,116.600,116.800,4.583,-7.446,-57.733,0.00,0.00,73.11,0.00,
14.929,8,0.0,0.6,0.0,0.0,182,2505,3,1943,1963,110,21.7,21.8,21.8,21.8,21.8,0,14.36,14.38,6.6,14.2,72,0.99,28.0,26.8,-0.7,0.98,6,30,99,-0.904,-14.75,0,3,0.00,0.018,318.6694,16.600,0.000,0.000,0.000,0.000,0.000,0.000,1.264,16.0600,15.12,1.0212,2.0,2.70,3.200,0,0.00,0.00,131072.00,31.750,0.091,0.107,0.000,-0.015,116.400,116.800,4.583,-7.446,-57.733,0.00,0.00,73.11,0.00,
15.008,10,0.0,0.6,0.0,0.0,182,2506,3,1943,1971,110,16.5,16.5,21.2,16.6,16.6,0,14.48,14.49,7.4,15.7,72,0.99,28.0,25.3,-0.8,1.00,7,30,99,-0.961,-14.75,0,3,0.00,0.020,316.6259,17.600,0.000,0.000,0.000,0.000,0.000,0.000,1.457,18.1400,18.20,1.0220,2.0,8.60,10.800,0,0.00,0.00,131072.00,35.281,0.091,0.107,0.000,-0.015,116.300,115.900,4.583,-7.446,-57.733,0.00,0.00,73.11,0.00,
15.088,10,0.0,0.6,0.0,0.0,182,2500,3,1990,1985,110,27.7,28.0,28.0,28.0,28.0,0,14.48,14.48,8.2,18.0,72,0.99,32.0,30.8,-0.8,1.01,8,30,99,-0.909,-14.75,0,3,0.00,0.022,315.2856,20.800,0.000,0.000,0.000,0.000,0.000,0.000,1.480,18.5700,18.60,1.0236,2.0,13.70,13.500,0,0.00,0.00,131072.00,37.812,0.091,0.107,0.000,-0.015,115.500,115.300,4.583,-7.446,-57.733,0.00,0.00,73.11,0.00,
15.168,10,0.0,0.6,0.0,0.0,182,2498,3,2056,1982,110,27.0,27.5,27.5,28.0,27.5,0,14.39,14.37,8.5,18.0,72,0.99,32.0,32.2,-0.7,1.02,8,30,99,-0.929,-14.75,0,3,0.00,0.022,314.7802,22.300,0.000,0.000,0.000,0.000,0.000,0.000,1.625,21.7500,20.33,1.0252,2.0,14.90,17.500,0,0.00,0.00,131072.00,41.218,0.091,0.107,0.000,-0.015,114.800,113.300,4.583,-7.446,-57.733,0.00,0.00,73.11,0.00,
15.249,11,0.0,0.6,0.0,0.0,182,2504,3,2171,2106,110,30.0,30.5,30.0,31.0,31.0,0,14.10,14.05,9.7,21.0,72,0.99,40.0,36.2,-0.7,1.00,9,30,99,-0.954,-14.75,0,3,0.00,0.024,313.4179,23.400,0.000,0.000,0.000,0.000,0.000,0.000,1.742,22.1900,21.81,1.0269,2.0,21.40,21.100,0,0.00,0.00,131072.00,44.843,0.091,0.107,0.000,-0.015,112.500,111.000,4.583,-7.446,-57.733,0.00,0.00,73.11,0.00,
15.330,11,0.0,0.6,0.0,0.0,182,2514,3,2288,2240,110,30.7,31.0,31.0,31.0,31.0,0,13.73,13.70,10.1,21.7,72,0.99,40.0,39.1,-0.7,0.99,10,30,99,-0.925,-14.75,0,3,0.00,0.024,313.7475,26.700,0.000,0.000,0.000,0.000,0.000,0.000,1.759,22.1900,21.93,1.0290,2.0,22.00,21.600,0,0.00,0.00,131072.00,46.281,0.091,0.107,0.000,-0.015,110.500,110.500,4.583,-7.446,-57.733,0.00,0.00,73.11,0.00,
15.408,11,0.0,0.6,0.0,0.0,183,2519,3,2405,2306,110,30.7,31.0,31.0,31.0,31.0,0,13.74,13.75,10.1,21.7,72,0.99,40.0,39.9,-0.7,1.00,10,30,99,-0.884,-14.75,0,3,0.00,0.024,313.9892,26.100,0.000,0.000,0.000,0.000,0.000,0.000,1.759,22.1100,22.03,1.0305,2.0,22.20,22.100,0,0.00,0.00,131072.00,46.718,0.091,0.107,0.000,-0.015,109.800,110.400,0.024,0.061,0.744,0.00,0.00,73.11,0.00,
15.488,11,0.0,0.6,0.0,0.0,183,2516,3,2522,2472,110,30.7,31.0,31.0,31.0,31.0,0,13.78,13.79,10.1,21.7,72,0.99,40.0,39.5,-0.6,1.01,10,30,99,-0.888,-14.75,0,3,0.00,0.024,314.2309,25.600,0.000,0.000,0.000,0.000,0.000,0.000,1.759,22.7800,22.03,1.0313,2.0,22.40,22.100,0,0.00,0.00,131072.00,47.093,0.091,0.107,0.000,-0.015,109.300,109.900,0.000,0.146,2.020,0.00,0.00,73.11,0.00,
15.568,11,0.0,0.6,0.0,0.0,183,2510,3,2639,2651,110,30.7,31.0,31.0,31.0,31.0,0,13.79,13.79,10.5,23.2,72,0.99,44.0,39.0,-0.7,1.01,10,30,98,-0.954,-14.75,0,3,0.00,0.026,313.2641,22.100,0.000,0.000,0.000,0.000,0.000,0.000,1.890,24.1100,23.73,1.0321,2.0,26.40,26.600,0,0.00,0.00,131072.00,49.593,0.091,0.107,0.000,-0.015,108.500,107.000,0.012,0.476,6.964,0.00,0.00,73.11,0.00,
15.649,11,0.0,0.6,0.0,0.0,183,2515,3,2756,2840,110,30.7,31.0,31.0,31.0,31.0,0,13.73,13.72,10.9,23.2,72,0.99,44.0,43.2,-0.7,1.01,10,30,98,-0.872,-14.75,0,3,0.00,0.026,313.5937,22.400,0.000,0.000,0.000,0.000,0.000,0.000,1.905,24.1100,24.01,1.0335,2.0,27.80,28.100,0,0.00,0.00,131072.00,50.500,0.091,0.107,0.000,-0.015,105.900,106.500,0.012,0.939,7.940,0.00,0.00,73.11,0.00,
15.728,11,0.0,0.6,0.0,0.0,183,2511,3,2933,2979,110,30.7,31.0,31.0,31.0,31.0,0,13.72,13.72,10.9,24.0,72,0.99,44.0,42.3,-0.7,1.01,10,30,98,-0.881,-14.75,0,3,0.00,0.026,313.7036,21.700,0.000,0.000,0.000,0.000,0.000,0.000,1.905,24.7800,24.10,1.0343,2.0,28.20,28.100,0,0.00,0.00,131072.00,51.156,0.091,0.109,0.000,-0.017,105.600,105.800,0.073,1.403,8.093,0.00,0.00,73.11,0.00,
15.808,12,0.0,0.6,0.0,0.0,183,2508,3,3085,3130,110,30.7,31.0,31.0,31.0,31.0,0,13.66,13.65,11.3,24.0,72,0.99,48.0,42.0,-0.7,1.01,10,30,98,-0.918,-14.75,0,3,0.00,0.026,313.5498,21.800,0.000,0.000,0.000,0.000,0.000,0.000,1.950,25.0500,24.67,1.0355,2.0,30.10,29.500,0,0.00,0.00,131072.00,52.218,0.091,0.109,0.000,-0.017,104.400,104.800,0.012,1.904,8.245,0.00,0.00,73.11,0.00,
15.900,12,0.0,0.6,0.0,0.0,183,2510,3,3218,3250,110,30.7,31.0,31.0,31.0,31.0,0,13.59,13.58,11.3,24.0,72,0.99,44.0,42.5,-0.7,1.00,10,30,98,-0.877,-14.75,0,3,0.00,0.026,313.8134,22.800,0.000,0.000,0.000,0.000,0.000,0.000,1.963,24.9400,24.75,1.0366,2.0,30.30,30.300,0,0.00,0.00,131072.00,52.531,0.091,0.109,0.000,-0.017,104.000,104.700,0.024,2.270,5.541,0.00,0.00,73.11,0.00,
15.979,12,0.0,0.7,0.0,0.0,183,2513,3,3357,3401,110,30.7,31.0,31.0,31.0,31.0,0,13.54,13.52,11.3,24.7,72,0.99,48.0,43.2,-0.7,1.00,10,30,98,-0.862,-14.75,0,3,0.00,0.027,314.1210,22.900,0.000,0.000,0.000,0.000,0.000,0.000,1.963,24.8600,24.85,1.0375,2.0,30.70,30.800,0,0.00,0.00,131072.00,52.531,0.091,0.109,0.000,-0.017,103.800,104.700,0.000,2.618,5.096,0.00,0.00,73.11,0.00,
16.060,12,0.0,0.7,0.0,0.0,183,2513,3,3479,3516,110,30.7,31.0,31.0,31.0,31.0,0,13.48,13.48,11.3,24.7,72,0.99,48.0,43.6,-0.7,1.00,11,30,98,-0.846,-14.75,0,3,0.00,0.027,314.5825,22.600,0.000,0.000,0.000,0.000,0.000,0.000,1.985,26.1100,25.18,1.0383,2.0,30.50,29.500,0,0.00,0.00,131072.00,53.093,0.091,0.109,0.000,-0.017,103.800,104.000,0.085,2.923,6.072,0.00,0.00,73.11,0.00,
16.143,12,0.0,0.7,0.0,0.0,183,2513,3,3596,3623,110,30.0,30.5,30.5,30.5,31.0,0,13.47,13.47,11.3,26.2,72,0.99,48.0,43.8,-0.7,0.99,11,30,98,-0.830,-14.75,0,3,0.00,0.029,315.0878,23.400,0.000,0.000,0.000,0.000,0.000,0.000,2.068,26.9400,26.28,1.0393,2.0,33.70,33.700,0,0.00,0.00,131072.00,55.093,0.091,0.109,0.000,-0.017,102.600,102.200,0.012,3.363,7.348,0.00,0.00,72.96,0.00,
16.218,12,0.0,0.7,0.0,0.0,183,2521,3,3710,3748,110,30.0,30.5,30.5,30.5,30.5,0,13.50,13.51,12.1,27.0,72,0.99,52.0,45.9,-0.7,0.99,11,30,97,-0.868,-14.75,0,3,0.00,0.027,314.4946,24.100,0.000,0.000,0.000,0.000,0.000,0.000,2.146,27.2900,27.20,1.0400,2.0,35.90,36.100,0,0.00,0.00,131072.00,56.906,0.089,0.109,0.000,-0.019,101.300,101.000,-0.030,3.778,6.671,0.00,0.00,73.11,0.00,
16.301,13,0.0,0.7,0.0,0.0,183,2523,3,3822,3855,110,30.0,30.5,30.5,30.5,30.5,0,13.83,13.87,12.5,27.0,72,0.99,52.0,46.8,-0.7,1.00,11,31,97,-0.897,-14.75,0,3,0.00,0.027,313.5278,23.600,0.000,0.000,0.000,0.000,0.000,0.000,2.208,27.9600,27.95,1.0408,2.0,37.60,38.600,0,0.00,0.00,131072.00,58.500,0.089,0.109,0.000,-0.019,100.200,100.200,0.000,4.144,5.999,0.00,0.00,73.11,0.00,
16.379,13,0.0,0.7,0.0,0.0,183,2528,3,3933,3962,110,30.0,30.5,30.5,30.5,30.5,0,14.12,14.15,12.8,27.7,72,0.99,52.0,49.6,-0.7,1.00,12,30,97,-0.816,-14.75,0,3,0.00,0.027,313.4619,24.300,0.000,0.000,0.000,0.000,0.000,0.000,2.199,28.0000,27.72,1.0417,2.0,38.90,38.700,0,0.00,0.00,131072.00,59.250,0.089,0.109,0.000,-0.019,99.300,100.000,0.042,4.425,4.949,0.00,0.00,72.96,0.00,
16.448,13,0.0,0.7,0.0,0.0,183,2528,3,4033,4061,110,30.0,30.5,30.5,30.5,30.5,0,14.26,14.26,12.5,27.7,72,0.99,52.0,49.6,-0.6,0.99,12,31,97,-0.761,-14.75,0,3,0.00,0.027,314.0332,24.600,0.000,0.000,0.000,0.000,0.000,0.000,2.208,28.0000,27.82,1.0424,2.0,38.40,38.700,0,0.00,0.00,131072.00,59.468,0.087,0.109,0.000,-0.021,99.100,100.000,0.000,4.632,3.747,0.00,0.00,72.96,0.00,
16.529,13,0.0,0.8,0.0,0.0,184,2528,3,4108,4138,110,30.0,30.5,30.5,30.5,30.5,0,14.26,14.25,12.5,27.7,72,0.99,52.0,48.5,-0.6,0.99,11,31,97,-0.764,-14.75,0,3,0.00,0.029,314.2968,24.800,0.000,0.000,0.000,0.000,0.000,0.000,2.208,28.2700,27.73,1.0433,2.0,37.80,37.300,0,0.00,0.00,131072.00,59.656,0.085,0.109,0.000,-0.023,99.200,99.800,0.000,4.809,2.996,0.00,0.00,72.96,0.00,
16.609,13,0.0,0.8,0.0,0.0,184,2530,3,4199,4233,110,30.0,30.5,30.5,30.5,30.5,0,14.25,14.26,12.8,27.7,72,0.99,52.0,47.6,-0.7,0.98,11,31,97,-0.841,-14.75,0,3,0.00,0.029,314.6264,24.600,0.000,0.000,0.000,0.000,0.000,0.000,2.237,28.2700,27.95,1.0440,2.0,38.20,37.800,0,0.00,0.00,131072.00,60.000,0.085,0.109,0.000,-0.023,98.700,99.300,0.042,5.004,3.375,0.00,0.00,73.11,0.00,
16.689,13,0.0,0.8,0.0,0.0,184,2536,3,4301,4324,110,30.0,30.5,30.5,30.5,30.5,0,14.29,14.29,12.5,27.7,72,0.99,52.0,48.6,-0.7,0.98,11,31,97,-0.821,-14.75,0,3,0.00,0.029,314.9340,24.800,0.000,0.000,0.000,0.000,0.000,0.000,2.247,27.6800,28.11,1.0449,2.0,37.90,37.600,0,0.00,0.00,131072.00,60.031,0.085,0.109,0.000,-0.023,98.700,99.500,0.024,5.175,2.624,0.00,0.00,72.96,0.00,
16.768,12,0.0,0.8,0.0,0.0,184,2538,3,4373,4399,110,30.0,30.5,30.5,31.0,31.0,0,14.34,14.35,12.5,27.0,72,0.99,52.0,48.5,-0.6,0.99,11,31,97,-0.774,-14.75,0,3,0.00,0.029,315.2856,25.200,0.000,0.000,0.000,0.000,0.000,0.000,2.174,27.4100,27.10,1.0457,2.0,36.00,35.000,0,0.00,0.00,131072.00,58.906,0.085,0.109,0.000,-0.023,99.300,100.700,-0.048,5.236,-0.451,0.00,0.00,72.96,0.00,
16.849,12,0.0,0.8,0.0,0.0,184,2538,3,4449,4473,110,30.7,31.0,31.0,31.0,31.0,0,14.40,14.40,11.7,26.2,72,0.99,48.0,47.1,-0.7,0.99,11,31,97,-0.780,-14.75,0,3,0.00,0.029,316.6918,25.100,0.000,0.000,0.000,0.000,0.000,0.000,2.112,26.4700,26.23,1.0457,2.0,33.50,32.900,0,0.00,0.00,131072.00,57.343,0.085,0.109,0.000,-0.023,100.500,101.500,-0.030,5.102,-3.753,0.00,0.00,72.96,0.00,
16.929,12,0.0,0.8,0.0,0.0,184,2542,3,4529,4552,110,30.7,31.0,31.0,31.0,31.0,0,14.39,14.39,11.7,25.5,72,0.99,48.0,44.4,-0.7,1.00,10,31,97,-0.855,-14.75,0,3,0.00,0.029,316.8676,25.100,0.000,0.000,0.000,0.000,0.000,0.000,2.059,24.8600,25.48,1.0457,2.0,32.90,29.700,0,0.00,0.00,131072.00,55.906,0.085,0.109,0.000,-0.023,100.900,102.900,-0.048,4.779,-6.597,0.00,0.00,73.11,0.00,
17.009,10,0.0,0.8,0.0,0.0,184,2549,3,4594,4616,110,30.7,31.0,31.0,31.5,31.5,0,14.43,14.44,10.9,24.7,72,0.99,48.0,45.1,-0.6,1.00,10,31,98,-0.846,-14.75,0,3,0.00,0.027,317.5488,25.000,0.000,0.000,0.000,0.000,0.000,0.000,2.008,24.7400,24.96,1.0455,2.0,29.80,29.800,0,0.00,0.00,131072.00,54.406,0.085,0.109,0.000,-0.023,102.900,104.100,-0.079,4.205,-11.022,0.00,0.00,73.11,0.00,
17.089,10,0.0,0.8,0.0,0.0,184,2547,3,4648,4680,110,20.2,20.9,28.6,20.9,27.6,0,14.51,14.51,11.3,23.2,72,0.99,44.0,41.9,-0.7,1.00,10,31,98,-0.814,-14.75,0,3,0.00,0.025,318.6694,24.800,0.000,0.000,0.000,0.000,0.000,0.000,1.823,22.3500,22.43,1.0446,2.0,24.70,22.100,0,0.00,0.00,131072.00,50.906,0.087,0.109,0.000,-0.021,103.800,108.500,-0.018,3.405,-14.605,0.00,0.00,72.96,0.00,
17.169,10,0.0,0.8,0.0,0.0,184,2541,3,4705,4713,110,24.7,24.9,24.9,24.0,26.8,0,14.54,14.54,10.1,21.7,72,0.99,40.0,38.2,-0.7,1.01,9,31,99,-0.810,-14.75,0,3,0.00,0.025,319.8120,24.500,0.000,0.000,0.000,0.000,0.000,0.000,1.742,21.0300,21.20,1.0433,2.0,19.80,18.500,0,0.00,0.00,131072.00,47.437,0.083,0.107,0.000,-0.023,107.200,111.400,-0.836,2.539,-24.340,0.00,0.00,72.96,0.00,
17.261,10,0.0,0.8,0.0,0.0,184,2547,3,4700,4760,110,30.7,31.0,30.0,30.5,30.0,0,14.58,14.56,8.9,19.5,72,0.99,36.0,35.2,-0.7,1.01,8,31,99,-0.835,-14.75,0,3,0.00,0.023,321.4160,9.900,0.000,0.000,0.000,0.000,0.000,0.000,1.584,19.1000,19.02,1.0421,2.0,14.90,13.500,0,0.00,0.00,131072.00,43.062,0.083,0.107,0.000,-0.023,110.400,113.900,-0.836,2.539,-24.340,0.00,0.00,72.96,0.00,
17.338,9,0.0,0.8,0.0,0.0,184,2547,3,4113,4595,110,28.5,28.5,29.0,28.5,28.5,0,14.56,14.57,8.5,18.7,72,0.99,36.0,33.2,-0.7,1.02,8,31,99,-0.830,-14.75,0,3,0.00,0.023,321.4379,4.000,0.000,0.000,0.000,0.000,0.000,0.000,1.489,17.8900,17.57,1.0406,2.0,12.90,11.200,0,0.00,0.00,131072.00,40.468,0.085,0.107,0.000,-0.021,113.600,115.000,-0.836,2.539,-24.340,0.00,0.00,72.96,0.00,
17.418,9,0.0,0.8,0.0,0.0,184,2545,3,3102,4401,110,27.0,27.5,27.5,27.5,27.5,0,14.61,14.61,7.8,17.2,72,0.99,32.0,31.0,-0.7,1.02,7,31,99,-0.810,-14.75,0,3,0.00,0.023,321.7895,4.000,0.000,0.000,0.000,0.000,0.000,0.000,1.503,18.0000,17.85,1.0388,2.0,9.80,9.700,0,0.00,0.00,131072.00,39.156,0.083,0.107,0.000,-0.023,117.200,115.200,-0.836,2.539,-24.340,0.00,0.00,72.96,0.00,
17.500,9,0.0,0.8,0.0,0.0,185,2549,3,2449,4214,110,27.0,27.5,27.5,27.5,27.5,0,14.68,14.71,8.2,17.2,72,0.99,32.0,30.9,-0.7,1.03,7,31,99,-0.826,-14.75,0,3,0.00,0.023,321.5039,4.000,0.000,0.000,0.000,0.000,0.000,0.000,1.503,17.8600,17.77,1.0371,2.0,10.40,10.100,0,0.00,0.00,131072.00,38.562,0.083,0.107,0.000,-0.023,117.500,115.200,-0.836,2.539,-24.340,0.00,0.00,72.96,0.00,
17.578,9,0.0,0.8,0.0,0.0,185,2551,3,2161,4031,110,27.7,28.0,28.0,28.0,28.0,0,14.82,14.82,8.2,16.5,72,0.99,32.0,30.7,-0.7,1.05,7,31,99,-0.801,-14.75,0,3,0.00,0.022,321.8334,4.000,0.000,0.000,0.000,0.000,0.000,0.000,1.430,17.0500,16.91,1.0358,2.0,8.80,7.000,0,0.00,0.00,131072.00,37.250,0.085,0.107,0.000,-0.021,117.900,115.900,-0.836,2.539,-24.340,0.00,0.00,72.96,0.00,
17.660,9,0.0,0.8,0.0,0.0,185,2545,3,2036,3858,110,27.0,27.0,26.5,27.0,26.5,0,14.94,14.96,7.8,16.5,72,0.99,32.0,29.1,-0.7,1.06,7,31,99,-0.814,-14.75,0,3,0.00,0.022,321.2182,4.000,0.000,0.000,0.000,0.000,0.000,0.000,1.430,17.0100,17.23,1.0344,2.0,8.20,8.000,0,0.00,0.00,131072.00,36.656,0.085,0.107,0.000,-0.021,117.800,116.000,-0.836,2.539,-24.340,0.00,0.00,72.96,0.00,
17.740,8,0.0,0.8,0.0,0.0,185,2544,3,1983,3686,110,26.2,26.5,26.5,27.0,27.0,0,14.95,14.95,7.8,15.7,72,0.99,32.0,28.9,-0.8,1.06,7,31,99,-0.758,-14.75,0,3,0.00,0.022,321.8334,4.000,0.000,0.000,0.000,0.000,0.000,0.000,1.272,14.5400,14.96,1.0335,2.0,4.40,0.700,0,0.00,0.00,131072.00,34.250,0.085,0.107,0.000,-0.021,118.200,116.700,-0.836,2.539,-24.340,0.00,0.00,72.96,0.00,
17.819,7,0.0,0.8,0.0,0.0,185,2534,3,1960,3533,110,21.0,21.1,26.7,25.2,26.7,0,14.91,14.91,6.6,14.2,72,0.99,28.0,25.6,-0.7,1.06,6,31,99,-0.708,-14.75,0,3,0.00,0.020,322.4926,4.000,0.000,0.000,0.000,0.000,0.000,0.000,1.225,14.6400,14.51,1.0316,2.0,-0.80,-0.700,0,0.00,0.00,131072.00,32.031,0.083,0.107,0.000,-0.023,118.400,116.700,-0.836,2.539,-24.340,0.00,0.00,72.96,0.00,
17.913,7,0.0,0.8,0.0,0.0,185,2527,3,1950,3393,110,27.0,27.0,26.5,25.2,25.2,0,14.82,14.80,6.6,14.2,72,0.99,28.0,25.1,-0.8,1.07,6,31,99,-0.740,-14.75,0,3,0.00,0.020,322.4047,4.000,0.000,0.000,0.000,0.000,0.000,0.000,1.186,13.8000,13.95,1.0297,2.0,-1.40,-2.900,0,0.00,0.00,131072.00,30.906,0.085,0.107,0.000,-0.021,117.900,117.000,-0.836,2.539,-24.340,0.00,0.00,72.96,0.00,
17.999,3,0.0,0.8,0.0,0.0,185,2518,3,1945,3229,110,12.7,12.9,15.7,8.5,8.5,0,14.64,14.64,5.4,12.0,72,0.99,20.0,23.3,-0.6,1.06,6,31,99,-0.610,-14.75,0,3,0.00,0.018,323.3935,4.000,0.000,0.000,0.000,0.000,0.000,0.000,1.058,12.5000,12.27,1.0277,2.0,-15.50,-16.900,0,0.00,0.00,131072.00,27.625,0.085,0.107,0.000,-0.021,118.600,117.500,-0.836,2.539,-24.340,0.00,0.00,72.82,0.00,
18.079,0,0.0,0.8,0.0,0.0,185,2467,3,1944,3112,110,-1.5,-2.2,-1.1,-2.2,0.0,0,14.60,14.60,5.4,12.0,72,0.99,20.0,22.3,-0.5,1.06,6,31,20,-0.590,-14.75,0,3,0.00,0.018,323.5253,4.000,0.000,0.000,0.000,0.000,0.000,0.000,1.028,12.4400,12.23,1.0246,2.0,-19.90,-32.300,0,0.00,0.00,131072.00,26.406,0.085,0.107,0.000,-0.021,118.600,117.500,-0.531,0.000,199.993,0.00,0.00,72.82,0.00,
18.160,0,0.0,0.8,0.0,0.0,185,2433,3,1943,3005,110,-6.0,-6.6,-8.8,-7.7,-8.8,0,14.56,14.56,5.4,12.0,72,0.99,20.0,32.3,-0.4,1.06,5,31,20,-0.615,-14.75,0,3,0.00,0.018,323.5693,4.000,0.000,0.000,0.000,0.000,0.000,0.000,1.028,12.4300,12.37,1.0177,2.0,-22.80,-32.400,0,0.00,0.00,131072.00,25.718,0.087,0.107,0.000,-0.019,118.600,117.500,-3.869,0.000,199.993,0.00,0.00,72.82,0.00,
18.249,0,0.0,0.7,0.0,0.0,186,2452,3,1943,2883,110,-11.2,-11.5,-11.5,-11.5,-11.5,0,15.24,15.41,5.4,12.0,72,0.99,20.0,41.1,-0.6,1.12,5,30,20,-0.651,-14.75,0,3,0.00,0.018,323.0200,4.000,0.000,0.000,0.000,0.000,0.000,0.000,1.040,12.4600,12.26,1.0104,2.0,-23.90,-32.900,0,0.00,0.00,131072.00,25.593,0.089,0.107,0.000,-0.017,118.300,117.500,-4.571,0.000,142.895,0.00,0.00,72.82,0.00,
18.329,0,0.0,0.7,0.0,0.0,186,2494,3,1943,2772,110,-11.2,-11.5,-11.5,-11.5,-11.5,0,16.97,16.93,5.4,12.0,72,0.99,20.0,40.3,-0.6,1.25,5,30,20,-0.681,-14.75,0,3,0.00,0.018,321.8994,4.000,0.000,0.000,0.000,0.000,0.000,0.000,1.058,12.5000,12.23,1.0065,2.0,-24.80,-34.000,0,0.00,0.00,131072.00,25.906,0.089,0.107,0.000,-0.017,118.300,117.500,0.158,-0.286,-10.839,0.00,0.00,72.82,0.00,
18.409,0,0.0,0.6,0.0,0.0,186,2508,3,1943,2647,110,-11.2,-11.5,-11.5,-11.5,-11.5,0,16.12,16.10,5.4,12.0,72,0.99,20.0,32.7,-0.7,1.19,5,30,20,-0.719,-14.75,0,3,0.00,0.018,322.1411,4.000,0.000,0.000,0.000,0.000,0.000,0.000,1.058,12.4900,12.17,1.0053,2.0,-24.60,-34.000,0,0.00,0.00,131072.00,26.156,0.091,0.107,0.000,-0.015,118.000,117.500,3.906,0.000,-200.000,0.00,0.00,72.96,0.00,
18.490,0,0.0,0.6,0.0,0.0,186,2478,3,1943,2577,110,-2.2,-2.5,-2.5,-2.5,-2.5,0,16.30,16.30,5.4,12.0,72,0.99,20.0,38.2,-0.7,1.00,5,30,99,-0.774,-14.75,0,3,0.00,0.018,0.0000,15.000,0.000,0.000,0.000,0.000,0.000,0.000,1.058,12.4600,12.28,1.0054,2.0,-34.00,-33.900,0,0.00,0.00,131072.00,26.031,0.089,0.105,0.000,-0.015,118.500,117.500,4.919,0.000,-200.000,0.00,0.00,72.96,0.00,
18.569,0,0.0,0.6,0.0,0.0,186,2463,3,1943,2584,110,-2.2,-2.5,-2.5,-2.5,-2.5,0,16.12,16.16,5.4,12.0,72,0.99,20.0,35.6,-0.8,1.00,5,30,99,-0.758,-14.75,0,3,0.00,0.018,0.0000,14.900,0.000,0.000,0.000,0.000,0.000,0.000,1.058,12.4600,12.35,1.0063,2.0,-33.90,-33.900,0,0.00,0.00,131072.00,25.843,0.089,0.105,0.000,-0.015,118.200,117.500,4.742,0.000,-200.000,0.00,0.00,72.96,0.00,
18.649,0,0.0,0.5,0.0,0.0,186,2471,3,1943,2587,110,-2.2,-2.5,-2.5,-2.5,-2.5,0,17.56,18.05,5.4,12.0,72,0.99,20.0,34.2,-0.8,1.00,5,30,99,-0.798,-14.75,0,3,0.00,0.018,0.0000,15.000,0.000,0.000,0.000,0.000,0.000,0.000,1.058,12.4700,12.31,1.0081,2.0,-34.10,-26.400,0,0.00,0.00,131072.00,25.812,0.091,0.105,0.000,-0.013,118.100,117.500,4.626,-7.537,-59.863,0.00,0.00,72.96,0.00,
18.729,3,0.0,0.5,0.0,0.0,186,2460,3,1943,2591,110,-2.2,-2.5,-2.3,-2.3,-2.3,0,19.11,19.11,5.4,12.0,72,0.99,20.0,25.7,-0.8,1.00,5,30,99,-0.785,-14.75,0,3,0.00,0.018,323.0859,4.000,0.000,0.000,0.000,0.000,0.000,0.000,1.058,12.4500,12.38,1.0109,2.0,-30.80,-10.400,0,0.00,0.00,131072.00,25.750,0.091,0.105,0.000,-0.013,118.100,117.500,4.626,-7.537,-59.863,0.00,0.00,72.96,0.00,
18.810,6,0.0,0.6,0.0,0.0,186,2446,3,1943,2548,110,0.0,0.4,-0.2,0.4,-0.7,0,19.11,19.11,5.4,12.0,72,0.99,20.0,24.7,-0.8,1.00,6,30,99,-0.801,-14.75,0,3,0.00,0.020,320.6469,4.000,0.000,0.000,0.000,0.000,0.000,0.000,1.182,14.7100,14.21,1.0133,2.0,-13.20,-3.300,0,0.00,0.00,131072.00,27.843,0.089,0.105,0.000,-0.015,117.800,117.200,4.626,-7.537,-59.863,0.00,0.00,72.96,0.00,
18.889,10,0.0,0.6,0.0,0.0,187,2469,3,1943,2420,110,3.0,3.5,5.5,4.5,5.5,0,19.11,19.11,6.2,15.7,72,0.99,28.0,25.6,-0.9,1.00,6,30,99,-0.932,-14.75,0,3,0.00,0.023,317.9223,26.200,0.000,0.000,0.000,0.000,0.000,0.000,1.584,23.0500,20.30,1.0149,2.0,-2.20,8.200,0,0.00,0.00,131072.00,36.250,0.089,0.105,0.000,-0.015,116.900,114.700,4.626,-7.537,-59.863,0.00,0.00,73.11,0.00,
18.969,11,0.0,0.5,0.0,0.0,187,2485,3,2535,2515,110,12.0,12.5,11.1,18.9,18.9,0,19.11,19.11,10.1,23.2,72,0.99,44.0,35.9,-1.0,1.00,10,30,99,-0.866,-14.75,0,3,0.00,0.025,314.0551,22.700,0.000,0.000,0.000,0.000,0.000,0.000,1.737,22.7800,23.12,1.0181,2.0,22.60,24.300,0,0.00,0.00,131072.00,44.375,0.091,0.105,0.000,-0.013,114.300,110.200,4.626,-7.537,-59.863,0.00,0.00,73.11,0.00,
19.049,11,0.0,0.6,0.0,0.0,187,2507,3,2651,2750,110,15.7,16.0,17.5,16.0,17.3,0,19.11,19.11,10.5,23.2,72,0.99,44.0,40.3,-0.7,1.00,11,30,99,-0.794,-14.75,0,3,0.00,0.027,313.0664,21.700,0.000,0.000,0.000,0.000,0.000,0.000,1.774,23.8800,23.61,1.0220,2.0,24.50,27.300,0,0.00,0.00,131072.00,48.250,0.089,0.105,0.000,-0.015,109.500,107.100,4.626,-7.537,-59.863,0.00,0.00,72.96,0.00,
19.129,11,0.0,0.6,0.0,0.0,187,2435,3,2853,2921,110,30.0,30.5,30.0,30.0,30.0,0,19.11,18.78,10.9,22.5,72,0.99,44.0,41.9,-0.6,1.00,11,30,98,-0.737,-14.75,0,3,0.00,0.025,314.5605,20.900,0.000,0.000,0.000,0.000,0.000,0.000,1.750,23.8000,23.11,1.0258,0.0,27.20,26.600,0,0.00,0.00,131072.00,48.843,0.089,0.105,0.000,-0.015,105.600,106.600,0.073,0.183,3.814,0.00,0.00,72.96,0.00,
19.209,13,0.0,0.6,0.0,0.0,187,2422,3,3006,3045,110,30.0,30.0,30.0,30.0,30.0,0,15.70,15.47,10.5,22.5,72,0.99,40.0,39.4,-0.6,0.94,10,30,98,-0.851,-14.75,0,3,0.00,0.029,315.4394,22.000,0.000,0.000,0.000,0.000,0.000,0.000,2.035,28.7000,27.27,1.0280,2.0,28.10,35.200,0,0.00,0.00,131072.00,52.593,0.089,0.107,0.000,-0.017,105.300,103.600,0.054,0.524,8.111,0.00,0.00,73.11,0.00,
19.289,15,0.0,0.6,0.0,0.0,187,2477,3,3134,3184,110,17.2,17.6,17.6,30.0,30.0,0,14.38,14.37,12.5,30.7,72,0.99,56.0,46.6,-0.8,0.93,12,30,98,-0.943,-14.75,0,3,0.00,0.032,307.8808,22.300,0.000,0.000,0.000,0.000,0.000,0.000,2.440,33.3800,32.53,1.0305,2.0,45.20,49.600,0,0.00,0.00,131072.00,61.906,0.089,0.107,0.000,-0.017,101.700,98.800,0.103,1.184,13.775,0.00,0.00,73.11,0.00,
19.369,15,0.0,0.6,0.0,0.0,187,2490,3,3275,3319,110,13.5,13.7,19.1,18.1,19.1,0,14.34,14.37,15.2,33.7,72,0.99,64.0,59.9,-0.8,0.97,14,30,97,-0.774,-14.75,0,3,0.00,0.034,303.1127,24.000,0.000,0.000,0.000,0.000,0.000,0.000,2.614,34.2900,34.08,1.0353,2.0,57.60,55.700,0,0.00,0.00,131072.00,69.250,0.087,0.107,0.000,-0.019,96.000,94.300,0.122,1.794,8.453,0.00,0.00,72.96,0.00,
19.449,15,0.0,0.6,0.0,0.0,187,2456,3,3410,3469,110,27.0,27.5,27.0,27.5,27.0,0,14.58,14.63,15.2,33.0,72,0.99,60.0,65.6,-0.5,1.00,14,30,96,-0.699,-14.75,0,3,0.00,0.032,304.8925,23.700,0.000,0.000,0.000,0.000,0.000,0.000,2.604,34.2100,33.08,1.0391,0.0,54.70,54.700,0,0.00,0.00,131072.00,70.093,0.085,0.107,0.000,-0.021,92.600,93.000,-0.097,2.355,7.672,0.00,0.00,72.96,0.00,
19.529,15,0.0,0.7,0.0,0.0,187,2459,3,3548,3566,110,27.7,28.0,28.0,27.5,27.5,0,14.74,14.74,15.2,33.0,72,0.99,60.0,59.9,-0.6,1.01,14,30,96,-0.712,-14.75,0,3,0.00,0.032,303.6181,25.300,0.000,0.000,0.000,0.000,0.000,0.000,2.739,34.5600,33.31,1.0417,2.0,54.90,54.800,0,0.00,0.00,131072.00,70.750,0.083,0.107,0.000,-0.023,91.000,92.800,-0.018,2.832,7.147,0.00,0.00,72.96,0.00,
19.610,15,0.0,0.8,0.0,0.0,187,2487,3,3669,3654,110,27.0,27.5,27.5,27.5,27.5,0,14.50,14.47,15.2,33.0,72,0.99,64.0,59.5,-0.6,1.02,14,30,96,-0.660,-14.75,0,3,0.00,0.032,303.2446,25.900,0.000,0.000,0.000,0.000,0.000,0.000,2.816,34.5200,33.65,1.0434,2.0,56.20,56.300,0,0.00,0.00,131072.00,71.562,0.080,0.107,0.000,-0.027,90.900,92.800,0.000,3.216,6.005,0.00,0.00,72.82,0.00,
19.690,15,0.0,0.8,0.0,0.0,188,2474,3,3783,3809,110,27.0,27.5,27.5,27.5,27.5,0,14.27,14.21,15.2,33.0,72,0.99,64.0,58.9,-0.6,1.02,14,30,95,-0.647,-14.75,0,3,0.00,0.032,303.2006,25.900,0.000,0.000,0.000,0.000,0.000,0.000,2.850,34.5600,33.72,1.0456,2.0,56.20,56.300,0,0.00,0.00,131072.00,71.750,0.080,0.107,0.000,-0.027,91.200,92.700,-0.048,3.546,4.559,0.00,0.00,72.82,0.00,
19.769,15,0.0,0.8,0.0,0.0,188,2475,3,3889,3919,110,27.0,27.5,27.5,27.5,27.5,0,13.89,13.84,15.2,33.7,72,0.99,64.0,57.7,-0.6,1.02,13,30,95,-0.606,-14.75,0,3,0.00,0.032,303.4643,26.100,0.000,0.000,0.000,0.000,0.000,0.000,2.913,34.6400,34.06,1.0473,2.0,56.50,56.800,0,0.00,0.00,131072.00,71.843,0.078,0.107,0.000,-0.029,91.000,92.700,-0.018,3.857,5.395,0.00,0.00,72.82,0.00,
19.849,15,0.0,0.9,0.0,0.0,188,2492,3,3998,4026,110,27.0,27.0,27.5,27.5,27.5,0,13.60,13.52,15.6,33.7,72,0.99,64.0,58.0,-0.6,1.01,13,30,95,-0.660,-14.75,0,3,0.00,0.034,303.8598,25.700,0.000,0.000,0.000,0.000,0.000,0.000,2.942,34.6400,34.22,1.0488,2.0,56.90,57.200,0,0.00,0.00,131072.00,72.218,0.076,0.107,0.000,-0.031,91.300,92.500,0.012,4.156,5.017,0.00,0.00,72.82,0.00,
19.940,15,0.0,0.9,0.0,0.0,188,2491,3,4107,4138,110,27.0,27.0,27.0,27.0,27.0,0,13.32,13.29,15.6,33.7,72,0.99,64.0,57.7,-0.7,1.00,13,30,95,-0.663,-14.75,0,3,0.00,0.034,304.2333,26.500,0.000,0.000,0.000,0.000,0.000,0.000,2.889,32.9900,33.68,1.0505,2.0,57.50,54.300,0,0.00,0.00,131072.00,71.593,0.074,0.107,0.000,-0.033,91.200,92.900,-0.018,4.443,3.558,0.00,0.00,72.82,0.00,
20.019,14,0.0,1.0,0.0,0.0,188,2492,3,4211,4243,110,27.0,27.5,28.0,27.5,28.0,0,13.19,13.19,14.4,33.0,72,0.99,64.0,56.6,-0.7,0.99,12,30,95,-0.708,-14.75,0,3,0.00,0.032,306.1669,26.300,0.000,0.000,0.000,0.000,0.000,0.000,2.855,33.2600,33.11,1.0520,2.0,54.00,54.600,0,0.00,0.00,131072.00,70.343,0.072,0.107,0.000,-0.035,91.900,92.900,-0.048,4.516,0.451,0.00,0.00,72.96,0.00,
20.099,14,0.0,0.9,0.0,0.0,188,2507,3,4316,4348,110,27.7,28.0,26.2,28.0,26.2,0,13.17,13.17,14.8,32.2,72,0.99,60.0,57.6,-0.6,0.98,13,30,96,-0.750,-14.75,0,3,0.00,0.031,309.7924,25.900,0.000,0.000,0.000,0.000,0.000,0.000,2.793,32.5100,32.48,1.0527,2.0,52.00,51.400,0,0.00,0.00,131072.00,69.187,0.074,0.107,0.000,-0.033,92.300,93.500,-0.067,4.504,-1.141,0.00,0.00,72.96,0.00,
20.179,14,0.0,1.0,0.0,0.0,188,2506,3,4395,4427,110,28.5,28.5,28.5,28.5,28.5,0,13.27,13.29,14.8,31.5,72,0.99,60.0,56.2,-0.7,0.98,12,30,96,-0.733,-14.75,0,3,0.00,0.032,310.4956,26.200,0.000,0.000,0.000,0.000,0.000,0.000,2.739,32.1200,32.13,1.0530,2.0,50.00,50.000,0,0.00,0.00,131072.00,68.187,0.074,0.107,0.000,-0.033,93.400,94.300,-0.018,4.370,-3.332,0.00,0.00,72.96,0.00,
20.261,14,0.0,1.0,0.0,0.0,188,2504,3,4483,4513,110,28.5,28.5,28.5,28.5,28.5,0,13.47,13.47,14.8,31.5,72,0.99,60.0,56.0,-0.7,0.98,12,30,96,-0.733,-14.75,0,3,0.00,0.032,311.0229,26.200,0.000,0.000,0.000,0.000,0.000,0.000,2.710,31.8800,31.92,1.0530,2.0,49.80,49.100,0,0.00,0.00,131072.00,67.375,0.072,0.107,0.000,-0.035,93.700,94.400,-0.048,4.107,-5.297,0.00,0.00,72.96,0.00,
20.343,14,0.0,1.0,0.0,0.0,188,2516,3,4566,4595,110,28.5,29.0,29.0,29.0,29.0,0,13.86,13.91,14.4,31.5,72,0.99,60.0,54.2,-0.7,0.98,12,30,96,-0.823,-14.75,0,3,0.00,0.031,311.0668,26.000,0.000,0.000,0.000,0.000,0.000,0.000,2.691,31.7300,31.86,1.0530,2.0,49.50,49.100,0,0.00,0.00,131072.00,67.093,0.070,0.107,0.000,-0.037,93.900,94.400,0.000,3.784,-5.749,0.00,0.00,72.96,0.00,
20.598,14,0.0,1.0,0.0,0.0,188,2517,3,4654,4672,110,28.5,29.0,29.0,29.0,29.0,0,14.19,14.21,14.4,31.5,72,0.99,60.0,54.7,-0.8,0.97,12,30,96,-0.717,-14.75,0,3,0.00,0.025,319.5703,9.100,0.000,0.000,0.000,0.000,0.000,0.000,1.588,17.0800,19.36,1.0530,2.0,20.80,10.900,0,0.00,0.00,131072.00,50.281,0.074,0.107,0.000,-0.033,98.200,105.300,0.708,0.000,-44.311,0.00,0.00,72.96,0.00,
20.810,0,0.0,1.0,0.0,0.0,189,2436,3,2443,4529,108,0.0,-0.2,0.9,-1.3,-1.3,0,14.45,14.46,5.4,12.0,72,0.99,20.0,28.3,-0.2,0.99,5,31,20,-0.542,-14.75,0,3,0.00,0.017,324.4482,4.000,0.000,0.000,0.000,0.000,0.000,0.000,1.097,12.4400,12.82,1.0408,2.0,-19.50,-31.700,0,0.00,0.00,131072.00,26.656,0.074,0.105,0.000,-0.031,118.000,117.500,-0.457,0.000,199.993,0.00,0.00,72.67,0.00,
20.889,0,0.0,1.0,0.0,0.0,189,2460,3,2158,4409,108,-9.0,-9.0,-7.9,-9.0,-6.8,0,14.48,14.48,5.8,12.7,72,0.99,24.0,50.0,-0.4,0.99,5,30,20,-0.551,-14.75,0,3,0.00,0.018,323.8989,4.000,0.000,0.000,0.000,0.000,0.000,0.000,1.049,12.4700,13.01,1.0266,2.0,-21.60,-31.800,0,0.00,0.00,131072.00,25.906,0.076,0.105,0.000,-0.029,120.500,117.500,-3.869,0.000,199.993,0.00,0.00,72.82,0.00,
20.999,0,0.0,0.9,0.0,0.0,189,2490,3,2018,4242,108,-12.0,-12.0,-12.0,-12.0,-12.0,0,17.29,17.16,5.8,12.0,72,0.99,24.0,43.3,-0.5,1.21,5,30,20,-0.526,-14.75,0,3,0.00,0.017,323.0859,4.000,0.000,0.000,0.000,0.000,0.000,0.000,1.028,12.4900,12.48,1.0115,2.0,-23.20,-32.300,0,0.00,0.00,131072.00,25.968,0.078,0.105,0.000,-0.027,120.000,117.500,-4.614,0.000,48.852,0.00,0.00,72.67,0.00,
21.079,0,0.0,0.8,0.0,0.0,189,2482,3,1972,4075,108,-11.2,-11.5,-11.5,-11.5,-11.5,0,16.55,16.59,5.4,12.0,72,0.99,24.0,39.6,-0.5,1.15,5,30,20,-0.546,-14.75,0,3,0.00,0.017,323.3496,4.000,0.000,0.000,0.000,0.000,0.000,0.000,1.023,12.4700,12.41,1.0070,2.0,-25.20,-34.300,0,0.00,0.00,131072.00,25.968,0.082,0.105,0.000,-0.023,120.000,117.500,0.115,-0.427,-6.152,0.00,0.00,72.67,0.00,
21.150,0,0.0,0.8,0.0,0.0,189,2469,3,1955,3937,108,-11.2,-11.5,-11.5,-11.5,-11.5,0,17.65,17.65,5.4,12.0,72,0.99,20.0,46.6,-0.6,1.24,5,30,20,-0.562,-14.75,0,3,0.00,0.017,322.9321,4.000,0.000,0.000,0.000,0.000,0.000,0.000,1.007,12.4600,12.21,1.0059,2.0,-25.30,-34.500,0,0.00,0.00,131072.00,25.843,0.082,0.105,0.000,-0.023,119.800,117.500,0.000,-0.695,-4.614,0.00,0.00,72.82,0.00,
21.229,0,0.0,0.8,0.0,0.0,189,2461,3,1949,3816,108,-2.2,-2.5,-11.5,-2.5,-11.5,0,15.57,15.57,5.4,12.0,72,0.99,20.0,39.2,-0.6,1.11,5,30,99,-0.582,-14.75,0,3,0.00,0.017,0.0000,14.900,0.000,0.000,0.000,0.000,0.000,0.000,1.007,12.4600,12.18,1.0054,2.0,-26.10,-34.500,0,0.00,0.00,131072.00,25.718,0.085,0.105,0.000,-0.019,119.500,117.500,4.772,0.000,-200.000,0.00,0.00,72.82,0.00,
21.310,0,0.0,0.7,0.0,0.0,189,2454,3,1945,3801,108,-2.2,-2.5,-2.5,-2.5,-2.5,0,15.06,15.08,5.4,12.0,72,0.99,20.0,34.7,-0.6,1.00,5,30,99,-0.628,-14.75,0,3,0.00,0.018,0.0000,14.900,0.000,0.000,0.000,0.000,0.000,0.000,1.007,12.4400,12.13,1.0058,2.0,-34.40,-34.300,0,0.00,0.00,131072.00,25.656,0.087,0.105,0.000,-0.017,119.200,117.500,4.919,0.000,-200.000,0.00,0.00,72.82,0.00,
21.400,0,0.0,0.7,0.0,0.0,189,2439,3,1944,3802,108,-2.2,-2.5,-2.5,-2.5,-2.5,0,15.39,15.65,5.4,12.0,72,0.99,20.0,27.6,-0.7,1.00,5,30,99,-0.644,-14.75,0,3,0.00,0.018,0.0000,14.900,0.000,0.000,0.000,0.000,0.000,0.000,1.007,12.4300,12.12,1.0072,2.0,-34.30,-34.200,0,0.00,0.00,131072.00,25.468,0.087,0.105,0.000,-0.017,119.000,117.500,4.504,-6.066,-169.470,0.00,0.00,72.82,0.00,
21.479,0,0.0,0.7,0.0,0.0,189,2441,3,1943,3806,108,-2.2,-2.5,-2.5,-2.5,-2.5,0,17.76,18.19,5.4,12.0,72,0.99,20.0,34.1,-0.7,1.00,5,30,99,-0.678,-14.75,0,3,0.00,0.018,0.0000,14.900,0.000,0.000,0.000,0.000,0.000,0.000,1.007,12.4400,12.08,1.0093,2.0,-34.40,-34.300,0,0.00,0.00,131072.00,25.406,0.089,0.105,0.000,-0.015,118.900,117.500,4.516,-7.403,-56.964,0.00,0.00,72.82,0.00,
21.563,0,0.0,0.7,0.0,0.0,189,2438,3,1943,3808,110,-2.2,-2.5,-2.5,-2.5,-2.5,0,19.11,19.11,5.4,12.0,72,0.99,20.0,24.9,-0.7,1.00,5,30,99,-0.668,-14.75,0,3,0.00,0.018,0.0000,14.800,0.000,0.000,0.000,0.000,0.000,0.000,1.015,12.4300,12.22,1.0121,2.0,-34.40,-34.300,0,0.00,0.00,131072.00,25.375,0.087,0.105,0.000,-0.017,118.600,117.500,4.516,-7.403,-56.964,0.00,0.00,72.82,0.00,
21.649,0,0.0,0.7,0.0,0.0,189,2422,3,1943,3811,110,-2.2,-2.5,-2.5,-2.5,-2.5,0,19.11,19.11,5.4,12.0,72,0.99,20.0,29.9,-0.7,1.00,5,30,99,-0.673,-14.75,0,3,0.00,0.018,0.0000,14.800,0.000,0.000,0.000,0.000,0.000,0.000,1.015,12.4100,12.27,1.0138,0.0,-34.20,-34.100,0,0.00,0.00,131072.00,25.250,0.087,0.105,0.000,-0.017,118.400,117.500,4.516,-7.403,-56.964,0.00,0.00,72.82,0.00,
21.719,0,0.0,0.7,0.0,0.0,189,2408,3,1943,3811,110,-3.0,-3.0,-3.0,-3.0,-3.0,0,19.11,19.11,5.4,12.0,72,0.99,20.0,28.1,-0.7,1.00,5,29,99,-0.668,-14.75,0,3,0.00,0.018,0.0000,14.800,0.000,0.000,0.000,0.000,0.000,0.000,1.015,12.4000,12.30,1.0149,0.0,-34.10,-34.000,0,0.00,0.00,131072.00,25.093,0.087,0.105,0.000,-0.017,118.200,117.500,4.516,-7.403,-56.964,0.00,0.00,72.82,0.00,
21.799,0,0.0,0.7,0.0,0.0,189,2403,3,1943,3812,110,-3.0,-3.0,-3.0,-3.0,-3.0,0,19.11,19.11,5.4,12.0,72,0.99,20.0,28.2,-0.7,1.00,5,29,99,-0.684,-14.75,0,3,0.00,0.017,0.0000,14.700,0.000,0.000,0.000,0.000,0.000,0.000,1.015,12.3900,12.30,1.0158,0.0,-34.00,-33.900,0,0.00,0.00,131072.00,24.968,0.087,0.105,0.000,-0.017,118.100,117.500,4.516,-7.403,-56.964,0.00,0.00,72.82,0.00,
21.871,0,0.0,0.7,0.0,0.0,190,2394,3,1943,3814,110,-3.0,-3.5,-3.5,-3.5,-3.5,0,19.11,19.11,5.4,12.0,72,0.99,20.0,30.3,-0.7,1.00,5,29,99,-0.698,-14.75,0,3,0.00,0.017,0.0000,14.700,0.000,0.000,0.000,0.000,0.000,0.000,1.015,12.3900,12.30,1.0158,0.0,-34.00,-33.900,0,0.00,0.00,131072.00,24.875,0.087,0.105,0.000,-0.017,118.000,117.500,4.516,-7.403,-56.964,0.00,0.00,72.96,0.00,
21.956,0,0.0,0.7,0.0,0.0,190,2390,2,1943,3814,110,-3.0,-3.5,-3.5,-3.5,-3.5,0,19.11,19.11,5.4,12.0,72,0.99,20.0,39.8,-0.8,1.00,5,29,99,-0.714,-14.75,0,3,0.00,0.017,0.0000,14.700,0.000,0.000,0.000,0.000,0.000,0.000,1.015,12.3800,12.26,1.0158,0.0,-34.00,-33.900,0,0.00,0.00,131072.00,24.781,0.087,0.105,0.000,-0.017,118.100,117.500,4.516,-7.403,-56.964,0.00,0.00,72.96,0.00,
22.029,0,0.0,0.7,0.0,0.0,190,2374,2,1943,3816,110,-3.0,-3.5,-3.5,-3.5,-3.5,0,19.11,19.11,5.4,12.0,72,0.99,20.0,34.2,-0.7,1.00,5,29,99,-0.746,-14.75,0,3,0.00,0.017,0.0000,14.600,0.000,0.000,0.000,0.000,0.000,0.000,1.002,12.3600,12.15,1.0158,0.0,-33.90,-30.800,0,8.00,8.00,131072.00,24.656,0.087,0.105,0.000,-0.017,118.000,117.500,4.516,-7.403,-56.964,0.00,0.00,72.96,0.00,
22.110,0,0.0,0.7,0.0,0.0,190,2360,2,1943,3816,110,7.5,7.8,7.8,-3.3,-3.5,0,19.11,19.11,5.4,12.7,72,0.99,24.0,31.3,-0.8,1.00,5,29,99,-0.925,-14.75,0,3,0.00,0.026,323.1958,26.200,0.000,0.000,0.000,0.000,0.000,0.000,2.473,45.4000,37.57,1.0158,0.0,-23.30,9.600,0,8.00,8.00,131072.00,46.187,0.082,0.105,0.000,-0.023,118.000,114.600,4.516,-7.403,-56.964,0.00,0.00,73.11,0.00,
22.179,0,0.0,0.5,1.6,7.3,190,2422,2,3900,3839,110,0.0,0.3,23.6,0.0,0.0,1,19.11,19.11,12.5,68.2,72,0.99,108.0,55.4,-1.7,1.00,24,29,99,-0.755,-14.75,0,3,0.00,9.003,264.0673,43.400,-1.500,-1.500,-1.500,-1.500,0.000,0.000,5.313,82.5000,80.20,1.0169,0.0,100.70,131.200,0,8.00,8.00,131072.00,117.968,3.722,0.478,0.000,3.244,112.400,110.400,4.516,-7.403,-56.964,0.00,0.00,72.96,0.00,
22.269,0,0.0,0.1,4.9,3.1,190,2653,2,4309,4531,110,0.0,-0.2,0.4,-0.2,1.1,0,19.11,19.11,40.2,87.7,72,0.99,172.0,172.3,-0.1,1.00,73,29,99,0.526,-14.75,0,3,0.00,0.879,258.8159,46.500,-1.500,-1.500,-1.500,-1.500,0.000,0.000,8.908,77.1700,87.10,1.0360,0.0,164.00,160.700,0,8.00,8.00,131072.00,156.718,0.798,0.423,0.000,0.375,102.600,105.100,2.209,0.000,49.859,0.00,0.00,71.66,0.00,
22.349,0,0.0,0.8,0.8,0.3,190,2839,2,4912,5169,110,0.0,0.3,0.3,-0.2,0.1,0,19.11,19.11,39.0,86.2,72,0.99,184.0,188.0,0.5,1.00,48,29,89,0.827,-14.75,0,3,0.00,0.038,258.3984,36.500,-1.500,-1.500,-1.500,-1.500,0.000,0.000,9.206,76.0700,84.23,1.0584,2.0,158.70,156.600,0,8.00,8.00,131072.00,173.843,0.130,0.236,0.000,-0.105,98.600,102.300,0.769,0.000,29.248,0.00,0.00,71.37,0.00,
22.430,0,0.0,2.3,0.0,0.0,190,3070,2,5060,5309,110,4.5,5.0,5.0,3.4,4.1,0,15.48,14.81,37.5,81.0,72,0.99,188.0,174.0,-0.1,1.00,22,29,85,-0.223,-14.75,0,3,0.00,0.000,262.8808,37.800,-1.500,-1.500,-1.500,-1.500,0.000,0.000,9.065,76.1500,79.93,1.0769,2.0,154.60,154.800,0,8.00,8.00,262144.00,188.437,0.000,0.171,0.000,-0.269,98.600,103.500,0.134,0.000,26.519,0.00,0.00,72.38,0.00,
22.510,0,0.0,3.2,0.0,0.0,190,3347,2,5060,5124,110,8.2,8.3,8.3,8.3,7.8,0,14.09,14.09,34.7,77.2,72,0.99,196.0,174.8,-0.8,1.01,21,29,82,-0.651,-14.75,0,3,0.00,0.000,263.3422,36.000,-1.500,-1.500,-1.500,-1.500,0.000,0.000,8.489,63.2900,77.07,1.0955,0.0,155.50,123.700,0,8.00,8.00,262144.00,197.125,0.000,0.136,0.000,-0.283,98.900,104.200,0.061,0.000,18.737,0.00,0.00,72.82,0.00,
22.589,0,0.0,4.1,0.0,0.0,190,3524,2,5060,5119,110,-6.7,-7.1,-4.9,-8.7,-8.7,0,13.90,13.86,33.9,63.0,72,0.99,180.0,172.2,-1.9,1.01,17,29,89,-1.360,-14.75,0,3,0.00,0.051,278.0200,31.600,-1.500,-1.500,-1.500,-1.500,0.000,0.000,3.492,30.5400,35.36,1.1359,2.0,51.70,42.800,0,8.00,8.00,131072.00,134.468,0.000,0.119,0.000,-0.189,99.900,100.500,0.262,0.000,-36.938,0.00,0.00,73.54,0.00,
22.669,0,0.0,5.4,0.0,0.0,190,3607,2,4850,5198,110,0.0,0.0,0.0,2.9,0.4,0,13.49,13.45,12.8,16.5,72,0.99,44.0,115.3,1.1,1.00,9,29,99,0.154,-14.75,0,3,0.00,0.023,320.7348,4.000,-1.500,-1.500,-1.500,-1.500,0.000,0.000,1.217,13.6100,13.18,1.1279,2.0,-13.10,-19.900,0,8.00,8.00,131072.00,71.031,0.000,0.105,0.000,-0.130,102.500,105.700,0.964,0.000,-19.812,0.00,0.00,72.09,0.00,
22.749,3,0.0,4.4,0.0,0.0,190,3611,2,3693,4957,110,9.0,9.6,4.4,9.6,4.1,0,13.20,13.17,5.0,10.5,72,0.99,32.0,39.3,1.4,1.00,2,29,99,-0.676,-14.75,0,3,0.00,0.022,322.1850,4.000,-1.500,-1.500,-1.500,-1.500,0.000,0.000,1.539,13.6200,12.37,1.0844,2.0,-19.10,-18.800,0,0.00,0.00,131072.00,50.093,0.000,0.105,0.000,-0.111,106.900,111.100,-1.965,0.000,-44.628,0.00,0.00,72.82,0.00,
22.819,3,0.0,4.0,0.0,0.0,190,3619,2,2720,4766,108,9.0,9.2,8.0,8.2,8.0,0,13.13,13.17,5.4,12.0,72,0.99,32.0,138.4,-0.5,1.00,3,28,99,-1.585,-14.75,0,3,0.00,0.023,321.3500,4.000,0.000,0.000,0.000,0.000,0.000,0.000,1.679,13.6100,12.66,1.0752,2.0,-18.80,-18.800,0,0.00,0.00,131072.00,44.312,0.000,0.105,0.000,-0.111,109.700,115.400,-1.965,0.000,-44.628,0.00,0.00,73.83,0.00,
22.889,3,0.0,3.8,0.0,0.0,190,3596,2,2314,4593,108,3.7,6.7,5.5,7.2,5.5,0,13.40,13.40,5.8,13.5,72,0.99,36.0,95.5,-0.7,1.00,5,28,99,-1.510,-14.75,0,3,0.00,0.023,321.0205,4.000,0.000,0.000,0.000,0.000,0.000,0.000,1.643,13.5800,14.47,1.0691,2.0,-18.50,-18.200,0,0.00,0.00,131072.00,42.125,0.000,0.105,0.000,-0.111,116.600,116.500,-1.965,0.000,-44.628,0.00,0.00,73.69,0.00,
22.979,3,0.0,3.4,0.0,0.0,190,3567,2,2103,4391,108,3.7,3.8,3.7,3.8,3.6,0,14.29,14.29,6.2,13.5,72,0.99,36.0,86.0,-0.9,1.03,5,28,99,-1.265,-14.75,0,3,0.00,0.023,320.5151,4.000,0.000,0.000,0.000,0.000,0.000,0.000,1.525,13.5500,13.93,1.0639,2.0,-17.80,-18.000,0,0.00,0.00,131072.00,40.937,0.000,0.105,0.000,-0.111,118.400,116.700,-1.965,0.000,-44.628,0.00,0.00,73.40,0.00,
23.049,3,0.0,3.4,0.0,0.0,190,3559,2,2012,4186,108,3.0,3.5,4.3,4.3,4.3,0,14.78,14.78,5.8,13.5,72,0.99,36.0,90.4,-1.0,1.06,5,28,99,-1.014,-14.75,0,3,0.00,0.023,320.3393,4.000,0.000,0.000,0.000,0.000,0.000,0.000,1.480,13.5600,13.70,1.0596,2.0,-18.30,-18.500,0,0.00,0.00,131072.00,40.531,0.000,0.105,0.000,-0.111,118.400,116.700,-1.965,0.000,-44.628,0.00,0.00,73.25,0.00,
23.129,4,0.0,3.2,0.0,0.0,190,3563,2,1976,4006,108,4.5,5.2,5.6,5.6,5.6,0,14.67,14.55,5.8,13.5,72,0.99,36.0,75.3,-1.0,1.04,6,28,99,-0.808,-14.75,0,3,0.00,0.023,320.5371,4.000,0.000,0.000,0.000,0.000,0.000,0.000,1.480,13.5600,13.78,1.0563,2.0,-17.50,-16.900,0,0.00,0.00,131072.00,40.437,0.000,0.105,0.000,-0.111,118.300,116.700,-1.965,0.000,-44.628,0.00,0.00,72.96,0.00,
23.210,4,0.0,3.0,0.0,0.0,190,3566,2,1957,3816,108,9.0,9.0,9.0,7.8,8.4,0,14.08,14.03,5.8,13.5,72,0.99,36.0,87.5,-0.9,1.00,6,28,99,-0.647,-14.75,0,3,0.00,0.023,320.5371,4.000,0.000,0.000,0.000,0.000,0.000,0.000,1.466,13.5600,13.60,1.0526,2.0,-15.90,-15.800,0,0.00,0.00,131072.00,40.437,0.000,0.105,0.000,-0.111,117.600,116.700,-1.965,0.000,-44.628,0.00,0.00,72.82,0.00,
23.290,4,0.0,2.8,0.0,0.0,191,3555,2,1949,3630,108,9.0,9.0,9.1,9.4,9.4,0,13.73,13.72,5.8,13.5,72,0.99,36.0,77.1,-0.9,0.98,6,28,99,-0.549,-14.75,0,3,0.00,0.023,320.6689,4.000,0.000,0.000,0.000,0.000,0.000,0.000,1.457,13.5400,13.56,1.0496,2.0,-15.70,-15.700,0,0.00,0.00,131072.00,40.312,0.000,0.105,0.000,-0.105,118.000,116.700,-1.965,0.000,-44.628,0.00,0.00,72.82,0.00,
23.389,4,0.0,2.6,0.0,0.0,191,3538,2,1945,3457,108,9.0,9.0,9.7,9.4,9.7,0,13.75,13.77,5.8,12.7,72,0.99,36.0,76.3,-0.9,0.98,6,28,99,-0.484,-14.75,0,3,0.00,0.025,320.6250,4.000,0.000,0.000,0.000,0.000,0.000,0.000,1.444,13.5200,13.40,1.0466,2.0,-15.80,-15.700,0,0.00,0.00,131072.00,40.062,0.009,0.105,0.000,-0.095,117.700,116.700,-1.965,0.000,-44.628,0.00,0.00,72.67,0.00,
23.469,4,0.0,2.5,0.0,0.0,191,3522,2,1943,3247,108,9.7,10.0,9.9,9.8,9.9,0,14.14,14.14,5.8,12.7,72,0.99,36.0,77.6,-0.9,0.99,6,28,99,-0.452,-14.75,0,3,0.00,0.025,320.3613,4.000,0.000,0.000,0.000,0.000,0.000,0.000,1.444,13.5200,13.40,1.0444,2.0,-15.90,-15.700,0,0.00,0.00,131072.00,39.875,0.013,0.105,0.000,-0.091,117.300,116.700,-1.965,0.000,-44.628,0.00,0.00,72.67,0.00,
23.549,4,0.0,2.4,0.0,0.0,191,3517,2,1943,3079,108,9.7,10.2,10.2,10.2,10.2,0,14.49,14.50,5.8,12.7,72,0.99,36.0,74.1,-0.8,1.00,6,28,99,-0.431,-14.75,0,3,0.00,0.025,319.9658,4.000,0.000,0.000,0.000,0.000,0.000,0.000,1.444,13.5100,13.33,1.0424,2.0,-15.90,-15.800,0,0.00,0.00,131072.00,39.781,0.017,0.105,0.000,-0.087,117.000,116.700,-1.965,0.000,-44.628,0.00,0.00,72.67,0.00,
23.629,4,0.0,2.2,0.0,0.0,191,3510,2,1943,2913,108,10.5,10.6,10.4,10.6,10.6,0,14.88,14.89,5.8,12.7,72,0.99,36.0,72.3,-0.8,1.04,6,28,99,-0.427,-14.75,0,3,0.00,0.025,319.5263,4.000,0.000,0.000,0.000,0.000,0.000,0.000,1.444,13.5000,13.35,1.0413,2.0,-15.90,-15.800,0,0.00,0.00,131072.00,39.687,0.021,0.105,0.000,-0.083,117.000,116.700,-1.965,0.000,-44.628,0.00,0.00,72.67,0.00,
23.699,5,0.0,2.1,0.0,0.0,191,3497,2,1943,2744,108,10.5,10.9,10.3,10.6,10.3,0,14.99,15.00,5.8,12.7,72,0.99,36.0,71.5,-0.8,1.05,6,27,99,-0.443,-14.75,0,3,0.00,0.025,319.2407,4.000,0.000,0.000,0.000,0.000,0.000,0.000,1.449,13.4900,13.43,1.0404,2.0,-15.60,-14.500,0,0.00,0.00,131072.00,39.562,0.027,0.105,0.000,-0.078,117.300,116.700,-1.965,0.000,-44.628,0.00,0.00,72.67,0.00,
23.769,6,0.0,2.1,0.0,0.0,191,3489,2,1943,2597,108,15.0,15.7,17.2,16.8,17.2,0,15.05,15.06,5.8,12.7,72,0.99,36.0,65.9,-0.8,1.05,6,27,99,-0.447,-14.75,0,3,0.00,0.025,318.8671,4.000,0.000,0.000,0.000,0.000,0.000,0.000,1.449,13.4800,13.38,1.0394,2.0,-12.40,-12.400,0,0.00,0.00,131072.00,39.437,0.029,0.105,0.000,-0.076,117.100,116.700,-1.965,0.000,-44.628,0.00,0.00,72.67,0.00,
23.849,6,0.0,2.0,0.0,0.0,191,3488,2,1943,2451,108,17.2,17.6,17.6,17.4,17.6,0,15.02,15.01,5.8,12.7,72,0.99,36.0,65.6,-0.8,1.06,6,27,99,-0.463,-14.75,0,3,0.00,0.025,318.0322,6.100,0.000,0.000,0.000,0.000,0.000,0.000,1.449,13.4800,13.38,1.0381,2.0,-11.50,-10.200,0,0.00,0.00,131072.00,39.343,0.035,0.105,0.000,-0.070,117.100,116.700,-1.965,0.000,-44.628,0.00,0.00,72.67,0.00,
23.930,8,0.0,1.9,0.0,0.0,191,3484,2,1943,2280,108,30.0,30.5,29.0,30.5,25.6,0,14.95,14.93,5.8,12.7,72,0.99,36.0,57.6,-0.8,1.06,6,27,99,-0.488,-14.75,0,3,0.00,0.025,317.3730,10.600,0.000,0.000,0.000,0.000,0.000,0.000,1.449,13.6700,13.35,1.0370,2.0,-7.60,-7.400,0,0.00,0.00,131072.00,39.375,0.037,0.105,0.000,-0.068,117.300,116.700,-1.965,0.000,-44.628,0.00,0.00,72.67,0.00,
24.021,9,0.0,1.8,0.0,0.0,191,3480,2,1943,2115,108,34.5,34.7,42.0,35.7,35.7,0,14.78,14.78,5.8,13.5,72,0.99,36.0,45.5,-0.8,1.06,7,27,99,-0.488,-14.75,0,3,0.00,0.025,315.7910,15.500,0.000,0.000,0.000,0.000,0.000,0.000,1.529,14.4700,14.18,1.0361,2.0,-5.40,-5.200,0,0.00,0.00,131072.00,41.000,0.041,0.105,0.000,-0.064,117.000,116.700,-1.965,0.000,-44.628,0.00,0.00,72.67,0.00,
24.110,9,0.0,1.8,0.0,0.0,191,3472,2,1943,1921,108,37.5,38.0,39.0,38.0,38.0,0,14.51,14.50,6.2,14.2,72,0.99,36.0,42.5,-0.7,1.05,7,27,99,-0.443,-14.75,0,3,0.00,0.025,314.5166,19.300,0.000,0.000,0.000,0.000,0.000,0.000,1.574,14.9800,14.85,1.0361,2.0,-3.40,-3.200,0,0.00,0.00,131072.00,42.437,0.042,0.105,0.000,-0.062,117.000,116.700,-1.965,0.000,-44.628,0.00,0.00,72.67,0.00,
24.190,10,0.0,1.7,0.0,0.0,191,3465,2,1943,1884,108,30.7,31.0,36.5,36.5,36.5,0,14.50,14.51,6.2,15.0,72,0.99,40.0,47.2,-0.7,1.06,8,27,99,-0.493,-14.75,0,3,0.00,0.027,313.6596,19.800,0.000,0.000,0.000,0.000,0.000,0.000,1.611,15.3200,15.21,1.0363,2.0,-1.40,-1.400,0,0.00,0.00,131072.00,43.750,0.044,0.105,0.000,-0.060,117.000,116.200,-1.965,0.000,-44.628,0.00,0.00,72.67,0.00,
24.269,10,0.0,1.7,0.0,0.0,191,3463,2,1943,1895,108,36.0,36.5,36.5,36.5,36.5,0,14.59,14.61,6.6,15.0,72,0.99,40.0,51.8,-0.7,1.07,8,27,99,-0.504,-14.75,0,3,0.00,0.027,313.8354,20.000,0.000,0.000,0.000,0.000,0.000,0.000,1.611,15.3500,15.16,1.0364,2.0,-1.50,-1.600,0,0.00,0.00,131072.00,44.187,0.046,0.105,0.000,-0.058,116.300,116.000,-1.965,0.000,-44.628,0.00,0.00,72.67,0.00,
24.349,10,0.0,1.6,0.0,0.0,191,3462,2,1943,1923,108,33.0,33.3,32.1,33.3,32.1,0,14.69,14.69,6.6,15.0,72,0.99,40.0,49.3,-0.7,1.08,8,27,99,-0.499,-14.75,0,3,0.00,0.027,313.7695,19.900,0.000,0.000,0.000,0.000,0.000,0.000,1.611,15.3800,15.17,1.0364,2.0,-1.80,-1.800,0,0.00,0.00,131072.00,44.406,0.048,0.105,0.000,-0.056,116.200,116.000,-1.965,0.000,-44.628,0.00,0.00,72.67,0.00,
24.430,10,0.0,1.6,0.0,0.0,191,3458,2,1943,1928,108,30.7,30.8,36.5,36.5,36.5,0,14.52,14.52,6.6,15.0,72,0.99,40.0,40.1,-0.6,1.07,8,27,99,-0.477,-14.75,0,3,0.00,0.027,313.7915,19.900,0.000,0.000,0.000,0.000,0.000,0.000,1.611,15.3500,15.20,1.0364,2.0,-1.50,-1.500,0,0.00,0.00,131072.00,44.406,0.050,0.105,0.000,-0.054,116.200,116.000,-1.965,0.000,-44.628,0.00,0.00,72.67,0.00,
24.499,10,0.0,1.6,0.0,0.0,192,3457,2,1943,1916,108,36.0,36.5,36.5,36.5,36.5,0,14.40,14.39,6.6,15.0,72,0.99,40.0,39.0,-0.6,1.07,8,27,99,-0.463,-14.75,0,3,0.00,0.027,313.9453,19.800,0.000,0.000,0.000,0.000,0.000,0.000,1.625,15.3800,15.31,1.0364,2.0,-1.70,-1.300,0,0.00,0.00,131072.00,44.500,0.050,0.105,0.000,-0.054,115.900,116.000,-1.965,0.000,-44.628,0.00,0.00,72.67,0.00,
24.579,10,0.0,1.5,0.0,0.0,192,3455,2,1943,1921,108,36.0,36.5,36.5,36.5,36.5,0,14.33,14.31,6.6,15.0,72,0.99,40.0,39.4,-0.6,1.07,8,27,99,-0.524,-14.75,0,3,0.00,0.027,313.6816,20.200,0.000,0.000,0.000,0.000,0.000,0.000,1.692,16.4700,15.95,1.0364,2.0,-0.90,0.000,0,0.00,0.00,131072.00,45.500,0.052,0.105,0.000,-0.052,116.000,116.000,-1.965,0.000,-44.628,0.00,0.00,72.67,0.00,
24.669,12,0.0,1.5,0.0,0.0,192,3453,2,1943,1964,108,32.2,32.5,26.0,33.5,33.5,0,14.30,14.30,7.4,17.2,72,0.99,44.0,39.4,-0.8,1.07,9,27,99,-0.667,-14.75,0,3,0.00,0.029,310.5395,22.900,0.000,0.000,0.000,0.000,0.000,0.000,1.985,20.1900,19.23,1.0369,2.0,7.00,8.200,0,0.00,0.00,131072.00,51.812,0.054,0.107,0.000,-0.052,115.600,113.900,-1.965,0.000,-44.628,0.00,0.00,72.82,0.00,
24.749,14,0.0,1.4,0.0,0.0,192,3467,2,2128,1966,108,33.0,33.0,33.0,33.0,33.0,0,14.32,14.32,8.9,20.2,72,0.99,52.0,47.6,-0.8,1.07,10,27,99,-0.805,-14.75,0,3,0.00,0.032,306.2988,27.200,0.000,0.000,0.000,0.000,0.000,0.000,2.339,23.5700,23.25,1.0394,2.0,17.00,19.300,0,0.00,0.00,131072.00,61.062,0.052,0.107,0.000,-0.054,112.800,110.300,-1.965,0.000,-44.628,0.00,0.00,72.96,0.00,
24.829,16,0.0,1.4,0.0,0.0,192,3493,2,2363,2293,108,24.0,24.6,25.5,24.6,26.8,0,14.35,14.35,10.1,24.7,72,0.99,68.0,56.4,-0.8,1.07,12,27,98,-0.875,-14.75,0,3,0.00,0.033,302.5195,24.000,0.000,0.000,0.000,0.000,0.000,0.000,2.551,25.8600,25.73,1.0435,2.0,26.50,28.600,0,0.00,0.00,131072.00,70.812,0.048,0.107,0.000,-0.058,108.800,106.600,-0.097,0.250,13.427,0.00,0.00,73.11,0.00,
24.899,15,0.0,1.4,0.0,0.0,192,3499,2,2601,2622,108,33.7,34.0,30.9,34.0,34.0,0,14.26,14.26,11.3,25.5,72,0.99,68.0,64.8,-0.7,1.07,12,27,96,-0.836,-14.75,0,3,0.00,0.033,304.9145,24.400,0.000,0.000,0.000,0.000,0.000,0.000,2.565,25.1900,25.68,1.0479,2.0,28.40,27.100,0,0.00,0.00,131072.00,73.937,0.046,0.107,0.000,-0.060,105.900,103.400,-0.299,0.030,8.306,0.00,0.00,72.96,0.00,
24.979,13,0.0,1.4,0.0,0.0,192,3469,2,2807,2814,108,33.7,34.0,34.0,34.0,34.0,0,14.06,14.02,10.9,24.7,72,0.99,64.0,65.1,-0.5,1.06,12,27,95,-0.766,-14.75,0,3,0.00,0.033,307.8369,24.900,0.000,0.000,0.000,0.000,0.000,0.000,2.488,24.6700,24.35,1.0508,2.0,26.10,25.300,0,0.00,0.00,131072.00,73.531,0.046,0.107,0.000,-0.060,102.600,101.800,-0.140,0.646,10.552,0.00,0.00,72.96,0.00,
25.062,12,0.0,1.5,0.0,0.0,192,3441,2,3040,3048,108,33.0,33.5,25.0,23.2,25.0,0,13.82,13.82,10.1,21.0,72,0.99,56.0,59.5,-0.5,1.04,11,27,99,-0.741,-14.75,0,3,0.00,0.029,313.3740,15.200,0.000,0.000,0.000,0.000,0.000,0.000,1.872,17.2200,18.60,1.0523,2.0,12.00,6.700,0,0.00,0.00,131072.00,61.375,0.050,0.107,0.000,-0.056,102.500,107.500,0.561,0.000,-49.291,0.00,0.00,72.96,0.00,
25.129,12,0.0,1.5,0.0,0.0,192,3428,2,2629,3115,108,33.0,33.0,33.0,33.0,32.5,0,13.86,13.86,8.2,16.5,72,0.99,44.0,44.3,-0.5,1.04,9,27,99,-0.693,-14.75,0,3,0.00,0.026,316.7138,4.000,0.000,0.000,0.000,0.000,0.000,0.000,1.890,17.7600,15.86,1.0520,2.0,4.40,2.200,0,0.00,0.00,131072.00,54.343,0.052,0.107,0.000,-0.054,106.900,112.600,0.561,0.000,-49.291,0.00,0.00,72.96,0.00,
25.210,13,0.0,1.5,0.0,0.0,192,3434,2,2474,2921,108,32.2,32.5,32.5,32.5,33.5,0,13.89,13.89,7.4,18.0,72,0.99,48.0,41.9,-0.6,1.03,9,27,99,-0.852,-14.75,0,3,0.00,0.029,313.9453,30.500,0.000,0.000,0.000,0.000,0.000,0.000,2.059,19.0400,19.70,1.0504,2.0,9.90,10.800,0,0.00,0.00,131072.00,54.312,0.054,0.107,0.000,-0.052,112.000,112.600,0.561,0.000,-49.291,0.00,0.00,73.11,0.00,
25.289,13,0.0,1.4,0.0,0.0,192,3452,2,3111,3186,108,33.0,33.0,32.5,33.0,33.0,0,14.06,14.11,8.5,20.2,72,0.99,52.0,46.7,-0.8,1.04,10,27,99,-0.888,-14.75,0,3,0.00,0.029,313.2861,28.400,0.000,0.000,0.000,0.000,0.000,0.000,2.131,20.2800,20.52,1.0507,2.0,14.00,13.800,0,0.00,0.00,131072.00,56.781,0.052,0.107,0.000,-0.054,112.400,111.400,0.561,0.000,-49.291,0.00,0.00,73.11,0.00,
25.369,13,0.0,1.4,0.0,0.0,192,3482,2,3345,3290,108,33.0,33.0,33.0,33.0,33.0,0,14.49,14.54,8.9,20.2,72,0.99,52.0,48.9,-0.8,1.07,10,27,99,-0.888,-14.75,0,3,0.00,0.031,312.9125,32.100,0.000,0.000,0.000,0.000,0.000,0.000,2.131,20.3300,20.58,1.0518,2.0,14.00,13.700,0,0.00,0.00,131072.00,58.343,0.054,0.107,0.000,-0.052,111.600,110.600,0.561,0.000,-49.291,0.00,0.00,73.11,0.00,
25.449,13,0.0,1.4,0.0,0.0,192,3504,2,3581,3503,108,33.0,33.0,33.0,33.0,33.0,0,14.71,14.70,9.3,21.0,72,0.99,56.0,50.4,-0.8,1.08,10,27,99,-0.852,-14.75,0,3,0.00,0.031,313.3081,33.400,0.000,0.000,0.000,0.000,0.000,0.000,2.237,21.8500,21.11,1.0530,2.0,15.60,15.200,0,0.00,0.00,131072.00,61.156,0.052,0.107,0.000,-0.054,109.900,108.900,0.561,0.000,-49.291,0.00,0.00,73.11,0.00,
25.529,14,0.0,1.4,0.0,0.0,192,3525,2,3808,3840,108,33.0,33.5,33.0,33.5,33.5,0,14.31,14.27,9.3,21.7,72,0.99,60.0,54.6,-0.8,1.06,11,27,97,-0.795,-14.75,0,3,0.00,0.031,312.9345,32.800,0.000,0.000,0.000,0.000,0.000,0.000,2.358,22.7000,22.88,1.0541,2.0,19.30,20.300,0,0.00,0.00,131072.00,65.000,0.052,0.107,0.000,-0.054,108.000,106.700,0.012,0.567,13.183,0.00,0.00,72.96,0.00,
25.609,14,0.0,1.4,0.0,0.0,192,3500,2,4001,4020,108,33.0,33.5,33.5,33.5,33.5,0,14.01,14.01,10.1,22.5,72,0.99,60.0,56.6,-0.7,1.04,11,27,97,-0.734,-14.75,0,3,0.00,0.031,313.3740,33.200,0.000,0.000,0.000,0.000,0.000,0.000,2.324,22.8600,22.97,1.0553,2.0,20.40,20.400,0,0.00,0.00,131072.00,66.250,0.050,0.107,0.000,-0.056,106.400,105.900,-0.018,1.153,7.720,0.00,0.00,72.96,0.00,
25.689,14,0.0,1.4,0.0,0.0,192,3458,2,4162,4191,108,33.0,33.5,33.5,33.5,33.5,0,13.99,13.99,10.1,22.5,72,0.99,60.0,55.4,-0.7,1.04,11,27,97,-0.750,-14.75,0,3,0.00,0.033,314.0551,33.400,0.000,0.000,0.000,0.000,0.000,0.000,2.348,26.9200,23.20,1.0563,2.0,20.30,20.300,0,0.00,0.00,131072.00,68.187,0.048,0.107,0.000,-0.058,105.700,104.900,0.170,1.562,9.051,0.00,0.00,72.96,0.00,
25.772,17,0.0,1.4,0.0,0.0,193,3459,2,4333,4408,108,34.5,34.5,34.0,34.5,34.0,0,14.03,14.03,11.3,26.2,72,0.99,68.0,57.8,-0.8,1.04,12,27,95,-0.827,-14.75,0,3,0.00,0.035,310.7812,35.900,0.000,0.000,0.000,0.000,0.000,0.000,2.763,27.9100,27.35,1.0578,2.0,31.00,31.400,0,0.00,0.00,131072.00,75.500,0.050,0.109,0.000,-0.058,103.000,101.300,0.030,2.282,13.110,0.00,0.00,72.96,0.00,
25.849,18,0.0,1.4,0.0,0.0,193,3501,2,4643,4860,108,34.5,34.5,27.2,27.3,27.2,0,14.09,14.11,12.5,28.5,72,0.99,76.0,68.3,-0.7,1.03,13,27,94,-0.843,-14.75,0,3,0.00,0.040,308.9575,35.000,0.000,0.000,0.000,0.000,0.000,0.000,3.028,30.4300,29.87,1.0601,2.0,36.10,38.400,0,0.00,0.00,131072.00,83.218,0.044,0.109,0.000,-0.064,99.900,98.700,-0.018,3.027,12.017,0.00,0.00,73.11,0.00,
25.929,18,0.0,1.4,0.0,0.0,193,3532,2,5060,5243,108,30.7,31.1,31.1,27.0,30.3,0,14.23,14.23,13.2,30.7,72,0.99,84.0,74.2,-0.7,1.04,15,27,92,-0.693,-14.75,0,3,0.00,0.042,306.4965,27.500,0.000,0.000,0.000,0.000,0.000,0.000,3.192,31.9600,31.86,1.0634,0.0,44.20,42.400,0,0.00,0.00,131072.00,90.250,0.042,0.109,0.000,-0.066,97.600,96.900,-0.079,3.710,10.028,0.00,0.00,72.96,0.00,
26.019,18,0.0,1.4,0.0,0.0,193,3525,2,5060,5110,108,33.0,33.5,33.5,33.0,33.0,0,14.24,14.24,14.0,32.2,72,0.99,88.0,78.5,-0.7,1.03,15,27,91,-0.596,-14.75,0,3,0.00,0.042,305.8593,29.800,0.000,0.000,0.000,0.000,0.000,0.000,3.215,32.5800,32.42,1.0679,0.0,46.40,44.200,0,0.00,0.00,131072.00,94.031,0.039,0.111,0.000,-0.072,95.700,96.200,-0.048,4.278,6.695,0.00,0.00,72.82,0.00,
26.099,18,0.0,1.5,0.0,0.0,193,3501,2,5060,5161,108,33.0,33.0,33.0,33.0,33.0,0,14.19,14.17,14.4,32.2,72,0.99,88.0,79.9,-0.6,1.03,15,27,90,-0.496,-14.75,0,3,0.00,0.040,305.7055,30.800,0.000,0.000,0.000,0.000,0.000,0.000,3.254,33.0100,32.90,1.0714,0.0,47.60,45.300,0,0.00,0.00,131072.00,95.750,0.035,0.111,0.000,-0.076,95.100,95.500,0.091,4.583,5.920,0.00,0.00,72.67,0.00,
26.181,18,0.0,1.5,0.0,0.0,193,3514,2,5060,5159,108,32.2,32.5,32.5,32.5,32.5,0,14.09,14.09,14.4,32.2,72,0.99,88.0,78.5,-0.6,1.02,15,28,90,-0.419,-14.75,0,3,0.00,0.040,306.1889,28.600,0.000,0.000,0.000,0.000,0.000,0.000,3.254,33.0500,32.66,1.0746,0.0,47.30,46.100,0,0.00,0.00,131072.00,96.500,0.035,0.111,0.000,-0.076,94.700,95.200,-0.018,4.888,4.382,0.00,0.00,72.67,0.00,
26.261,18,0.0,1.6,0.0,0.0,193,3545,2,5060,5074,108,33.0,33.0,33.0,33.0,33.0,0,14.08,14.08,14.4,32.2,72,0.99,88.0,78.1,-0.6,1.01,15,28,90,-0.480,-14.75,0,3,0.00,0.040,306.3208,28.200,0.000,0.000,0.000,0.000,0.000,0.000,3.288,33.0500,32.62,1.0768,0.0,46.80,46.900,0,0.00,0.00,131072.00,97.406,0.031,0.111,0.000,-0.080,94.600,95.800,0.000,5.114,2.764,0.00,0.00,72.67,0.00,
26.349,18,0.0,1.6,0.0,0.0,193,3569,2,5060,5088,108,33.0,33.0,33.0,33.0,33.0,0,14.06,14.07,14.4,32.2,72,0.99,88.0,77.4,-0.6,1.00,15,28,90,-0.494,-14.75,0,3,0.00,0.040,306.7822,29.600,0.000,0.000,0.000,0.000,0.000,0.000,3.302,32.9800,32.57,1.0793,0.0,46.20,46.500,0,0.00,0.00,131072.00,98.156,0.031,0.111,0.000,-0.080,94.900,95.900,0.030,5.279,2.764,0.00,0.00,72.67,0.00,
26.429,17,0.0,1.6,0.0,0.0,193,3565,2,5060,5118,108,33.0,33.0,33.0,33.0,33.0,0,14.19,14.21,14.4,31.5,72,0.99,88.0,77.0,-0.6,1.00,14,28,90,-0.519,-14.75,0,3,0.00,0.040,307.9687,29.400,0.000,0.000,0.000,0.000,0.000,0.000,3.130,30.4700,30.85,1.0808,0.0,44.70,41.500,0,0.00,0.00,131072.00,94.937,0.031,0.111,0.000,-0.080,95.600,96.500,-0.146,5.328,-2.532,0.00,0.00,72.67,0.00,
26.509,16,0.0,1.7,0.0,0.0,193,3554,2,5060,5067,108,34.5,35.0,34.5,35.0,34.5,0,14.37,14.39,13.2,29.2,72,0.99,80.0,72.5,-0.6,1.00,13,28,91,-0.555,-14.75,0,3,0.00,0.036,310.1000,28.200,0.000,0.000,0.000,0.000,0.000,0.000,2.894,28.3800,28.52,1.0814,0.0,38.30,35.800,0,0.00,0.00,131072.00,88.562,0.027,0.109,0.000,-0.082,96.400,98.000,-0.109,4.785,-14.880,0.00,0.00,72.82,0.00,
26.591,16,0.0,1.6,0.0,0.0,193,3557,2,5060,5088,108,34.5,35.0,35.0,35.0,35.0,0,14.45,14.45,12.5,27.7,72,0.99,76.0,66.6,-0.7,1.01,12,28,91,-0.668,-14.75,0,3,0.00,0.036,311.1108,28.800,0.000,0.000,0.000,0.000,0.000,0.000,2.864,28.2200,28.10,1.0803,0.0,35.00,35.100,0,0.00,0.00,131072.00,85.343,0.031,0.109,0.000,-0.078,97.700,98.300,0.000,3.985,-11.975,0.00,0.00,72.82,0.00,
26.669,16,0.0,1.6,0.0,0.0,193,3578,2,5060,5069,108,34.5,35.0,35.0,35.0,35.0,0,14.42,14.42,12.1,27.7,72,0.99,76.0,63.6,-0.7,1.01,12,28,91,-0.734,-14.75,0,3,0.00,0.036,310.9790,28.200,0.000,0.000,0.000,0.000,0.000,0.000,2.864,28.2600,28.11,1.0791,0.0,34.80,34.800,0,0.00,0.00,131072.00,84.656,0.035,0.109,0.000,-0.074,98.500,98.400,0.000,3.295,-10.607,0.00,0.00,72.96,0.00,
26.749,16,0.0,1.6,0.0,0.0,193,3595,2,5060,5080,108,34.5,35.0,35.0,35.0,35.0,0,14.51,14.52,12.5,27.7,72,0.99,76.0,66.9,-0.7,1.01,13,28,91,-0.664,-14.75,0,3,0.00,0.036,310.5615,28.200,0.000,0.000,0.000,0.000,0.000,0.000,2.864,28.2600,28.26,1.0778,0.0,35.20,35.200,0,0.00,0.00,131072.00,84.781,0.037,0.109,0.000,-0.072,98.100,98.400,0.000,2.752,-8.471,0.00,0.00,72.82,0.00,
26.829,16,0.0,1.6,0.0,0.0,193,3596,2,5060,5057,108,34.5,35.0,35.0,35.0,35.0,0,14.49,14.49,12.5,27.7,72,0.99,76.0,66.6,-0.7,1.02,13,28,91,-0.684,-14.75,0,3,0.00,0.036,310.5615,28.400,0.000,0.000,0.000,0.000,0.000,0.000,2.811,26.8800,27.87,1.0775,0.0,35.30,31.800,0,0.00,0.00,131072.00,83.875,0.037,0.109,0.000,-0.072,98.700,98.700,-0.207,2.252,-11.059,0.00,0.00,72.82,0.00,
26.911,15,0.0,1.6,0.0,0.0,193,3591,2,5060,5067,108,34.5,34.5,34.5,34.5,34.5,0,14.40,14.38,11.7,25.5,72,0.99,72.0,66.0,-0.7,1.02,12,28,94,-0.664,-14.75,0,3,0.00,0.035,313.3081,27.800,0.000,0.000,0.000,0.000,0.000,0.000,2.614,25.7000,25.65,1.0770,2.0,28.40,27.700,0,0.00,0.00,131072.00,79.343,0.039,0.109,0.000,-0.070,98.900,99.800,-0.036,1.275,-13.488,0.00,0.00,72.82,0.00,
26.996,15,0.0,1.6,0.0,0.0,193,3586,2,5060,5044,108,33.7,34.0,34.0,34.0,34.0,0,14.30,14.28,11.3,24.7,72,0.99,68.0,59.7,-0.7,1.01,12,28,94,-0.725,-14.75,0,3,0.00,0.036,313.6376,28.100,0.000,0.000,0.000,0.000,0.000,0.000,2.604,25.7400,25.46,1.0758,2.0,27.40,27.500,0,0.00,0.00,131072.00,77.656,0.041,0.109,0.000,-0.068,100.100,99.900,0.000,0.573,-9.600,0.00,0.00,72.96,0.00,
27.069,15,0.0,1.5,0.0,0.0,193,3599,2,5060,5050,108,33.7,34.0,34.0,34.0,34.0,0,14.23,14.24,10.9,24.7,72,0.99,68.0,59.9,-0.7,1.00,12,28,94,-0.709,-14.75,0,3,0.00,0.036,313.7915,27.800,0.000,0.000,0.000,0.000,0.000,0.000,2.599,25.5400,25.41,1.0746,2.0,27.10,27.200,0,0.00,0.00,131072.00,77.000,0.042,0.109,0.000,-0.066,99.700,100.300,0.042,0.048,-7.696,0.00,0.00,72.96,0.00,
27.149,15,0.0,1.5,0.0,0.0,193,3613,2,5060,5047,108,33.7,34.0,34.0,34.0,34.0,0,14.31,14.33,10.9,24.0,72,0.99,68.0,60.8,-0.7,1.00,12,28,95,-0.639,-14.75,0,3,0.00,0.033,314.4506,28.500,0.000,0.000,0.000,0.000,0.000,0.000,2.401,24.0800,23.51,1.0736,2.0,24.20,23.500,0,0.00,0.00,131072.00,73.812,0.042,0.107,0.000,-0.064,101.200,102.600,0.103,-0.720,-14.154,0.00,0.00,72.82,0.00,
27.229,10,0.0,1.5,0.0,0.0,193,3608,2,5060,5064,107,26.2,26.4,29.5,27.9,29.5,0,14.39,14.39,10.1,23.2,72,0.99,64.0,55.7,-0.7,1.01,11,28,96,-0.721,-14.75,0,3,0.00,0.031,315.6372,27.500,0.000,0.000,0.000,0.000,0.000,0.000,2.260,20.9500,21.55,1.0724,2.0,20.00,15.500,0,0.00,0.00,131072.00,69.906,0.044,0.107,0.000,-0.062,102.200,105.000,-0.415,-1.397,-19.067,0.00,0.00,72.96,0.00,
27.309,0,0.0,1.5,0.0,0.0,193,3594,2,4735,5041,107,19.5,19.6,19.6,19.6,19.3,0,14.38,14.37,8.5,17.2,72,0.99,48.0,50.6,-0.6,1.00,9,28,99,-0.612,-14.75,0,3,0.00,0.026,320.1196,4.000,0.000,0.000,0.000,0.000,0.000,0.000,1.560,13.5700,13.21,1.0709,2.0,-0.50,-12.900,0,0.00,0.00,131072.00,54.031,0.052,0.107,0.000,-0.054,106.200,110.500,-2.923,0.000,-62.396,0.00,0.00,72.82,0.00,
27.400,0,0.0,1.6,0.0,0.0,193,3550,2,3576,4812,107,10.5,11.2,13.9,6.3,6.3,0,14.37,14.37,5.8,12.0,72,0.99,32.0,37.6,-0.1,1.00,7,28,99,-0.623,-14.75,0,3,0.00,0.022,322.2729,4.000,0.000,0.000,0.000,0.000,0.000,0.000,1.602,13.5200,12.36,1.0655,2.0,-23.30,-36.700,0,0.00,0.00,131072.00,43.656,0.050,0.105,0.000,-0.054,113.200,115.800,9.722,0.000,199.993,0.00,0.00,72.82,0.00,
27.479,0,0.0,1.5,0.0,0.0,193,3482,3,2585,4610,107,-0.7,-1.3,-1.3,0.1,-0.6,0,14.43,14.47,5.4,13.5,72,0.99,36.0,33.2,-0.3,1.00,7,28,19,-0.857,-14.75,0,3,0.00,0.024,321.1303,4.000,0.000,0.000,0.000,0.000,0.000,0.000,1.561,13.4700,14.45,1.0554,2.0,-23.60,-36.400,0,0.00,0.00,131072.00,40.531,0.052,0.105,0.000,-0.052,117.700,116.600,-2.227,0.000,199.993,0.00,0.00,73.11,0.00,
27.549,0,0.0,1.5,0.0,0.0,193,3488,3,2219,4411,107,-8.2,-8.5,-7.7,-9.3,-9.3,0,15.62,15.62,6.2,13.5,72,0.99,36.0,44.3,-0.9,1.09,7,28,19,-0.859,-14.75,0,3,0.00,0.024,320.5590,4.000,0.000,0.000,0.000,0.000,0.000,0.000,1.507,13.4800,13.98,1.0404,2.0,-26.70,-36.500,0,0.00,0.00,131072.00,39.625,0.105,0.105,0.000,0.000,118.300,116.700,-3.985,0.000,199.993,0.00,0.00,73.11,0.00,
27.619,0,0.0,1.4,0.0,0.0,193,3472,3,2075,4227,107,-9.7,-10.0,-10.0,-10.0,-10.0,0,16.70,16.68,5.8,13.5,72,0.99,36.0,50.3,-1.1,1.16,7,28,19,-0.816,-14.75,0,3,0.00,0.024,320.1196,4.000,0.000,0.000,0.000,0.000,0.000,0.000,1.471,13.4600,13.61,1.0234,2.0,-27.50,-36.400,0,0.00,0.00,131072.00,39.218,0.105,0.105,0.000,0.000,118.200,116.700,-4.394,0.000,147.802,0.00,0.00,72.96,0.00,
27.701,0,0.0,1.3,0.0,0.0,193,3455,3,2006,4044,107,-9.7,-10.0,-10.0,-10.0,-10.0,0,17.97,18.26,5.8,13.5,72,0.99,36.0,44.4,-1.1,1.24,7,28,19,-0.725,-14.75,0,3,0.00,0.026,319.3066,4.000,0.000,0.000,0.000,0.000,0.000,0.000,1.457,13.4400,13.66,1.0131,2.0,-28.20,-37.300,0,0.00,0.00,131072.00,38.875,0.105,0.105,0.000,0.000,118.400,116.700,0.347,-0.299,-10.913,0.00,0.00,72.96,0.00,
27.779,0,0.0,1.2,0.0,0.0,193,3420,3,1970,3834,107,-9.7,-10.0,-10.0,-10.0,-10.0,0,14.98,14.98,5.8,13.5,72,0.99,36.0,36.4,-0.9,1.07,7,28,19,-0.644,-14.75,0,3,0.00,0.024,320.6030,4.000,0.000,0.000,0.000,0.000,0.000,0.000,1.412,13.3900,13.42,1.0098,2.0,-28.10,-37.400,0,0.00,0.00,131072.00,38.437,0.105,0.105,0.000,0.000,118.200,116.700,0.000,-0.628,-4.248,0.00,0.00,72.82,0.00,
27.859,0,0.0,1.1,0.0,0.0,194,3349,3,1954,3649,107,-9.7,-10.0,-10.0,-10.0,-10.0,0,15.14,15.14,5.8,13.5,72,0.99,32.0,33.7,-0.8,1.12,7,28,99,-0.560,-14.75,0,3,0.00,0.020,0.0000,17.100,0.000,0.000,0.000,0.000,0.000,0.000,1.385,13.3100,13.51,1.0085,2.0,-27.80,-37.100,0,0.00,0.00,131072.00,37.656,0.105,0.105,0.000,0.000,118.400,117.500,4.559,0.000,-200.000,0.00,0.00,72.82,0.00,
27.929,0,0.0,1.1,0.0,0.0,194,3252,3,1948,3605,107,0.0,0.0,0.0,0.0,0.0,0,14.54,14.53,5.8,12.7,72,0.99,32.0,36.9,-0.7,1.00,7,28,99,-0.519,-14.75,0,3,0.00,0.020,0.0000,17.100,0.000,0.000,0.000,0.000,0.000,0.000,1.340,13.2000,13.43,1.0085,2.0,-36.20,-36.300,0,0.00,0.00,131072.00,36.687,0.105,0.105,0.000,0.000,119.100,117.500,4.656,0.000,-200.000,0.00,0.00,72.67,0.00,
28.009,0,0.0,1.0,0.0,0.0,194,3099,3,1945,3610,107,-1.5,-1.5,-1.5,-1.0,-1.0,0,15.62,15.98,5.8,12.7,72,0.99,32.0,37.3,-0.6,1.00,7,28,99,-0.490,-14.75,0,3,0.00,0.020,0.0000,17.100,0.000,0.000,0.000,0.000,0.000,0.000,1.264,13.0400,13.05,1.0098,2.0,-35.30,-35.300,0,0.00,0.00,131072.00,34.812,0.105,0.105,0.000,0.000,119.300,117.500,4.602,-0.939,-200.000,0.00,0.00,72.67,0.00,
28.089,0,0.0,0.9,0.0,0.0,194,2971,3,1944,3615,107,-1.5,-1.5,-1.5,-1.0,-1.0,0,19.11,19.11,5.4,12.7,72,0.99,28.0,35.1,-0.6,1.00,7,28,99,-0.501,-14.75,0,3,0.00,0.018,0.0000,16.700,0.000,0.000,0.000,0.000,0.000,0.000,1.203,12.9100,12.80,1.0120,2.0,-34.90,-26.400,0,0.00,0.00,131072.00,33.000,0.105,0.105,0.000,0.000,119.500,117.500,4.827,-7.678,-61.175,0.00,0.00,72.67,0.00,
28.169,2,0.0,0.9,0.0,0.0,194,2831,3,1943,3618,107,-0.7,-1.4,-1.4,-2.0,-1.7,0,19.11,19.11,5.4,12.7,72,0.99,28.0,29.8,-0.6,1.00,6,28,99,-0.535,-14.75,0,3,0.00,0.018,0.0000,4.000,0.000,0.000,0.000,0.000,0.000,0.000,1.174,12.7800,12.81,1.0151,2.0,-29.60,-16.000,0,0.00,0.00,131072.00,31.250,0.105,0.105,0.000,0.000,119.500,117.500,4.827,-7.678,-61.175,0.00,0.00,72.67,0.00,
28.249,4,0.0,0.9,0.0,0.0,194,2710,3,1943,3516,107,0.7,0.9,2.3,1.6,2.3,0,19.11,19.11,5.4,12.0,72,0.99,24.0,33.9,-0.7,1.00,6,28,99,-0.582,-14.75,0,3,0.00,0.018,322.2509,4.000,0.000,0.000,0.000,0.000,0.000,0.000,1.117,12.8400,12.50,1.0175,2.0,-16.90,-10.200,0,0.00,0.00,131072.00,29.656,0.105,0.105,0.000,0.000,118.800,117.500,4.827,-7.678,-61.175,0.00,0.00,72.82,0.00,
28.329,5,0.0,0.9,0.0,0.0,194,2609,3,1943,3373,108,7.5,7.9,6.8,9.1,9.1,0,19.11,19.11,5.4,12.0,72,0.99,24.0,34.8,-0.6,1.00,6,28,99,-0.594,-14.75,0,3,0.00,0.018,322.3388,4.000,0.000,0.000,0.000,0.000,0.000,0.000,1.139,13.5500,13.21,1.0186,2.0,-13.70,-8.800,0,0.00,0.00,131072.00,29.062,0.105,0.105,0.000,0.000,118.400,117.500,4.827,-7.678,-61.175,0.00,0.00,72.82,0.00,
28.410,6,0.0,0.9,0.0,0.0,194,2511,3,1943,3235,108,19.5,19.6,18.0,19.6,16.4,0,19.11,19.11,6.2,13.5,72,0.99,24.0,42.4,-0.7,1.00,6,28,99,-0.657,-14.75,0,3,0.00,0.018,321.7675,4.000,0.000,0.000,0.000,0.000,0.000,0.000,1.203,14.7700,14.55,1.0194,2.0,-5.60,-4.400,0,0.00,0.00,131072.00,30.000,0.105,0.105,0.000,0.000,118.200,116.900,4.827,-7.678,-61.175,0.00,0.00,72.82,0.00,
28.489,6,0.0,0.9,0.0,0.0,194,2433,3,1943,3089,108,27.7,28.0,28.0,24.7,23.8,0,19.11,19.11,6.6,13.5,72,0.99,24.0,37.1,-0.7,1.00,6,28,99,-0.678,-14.75,0,3,0.00,0.018,321.8334,4.000,0.000,0.000,0.000,0.000,0.000,0.000,1.075,13.5500,13.66,1.0203,0.0,-0.30,-1.800,0,0.00,0.00,131072.00,28.843,0.105,0.105,0.000,0.000,117.500,117.400,4.827,-7.678,-61.175,0.00,0.00,72.82,0.00,
28.569,6,0.0,0.9,0.0,0.0,194,2355,3,1943,2959,108,30.7,31.0,22.1,30.5,30.5,0,19.11,19.11,6.2,12.7,72,0.99,24.0,33.7,-0.6,1.00,6,28,99,-0.585,-14.75,0,3,0.00,0.017,322.5146,4.000,0.000,0.000,0.000,0.000,0.000,0.000,1.070,13.6700,13.62,1.0203,0.0,-1.50,-1.500,0,0.00,0.00,131072.00,27.437,0.105,0.105,0.000,0.000,117.900,117.500,4.827,-7.678,-61.175,0.00,0.00,72.82,0.00,
28.649,7,0.0,0.8,0.0,0.0,194,2293,3,1943,2836,108,29.2,29.5,29.5,30.0,30.0,0,18.92,18.21,6.6,13.5,72,0.99,24.0,34.2,-0.5,1.00,6,28,99,-0.571,-14.75,0,3,0.00,0.017,322.2290,4.000,0.000,0.000,0.000,0.000,0.000,0.000,1.049,13.7400,13.66,1.0203,0.0,-0.70,-1.200,0,0.00,0.00,131072.00,26.656,0.105,0.105,0.000,0.000,117.700,117.500,4.827,-7.678,-61.175,0.00,0.00,72.82,0.00,
28.729,7,0.0,0.8,0.0,0.0,194,2263,3,1943,2712,108,30.0,30.0,21.0,29.5,29.5,0,16.86,16.51,6.6,12.7,72,0.99,24.0,35.2,-0.5,1.00,6,28,99,-0.555,-14.75,0,3,0.00,0.017,322.3608,4.000,0.000,0.000,0.000,0.000,0.000,0.000,1.040,13.7100,13.63,1.0203,0.0,-0.80,-1.000,0,0.00,0.00,131072.00,26.093,0.105,0.105,0.000,0.000,117.600,117.500,4.827,-7.678,-61.175,0.00,0.00,72.82,0.00,
28.809,7,0.0,0.8,0.0,0.0,194,2264,3,1943,2596,108,24.0,24.1,24.1,30.0,24.1,0,15.71,15.50,6.6,13.5,72,0.99,20.0,33.0,-0.5,1.00,5,28,99,-0.564,-14.75,0,3,0.00,0.017,321.8774,4.000,0.000,0.000,0.000,0.000,0.000,0.000,1.040,13.7700,13.58,1.0202,0.0,-0.90,-0.900,0,0.00,0.00,131072.00,25.968,0.105,0.105,0.000,0.000,117.800,117.500,4.827,-7.678,-61.175,0.00,0.00,72.82,0.00,
28.889,7,0.0,0.8,0.0,0.0,194,2269,3,1943,2479,108,30.0,30.0,30.0,30.0,30.0,0,15.07,14.97,6.6,13.5,72,0.99,20.0,33.7,-0.5,0.91,5,28,99,-0.590,-14.75,0,3,0.00,0.018,322.5805,4.000,0.000,0.000,0.000,0.000,0.000,0.000,1.040,13.6100,13.51,1.0202,0.0,-0.60,-0.700,0,0.00,0.00,131072.00,25.875,0.105,0.105,0.000,0.000,117.800,117.500,4.827,-7.678,-61.175,0.00,0.00,72.82,0.00,
28.969,7,0.0,0.8,0.0,0.0,194,2274,3,1943,2370,108,30.0,30.5,30.5,24.6,28.2,0,14.53,14.50,6.6,12.7,72,0.99,20.0,51.2,-0.5,0.92,5,28,99,-0.639,-14.75,0,3,0.00,0.017,322.2949,5.700,0.000,0.000,0.000,0.000,0.000,0.000,1.040,13.6400,13.37,1.0202,0.0,-0.70,-0.900,0,0.00,0.00,131072.00,25.750,0.105,0.105,0.000,0.000,117.800,117.500,4.827,-7.678,-61.175,0.00,0.00,72.82,0.00,
29.049,7,0.0,0.8,0.0,0.0,194,2277,3,1943,2265,108,30.7,31.0,31.5,31.0,31.5,0,14.31,14.29,6.2,12.7,72,0.99,20.0,38.6,-0.6,0.94,5,28,99,-0.684,-14.75,0,3,0.00,0.017,322.0751,8.800,0.000,0.000,0.000,0.000,0.000,0.000,1.062,13.8000,13.62,1.0202,0.0,-1.70,-1.400,0,0.00,0.00,131072.00,25.937,0.105,0.105,0.000,0.000,117.600,117.500,4.827,-7.678,-61.175,0.00,0.00,72.82,0.00,
29.129,7,0.0,0.8,0.0,0.0,194,2279,3,1943,2158,108,30.0,30.0,30.0,30.0,28.5,0,14.25,14.27,6.6,13.5,72,0.99,24.0,34.8,-0.7,0.96,5,28,99,-0.741,-14.75,0,3,0.00,0.017,321.3500,11.800,0.000,0.000,0.000,0.000,0.000,0.000,1.062,13.8700,13.56,1.0202,0.0,-1.20,-1.300,0,0.00,0.00,131072.00,26.156,0.083,0.105,0.000,-0.021,117.700,117.000,4.827,-7.678,-61.175,0.00,0.00,72.96,0.00,
29.209,7,0.0,0.8,0.0,0.0,194,2281,3,1943,2050,108,30.0,30.5,30.5,30.0,30.5,0,14.36,14.38,6.6,13.5,72,0.99,20.0,40.1,-0.7,0.98,5,28,99,-0.766,-14.75,0,3,0.00,0.017,320.8447,13.900,0.000,0.000,0.000,0.000,0.000,0.000,1.062,13.8700,13.51,1.0202,0.0,-1.40,-1.400,0,0.00,0.00,131072.00,26.250,0.083,0.105,0.000,-0.021,117.100,116.800,4.827,-7.678,-61.175,0.00,0.00,72.96,0.00,
29.299,7,0.0,0.8,0.0,0.0,194,2279,3,1943,1992,108,23.2,23.5,30.0,23.5,25.4,0,14.45,14.46,6.6,13.5,72,0.99,24.0,38.2,-0.7,0.99,5,27,99,-0.821,-14.75,0,3,0.00,0.020,320.1416,15.900,0.000,0.000,0.000,0.000,0.000,0.000,1.139,14.9400,14.60,1.0202,0.0,-1.00,0.300,0,0.00,0.00,131072.00,27.250,0.085,0.105,0.000,-0.019,116.400,116.800,4.827,-7.678,-61.175,0.00,0.00,72.96,0.00,
29.381,8,0.0,0.8,0.0,0.0,194,2277,3,1943,1953,108,19.5,19.7,19.7,19.7,20.4,0,14.48,14.48,7.0,14.2,72,0.99,24.0,37.5,-0.9,1.00,5,27,99,-0.923,-14.75,0,3,0.00,0.020,319.6142,15.900,0.000,0.000,0.000,0.000,0.000,0.000,1.160,15.1500,14.78,1.0202,0.0,1.30,1.700,0,0.00,0.00,131072.00,28.187,0.085,0.105,0.000,-0.019,116.500,116.700,4.827,-7.678,-61.175,0.00,0.00,73.11,0.00,
29.459,8,0.0,0.8,0.0,0.0,194,2266,3,1943,1967,108,20.2,20.8,19.4,19.7,19.7,0,14.45,14.45,7.0,14.2,72,0.99,24.0,34.4,-1.0,1.01,5,27,99,-0.964,-14.75,0,3,0.00,0.020,319.5263,16.200,0.000,0.000,0.000,0.000,0.000,0.000,1.182,15.4500,15.08,1.0203,0.0,1.70,2.200,0,0.00,0.00,131072.00,28.562,0.085,0.105,0.000,-0.019,116.400,116.700,4.827,-7.678,-61.175,0.00,0.00,73.11,0.00,
29.540,8,0.0,0.7,0.0,0.0,194,2259,3,1943,1943,108,24.0,24.5,24.5,18.4,24.5,0,14.43,14.43,7.4,15.0,72,0.99,24.0,37.8,-1.0,1.02,5,27,99,-0.993,-14.75,0,3,0.00,0.020,318.7573,16.600,0.000,0.000,0.000,0.000,0.000,0.000,1.281,16.9100,16.72,1.0203,0.0,4.20,7.000,0,0.00,0.00,131072.00,30.062,0.085,0.105,0.000,-0.019,116.700,116.300,4.827,-7.678,-61.175,0.00,0.00,73.25,0.00,
29.619,9,0.0,0.7,0.0,0.0,194,2266,3,1943,1953,108,24.7,25.0,25.0,25.0,25.0,0,14.35,14.33,8.2,16.5,72,0.99,28.0,36.9,-1.0,1.02,6,27,99,-1.034,-14.75,0,3,0.00,0.022,317.0654,18.700,0.000,0.000,0.000,0.000,0.000,0.000,1.408,20.7900,18.62,1.0206,0.0,10.20,13.200,0,0.00,0.00,131072.00,33.656,0.087,0.105,0.000,-0.017,115.900,114.300,4.827,-7.678,-61.175,0.00,0.00,73.25,0.00,
29.699,11,0.0,0.7,0.0,0.0,194,2275,3,2040,1939,108,27.0,27.0,27.0,26.0,26.5,0,14.21,14.20,10.5,21.0,72,0.99,36.0,33.0,-1.1,1.02,8,27,99,-1.088,-14.75,0,3,0.00,0.024,313.4179,19.900,0.000,0.000,0.000,0.000,0.000,0.000,1.742,24.8200,23.83,1.0217,0.0,21.00,26.800,0,0.00,0.00,131072.00,41.375,0.087,0.105,0.000,-0.017,113.500,109.200,4.827,-7.678,-61.175,0.00,0.00,73.25,0.00,
29.780,12,0.0,0.7,0.0,0.0,194,2303,3,2150,2066,108,18.0,18.0,23.7,22.4,22.4,0,14.06,14.03,12.1,24.7,72,0.99,44.0,40.2,-0.8,1.02,10,27,99,-0.990,-14.75,0,3,0.00,0.026,308.5839,18.900,0.000,0.000,0.000,0.000,0.000,0.000,1.859,25.8000,25.70,1.0245,0.0,31.30,31.700,0,0.00,0.00,131072.00,46.687,0.087,0.105,0.000,-0.017,108.800,104.300,4.827,-7.678,-61.175,0.00,0.00,73.25,0.00,
29.868,13,0.0,0.7,0.0,0.0,194,2326,3,2261,2311,108,28.5,28.5,28.5,23.0,25.6,0,13.95,13.94,12.1,25.5,72,0.99,44.0,43.2,-0.7,1.02,10,27,99,-0.925,-14.75,0,3,0.00,0.026,309.6386,18.100,0.000,0.000,0.000,0.000,0.000,0.000,1.985,27.3300,26.78,1.0274,0.0,32.80,34.200,0,0.00,0.00,131072.00,50.156,0.087,0.105,0.000,-0.017,102.900,101.500,0.207,0.000,9.295,0.00,0.00,73.11,0.00,
29.949,14,0.0,0.7,0.0,0.0,194,2323,3,2405,2395,108,18.7,19.2,18.1,18.8,18.1,0,13.78,13.74,13.2,27.0,72,0.99,48.0,45.0,-0.7,1.02,11,27,98,-0.929,-14.75,0,3,0.00,0.027,307.1997,20.600,0.000,0.000,0.000,0.000,0.000,0.000,2.208,29.6400,29.46,1.0303,0.0,38.60,42.700,0,0.00,0.00,131072.00,54.500,0.087,0.107,0.000,-0.019,99.100,98.500,0.024,0.610,12.158,0.00,0.00,73.11,0.00,
30.043,14,0.0,0.7,0.0,0.0,194,2316,3,2516,2495,108,28.5,29.0,29.0,29.0,29.0,0,13.57,13.57,14.0,30.0,72,0.99,52.0,48.7,-0.7,1.01,12,27,98,-0.940,-14.75,0,3,0.00,0.029,303.7500,21.700,0.000,0.000,0.000,0.000,0.000,0.000,2.348,31.1800,31.13,1.0330,0.0,47.50,48.000,0,0.00,0.00,131072.00,58.156,0.087,0.107,0.000,-0.019,97.000,96.100,-0.183,1.422,7.812,0.00,0.00,73.11,0.00,
30.129,14,0.0,0.7,0.0,0.0,194,2297,3,2641,2638,108,28.5,28.5,28.5,28.5,28.0,0,13.70,13.73,14.8,30.7,72,0.99,52.0,52.4,-0.7,1.03,12,27,97,-0.846,-14.75,0,3,0.00,0.031,303.5522,22.000,0.000,0.000,0.000,0.000,0.000,0.000,2.377,31.7300,31.43,1.0353,0.0,49.90,49.600,0,0.00,0.00,131072.00,59.750,0.085,0.107,0.000,-0.021,94.700,95.100,-0.018,1.617,0.750,0.00,0.00,73.11,0.00,
30.209,14,0.0,0.8,0.0,0.0,194,2269,3,2769,2776,108,27.7,28.0,28.0,28.0,28.0,0,13.76,13.76,15.6,31.5,72,0.99,52.0,51.5,-0.6,1.03,12,28,97,-0.698,-14.75,0,3,0.00,0.029,303.3984,22.400,0.000,0.000,0.000,0.000,0.000,0.000,2.401,32.1600,31.71,1.0375,0.0,51.40,50.800,0,0.00,0.00,131072.00,60.437,0.083,0.107,0.000,-0.023,93.700,94.500,0.012,1.721,2.105,0.00,0.00,72.96,0.00,
30.289,14,0.0,0.8,0.0,0.0,194,2279,3,2882,2898,108,27.7,28.0,28.0,28.0,28.0,0,13.61,13.59,15.6,31.5,72,0.99,52.0,49.6,-0.7,1.02,12,28,97,-0.683,-14.75,0,3,0.00,0.031,303.9038,22.700,0.000,0.000,0.000,0.000,0.000,0.000,2.473,32.6300,31.92,1.0390,0.0,51.60,51.800,0,0.00,0.00,131072.00,61.125,0.083,0.107,0.000,-0.023,92.900,93.800,0.012,1.873,3.314,0.00,0.00,72.82,0.00,
30.369,15,0.0,0.8,0.0,0.0,195,2291,3,2996,3011,108,27.7,28.0,28.0,28.0,28.0,0,13.38,13.34,15.6,32.2,72,0.99,56.0,48.2,-0.7,1.01,12,28,97,-0.662,-14.75,0,3,0.00,0.029,303.7719,23.300,0.000,0.000,0.000,0.000,0.000,0.000,2.623,33.6200,33.40,1.0405,0.0,53.20,54.700,0,0.00,0.00,131072.00,62.812,0.082,0.107,0.000,-0.025,92.300,93.000,0.061,2.117,5.438,0.00,0.00,72.82,0.00,
30.452,15,0.0,0.8,0.0,0.0,195,2296,3,3112,3132,108,27.0,27.0,27.0,27.0,27.5,0,13.13,13.09,16.0,33.0,72,0.99,56.0,51.9,-0.7,0.99,12,28,97,-0.705,-14.75,0,3,0.00,0.031,306.4306,22.800,0.000,0.000,0.000,0.000,0.000,0.000,2.754,34.8000,34.31,1.0424,0.0,55.10,54.800,0,0.00,0.00,131072.00,64.812,0.082,0.107,0.000,-0.025,92.100,92.300,-0.036,2.496,6.433,0.00,0.00,72.96,0.00,
30.530,15,0.0,0.8,0.0,0.0,195,2299,3,3223,3240,108,27.0,27.0,26.5,27.0,26.5,0,13.04,13.04,16.7,34.5,72,0.99,60.0,52.7,-0.7,0.98,13,28,97,-0.714,-14.75,0,3,0.00,0.031,305.7275,23.100,0.000,0.000,0.000,0.000,0.000,0.000,2.811,35.1900,34.88,1.0444,0.0,58.10,57.600,0,0.00,0.00,131072.00,66.375,0.080,0.107,0.000,-0.027,91.100,92.000,-0.067,2.923,6.665,0.00,0.00,72.96,0.00,
30.609,16,0.0,0.8,0.0,0.0,194,2303,3,3336,3342,108,26.2,26.5,26.5,26.5,26.5,0,13.19,13.25,17.1,35.2,72,0.99,60.0,54.4,-0.7,0.98,13,28,96,-0.739,-14.75,0,3,0.00,0.033,304.4531,24.100,0.000,0.000,0.000,0.000,0.000,0.000,3.039,37.2000,36.95,1.0462,0.0,60.80,62.800,0,0.00,0.00,131072.00,68.906,0.078,0.107,0.000,-0.029,91.000,91.000,0.012,3.320,6.622,0.00,0.00,72.96,0.00,
30.690,16,0.0,0.8,0.0,0.0,195,2310,3,3453,3437,108,25.5,25.5,25.5,25.5,25.5,0,13.59,13.66,17.9,37.5,72,0.99,64.0,58.7,-0.7,0.98,13,28,96,-0.682,-14.75,0,3,0.00,0.033,302.7172,25.100,0.000,0.000,0.000,0.000,0.000,0.000,3.153,38.1800,37.91,1.0483,0.0,65.40,65.000,0,0.00,0.00,131072.00,71.593,0.076,0.107,0.000,-0.031,89.800,90.300,0.030,3.753,7.324,0.00,0.00,72.82,0.00,
30.769,16,0.0,0.9,0.0,0.0,195,2317,3,3572,3558,108,24.0,24.5,24.5,24.5,24.5,0,13.96,14.00,18.3,38.2,72,0.99,68.0,60.4,-0.7,0.98,13,28,96,-0.603,-14.75,0,3,0.00,0.033,302.3657,26.100,0.000,0.000,0.000,0.000,0.000,0.000,3.263,38.7700,38.28,1.0510,0.0,66.80,66.500,0,0.00,0.00,131072.00,73.531,0.074,0.107,0.000,-0.033,89.200,89.700,0.030,4.132,6.341,0.00,0.00,72.82,0.00,
30.849,16,0.0,0.9,0.0,0.0,195,2317,3,3692,3701,108,24.0,24.0,24.0,24.0,24.0,0,14.16,14.17,18.3,38.2,72,0.99,68.0,60.4,-0.6,0.98,14,28,95,-0.596,-14.75,0,3,0.00,0.033,302.5415,26.300,0.000,0.000,0.000,0.000,0.000,0.000,3.268,38.8500,38.56,1.0532,0.0,67.80,67.300,0,0.00,0.00,131072.00,74.468,0.072,0.107,0.000,-0.035,88.700,89.600,0.000,4.431,5.419,0.00,0.00,72.82,0.00,
30.929,16,0.0,1.0,0.0,0.0,195,2324,3,3802,3829,108,24.0,24.0,24.0,24.0,24.0,0,14.21,14.24,18.7,38.2,72,0.99,68.0,60.8,-0.6,0.98,13,28,95,-0.644,-14.75,0,3,0.00,0.033,303.0908,25.900,0.000,0.000,0.000,0.000,0.000,0.000,3.292,38.8500,38.47,1.0554,0.0,67.60,67.500,0,0.00,0.00,131072.00,74.937,0.068,0.107,0.000,-0.039,88.400,89.500,0.030,4.742,5.725,0.00,0.00,72.82,0.00,
31.017,16,0.0,1.0,0.0,0.0,195,2330,3,3904,3924,108,24.0,24.5,24.5,24.0,24.0,0,14.27,14.28,18.3,38.2,72,0.99,68.0,60.0,-0.6,0.97,13,28,95,-0.703,-14.75,0,3,0.00,0.034,303.8818,26.000,0.000,0.000,0.000,0.000,0.000,0.000,3.340,38.8900,38.23,1.0576,0.0,67.00,66.900,0,0.00,0.00,131072.00,75.312,0.068,0.109,0.000,-0.041,88.500,89.500,-0.097,4.962,2.593,0.00,0.00,72.96,0.00,
31.089,16,0.0,1.0,0.0,0.0,195,2340,3,4019,4044,108,24.0,24.5,24.5,24.5,24.5,0,14.34,14.35,18.3,38.2,72,0.99,68.0,59.8,-0.7,0.97,13,28,95,-0.662,-14.75,0,3,0.00,0.033,304.0136,26.400,0.000,0.000,0.000,0.000,0.000,0.000,3.379,39.0100,38.32,1.0593,0.0,66.90,67.100,0,0.00,0.00,131072.00,75.625,0.066,0.109,0.000,-0.042,88.800,89.500,-0.018,5.133,2.441,0.00,0.00,72.82,0.00,
31.180,16,0.0,1.1,0.0,0.0,195,2348,3,4119,4143,108,24.0,24.0,24.0,24.0,24.0,0,14.42,14.44,18.3,38.2,72,0.99,68.0,60.6,-0.7,0.99,13,28,95,-0.692,-14.75,0,3,0.00,0.036,302.9589,26.700,0.000,0.000,0.000,0.000,0.000,0.000,3.427,38.8900,38.73,1.0610,0.0,67.90,68.000,0,0.00,0.00,131072.00,75.906,0.064,0.109,0.000,-0.044,88.700,89.500,-0.018,5.340,2.899,0.00,0.00,72.96,0.00,
31.259,16,0.0,1.1,0.0,0.0,195,2353,3,4222,4250,108,24.0,24.0,24.0,24.0,24.0,0,14.51,14.51,18.3,38.2,72,0.99,68.0,62.2,-0.7,0.99,13,28,95,-0.678,-14.75,0,3,0.00,0.036,303.2446,27.100,0.000,0.000,0.000,0.000,0.000,0.000,3.427,38.9300,38.87,1.0627,0.0,68.00,68.300,0,0.00,0.00,131072.00,76.125,0.062,0.109,0.000,-0.046,89.100,89.500,0.012,5.511,2.825,0.00,0.00,72.82,0.00,
31.340,16,0.0,1.1,0.0,0.0,195,2355,3,4318,4353,108,24.0,24.0,24.0,24.0,24.0,0,14.52,14.52,18.3,38.2,72,0.99,68.0,62.9,-0.6,0.99,13,28,95,-0.718,-14.75,0,3,0.00,0.035,303.3984,26.700,0.000,0.000,0.000,0.000,0.000,0.000,3.427,38.8900,38.75,1.0638,0.0,68.30,68.200,0,0.00,0.00,131072.00,76.281,0.062,0.109,0.000,-0.046,88.900,89.500,0.000,5.639,1.904,0.00,0.00,72.96,0.00,
31.419,16,0.0,1.2,0.0,0.0,195,2364,3,4408,4436,108,24.0,24.0,24.0,24.0,24.0,0,14.51,14.50,18.3,38.2,72,0.99,68.0,61.7,-0.6,1.00,13,29,95,-0.718,-14.75,0,3,0.00,0.033,303.6401,27.400,0.000,0.000,0.000,0.000,0.000,0.000,3.427,38.8900,38.55,1.0645,0.0,68.00,67.800,0,0.00,0.00,131072.00,76.437,0.058,0.109,0.000,-0.050,89.000,89.500,0.000,5.755,2.136,0.00,0.00,72.96,0.00,
31.500,16,0.0,1.2,0.0,0.0,195,2375,3,4496,4519,108,24.0,24.0,24.0,24.0,24.0,0,14.47,14.46,18.3,38.2,72,0.99,68.0,61.6,-0.6,1.00,13,29,95,-0.673,-14.75,0,3,0.00,0.033,303.8818,27.600,0.000,0.000,0.000,0.000,0.000,0.000,3.441,38.9300,38.60,1.0654,0.0,67.60,67.700,0,0.00,0.00,131072.00,76.750,0.056,0.109,0.000,-0.052,88.900,89.500,-0.036,5.865,1.141,0.00,0.00,72.82,0.00,
31.590,15,0.0,1.3,0.0,0.0,195,2382,3,4600,4623,108,24.0,24.0,24.0,24.0,24.0,0,14.42,14.42,17.9,38.2,72,0.99,68.0,61.3,-0.7,1.00,13,29,95,-0.700,-14.75,0,3,0.00,0.033,304.2333,27.200,0.000,0.000,0.000,0.000,0.000,0.000,3.354,37.9500,37.73,1.0662,0.0,67.40,66.200,0,0.00,0.00,131072.00,76.156,0.056,0.109,0.000,-0.052,89.300,89.500,-0.018,5.957,0.610,0.00,0.00,72.96,0.00,
31.669,15,0.0,1.3,0.0,0.0,195,2385,3,4677,4705,108,24.7,25.0,25.0,25.0,25.0,0,14.41,14.40,17.5,36.7,72,0.99,68.0,59.6,-0.6,1.00,12,29,95,-0.766,-14.75,0,3,0.00,0.031,307.1118,26.800,0.000,0.000,0.000,0.000,0.000,0.000,3.001,34.6400,34.32,1.0670,0.0,63.60,57.700,0,0.00,0.00,131072.00,72.687,0.052,0.107,0.000,-0.054,89.200,91.600,-0.170,5.853,-6.903,0.00,0.00,72.96,0.00,
31.749,14,0.0,1.3,0.0,0.0,195,2389,3,4758,4771,108,27.0,27.0,27.5,27.5,27.5,0,14.40,14.39,15.6,33.0,72,0.99,60.0,55.5,-0.6,1.00,11,29,96,-0.709,-14.75,0,3,0.00,0.031,309.6826,27.000,0.000,0.000,0.000,0.000,0.000,0.000,2.956,34.2100,33.88,1.0667,0.0,55.30,54.800,0,0.00,0.00,131072.00,69.500,0.052,0.107,0.000,-0.054,91.000,92.000,-0.018,5.187,-12.884,0.00,0.00,72.96,0.00,
31.829,14,0.0,1.3,0.0,0.0,195,2401,3,4831,4860,108,27.0,27.5,27.5,27.5,27.5,0,14.37,14.36,16.0,33.7,72,0.99,60.0,52.8,-0.7,1.00,11,29,96,-0.823,-14.75,0,3,0.00,0.031,309.9243,26.800,0.000,0.000,0.000,0.000,0.000,0.000,2.850,33.1400,32.77,1.0653,0.0,55.50,53.900,0,0.00,0.00,131072.00,67.531,0.054,0.107,0.000,-0.052,91.700,92.700,-0.079,4.412,-13.385,0.00,0.00,72.96,0.00,
31.909,14,0.0,1.3,0.0,0.0,195,2414,3,4903,4916,108,27.7,28.0,28.0,28.0,28.0,0,14.40,14.42,15.2,32.2,72,0.99,60.0,53.3,-0.7,1.00,11,29,96,-0.875,-14.75,0,3,0.00,0.032,310.7373,26.800,0.000,0.000,0.000,0.000,0.000,0.000,2.864,33.0300,33.18,1.0642,0.0,53.00,53.500,0,0.00,0.00,131072.00,66.625,0.056,0.107,0.000,-0.050,92.800,92.700,0.012,3.643,-13.238,0.00,0.00,73.11,0.00,
31.999,14,0.0,1.3,0.0,0.0,195,2423,3,4982,4990,108,27.0,27.5,27.5,27.5,27.5,0,14.53,14.54,15.2,33.0,72,0.99,60.0,52.5,-0.8,1.01,11,29,96,-0.871,-14.75,0,3,0.00,0.032,310.7373,26.900,0.000,0.000,0.000,0.000,0.000,0.000,2.841,33.0300,33.05,1.0631,0.0,53.20,52.900,0,0.00,0.00,131072.00,66.531,0.056,0.107,0.000,-0.050,92.800,92.700,0.030,2.801,-10.742,0.00,0.00,73.11,0.00,
32.091,13,0.0,1.3,0.0,0.0,195,2432,3,5056,5067,108,27.0,27.5,27.5,28.0,28.0,0,14.59,14.59,15.2,31.5,72,0.99,56.0,53.4,-0.7,1.02,11,29,96,-0.846,-14.75,0,3,0.00,0.031,312.2753,26.400,0.000,0.000,0.000,0.000,0.000,0.000,2.599,31.0200,30.96,1.0622,2.0,51.10,47.800,0,0.00,0.00,131072.00,64.156,0.056,0.107,0.000,-0.050,93.500,94.900,0.012,1.953,-12.426,0.00,0.00,73.11,0.00,
32.169,13,0.0,1.3,0.0,0.0,195,2430,3,5060,5097,107,28.5,29.0,29.0,29.0,29.0,0,14.60,14.60,14.0,30.7,72,0.99,56.0,50.2,-0.8,1.02,10,29,97,-0.805,-14.75,0,3,0.00,0.031,313.6157,25.400,0.000,0.000,0.000,0.000,0.000,0.000,2.503,30.0700,30.31,1.0610,0.0,47.00,45.600,0,0.00,0.00,131072.00,62.187,0.058,0.107,0.000,-0.048,95.300,95.900,0.042,1.275,-11.193,0.00,0.00,72.96,0.00,
32.250,13,0.0,1.3,0.0,0.0,195,2430,3,5060,5075,107,28.5,29.0,29.0,29.0,29.0,0,14.52,14.50,13.6,29.2,72,0.99,56.0,48.2,-0.7,1.02,10,29,97,-0.794,-14.75,0,3,0.00,0.029,314.6264,25.700,0.000,0.000,0.000,0.000,0.000,0.000,2.339,28.7400,28.72,1.0598,0.0,45.10,41.500,0,0.00,0.00,131072.00,59.843,0.060,0.107,0.000,-0.046,96.500,97.400,-0.061,0.653,-11.260,0.00,0.00,72.96,0.00,
32.329,12,0.0,1.3,0.0,0.0,195,2435,3,5060,5069,107,30.0,30.0,30.0,30.0,30.0,0,14.47,14.48,13.2,27.7,72,0.99,52.0,45.6,-0.7,1.02,9,29,97,-0.789,-14.75,0,3,0.00,0.029,317.1533,25.100,0.000,0.000,0.000,0.000,0.000,0.000,2.257,27.7600,27.96,1.0584,0.0,38.80,37.600,0,0.00,0.00,131072.00,57.375,0.062,0.107,0.000,-0.044,98.300,99.100,0.103,-0.006,-8.630,0.00,0.00,72.96,0.00,
32.419,12,0.0,1.2,0.0,0.0,195,2432,3,5060,5074,107,30.0,30.0,30.0,30.0,30.0,0,14.52,14.53,12.8,27.0,72,0.99,52.0,43.3,-0.8,1.03,9,29,98,-0.758,-14.75,0,3,0.00,0.029,317.5268,25.100,0.000,0.000,0.000,0.000,0.000,0.000,2.160,26.8600,26.98,1.0562,0.0,36.70,35.000,0,0.00,0.00,131072.00,55.375,0.066,0.107,0.000,-0.041,100.100,99.900,0.073,-0.659,-9.753,0.00,0.00,72.96,0.00,
32.509,12,0.0,1.2,0.0,0.0,195,2444,3,5060,5072,107,30.0,30.0,30.0,30.0,30.0,0,14.58,14.62,12.1,26.2,72,0.99,48.0,43.0,-0.8,1.03,9,29,98,-0.814,-14.75,0,3,0.00,0.029,317.6586,25.100,0.000,0.000,0.000,0.000,0.000,0.000,2.135,26.7000,26.68,1.0542,2.0,35.10,35.500,0,0.00,0.00,131072.00,54.656,0.066,0.107,0.000,-0.041,100.600,100.400,0.000,-1.171,-6.225,0.00,0.00,72.96,0.00,
32.589,12,0.0,1.2,0.0,0.0,195,2452,3,5060,5044,107,30.0,30.0,30.0,30.0,30.0,0,14.84,14.83,12.1,26.2,72,0.99,48.0,42.5,-0.8,1.05,9,30,98,-0.778,-14.75,0,3,0.00,0.029,317.1533,25.500,0.000,0.000,0.000,0.000,0.000,0.000,2.131,26.6600,26.65,1.0525,2.0,35.00,34.700,0,0.00,0.00,131072.00,54.437,0.068,0.107,0.000,-0.039,101.300,100.700,0.000,-1.550,-6.530,0.00,0.00,72.96,0.00,
32.669,12,0.0,1.1,0.0,0.0,195,2459,3,5060,5057,107,30.0,30.0,30.0,30.0,30.0,0,14.91,14.92,12.1,26.2,72,0.99,48.0,42.9,-0.8,1.06,9,30,98,-0.826,-14.75,0,3,0.00,0.029,316.9116,25.400,0.000,0.000,0.000,0.000,0.000,0.000,2.131,26.6600,26.73,1.0512,2.0,35.00,34.700,0,0.00,0.00,131072.00,54.468,0.070,0.107,0.000,-0.037,101.000,100.700,0.000,-1.879,-5.255,0.00,0.00,72.96,0.00,
32.749,12,0.0,1.1,0.0,0.0,195,2461,3,5060,5046,107,30.0,30.0,30.0,30.0,30.0,0,14.90,14.89,12.1,26.2,72,0.99,48.0,44.2,-0.8,1.06,10,30,98,-0.744,-14.75,0,3,0.00,0.029,316.9775,25.600,0.000,0.000,0.000,0.000,0.000,0.000,2.112,26.7000,26.60,1.0503,2.0,35.00,34.200,0,0.00,0.00,131072.00,54.500,0.070,0.107,0.000,-0.037,101.600,100.700,0.000,-2.185,-5.175,0.00,0.00,72.96,0.00,
32.821,12,0.0,1.1,0.0,0.0,195,2460,3,5060,5070,107,30.0,30.0,30.0,30.0,30.0,0,14.80,14.76,12.1,26.2,72,0.99,48.0,43.4,-0.7,1.06,10,30,98,-0.753,-14.75,0,3,0.00,0.029,316.8237,25.200,0.000,0.000,0.000,0.000,0.000,0.000,2.112,26.5800,26.63,1.0496,2.0,34.90,35.000,0,0.00,0.00,131072.00,54.468,0.070,0.107,0.000,-0.037,101.400,100.700,-0.079,-2.429,-4.650,0.00,0.00,72.96,0.00,
32.899,13,0.0,1.1,0.0,0.0,195,2464,3,5060,5052,107,30.0,30.0,30.0,30.0,30.0,0,14.64,14.63,12.1,27.0,72,0.99,48.0,43.4,-0.8,1.06,10,30,97,-0.789,-14.75,0,3,0.00,0.029,316.2744,25.600,0.000,0.000,0.000,0.000,0.000,0.000,2.232,28.3500,28.25,1.0487,2.0,36.20,36.500,0,0.00,0.00,131072.00,56.062,0.070,0.107,0.000,-0.037,101.200,99.300,0.054,-2.642,-1.879,0.00,0.00,72.96,0.00,
32.980,13,0.0,1.1,0.0,0.0,195,2470,3,5060,5055,107,30.0,30.0,30.0,30.0,30.0,0,14.55,14.54,12.8,27.7,72,0.99,52.0,46.4,-0.7,1.07,10,30,97,-0.737,-14.75,0,3,0.00,0.029,315.0000,25.400,0.000,0.000,0.000,0.000,0.000,0.000,2.247,28.5000,28.36,1.0480,2.0,40.30,40.200,0,0.00,0.00,131072.00,57.656,0.070,0.107,0.000,-0.037,99.700,98.500,0.024,-2.600,1.873,0.00,0.00,72.96,0.00,
33.059,13,0.0,1.1,0.0,0.0,195,2475,3,5060,5052,107,30.0,30.0,30.0,30.0,30.0,0,14.52,14.51,12.8,28.5,72,0.99,52.0,47.1,-0.7,1.07,10,30,97,-0.760,-14.75,0,3,0.00,0.029,314.5605,26.100,0.000,0.000,0.000,0.000,0.000,0.000,2.237,28.4700,28.21,1.0480,2.0,40.50,40.600,0,0.00,0.00,131072.00,58.281,0.072,0.107,0.000,-0.035,98.900,98.400,-0.018,-2.404,3.222,0.00,0.00,72.96,0.00,
33.140,13,0.0,1.1,0.0,0.0,195,2470,3,5060,5037,107,30.0,30.0,30.0,30.0,30.0,0,14.43,14.40,12.8,27.7,72,0.99,52.0,46.7,-0.7,1.07,10,30,97,-0.676,-14.75,0,3,0.00,0.029,314.8901,26.000,0.000,0.000,0.000,0.000,0.000,0.000,2.237,28.5000,28.27,1.0480,2.0,39.80,40.000,0,0.00,0.00,131072.00,58.406,0.070,0.107,0.000,-0.037,98.700,98.400,0.000,-2.160,3.747,0.00,0.00,72.82,0.00,
33.219,13,0.0,1.1,0.0,0.0,195,2470,3,5060,5065,107,30.0,30.0,30.0,30.0,30.0,0,14.24,14.19,12.8,27.7,72,0.99,52.0,45.8,-0.6,1.06,10,30,97,-0.696,-14.75,0,3,0.00,0.029,315.2416,25.700,0.000,0.000,0.000,0.000,0.000,0.000,2.237,28.4700,28.30,1.0480,2.0,40.30,40.100,0,0.00,0.00,131072.00,58.468,0.072,0.107,0.000,-0.035,98.600,98.400,0.000,-1.910,4.577,0.00,0.00,72.96,0.00,
33.299,13,0.0,1.0,0.0,0.0,195,2473,3,5060,5062,107,30.0,30.0,30.0,30.0,30.0,0,14.14,14.14,12.8,27.7,72,0.99,52.0,45.1,-0.6,1.06,10,30,97,-0.703,-14.75,0,3,0.00,0.029,315.4833,25.600,0.000,0.000,0.000,0.000,0.000,0.000,2.261,28.5800,28.45,1.0480,2.0,40.10,40.600,0,0.00,0.00,131072.00,58.687,0.072,0.107,0.000,-0.035,98.400,98.400,0.000,-1.654,3.973,0.00,0.00,72.96,0.00,
33.388,13,0.0,1.0,0.0,0.0,195,2479,3,5060,5047,107,30.0,30.0,30.0,30.0,30.0,0,14.14,14.14,12.8,27.7,72,0.99,52.0,46.1,-0.7,1.05,10,30,97,-0.681,-14.75,0,3,0.00,0.029,315.1318,25.800,0.000,0.000,0.000,0.000,0.000,0.000,2.261,28.6200,28.32,1.0480,2.0,40.30,40.200,0,0.00,0.00,131072.00,58.843,0.072,0.107,0.000,-0.035,98.400,98.400,-0.061,-1.373,4.577,0.00,0.00,72.82,0.00,
33.469,13,0.0,1.0,0.0,0.0,195,2482,3,5060,5060,107,30.0,30.0,30.0,30.0,30.0,0,14.17,14.18,12.8,27.7,72,0.99,52.0,45.8,-0.7,1.05,10,30,97,-0.724,-14.75,0,3,0.00,0.029,315.1977,25.800,0.000,0.000,0.000,0.000,0.000,0.000,2.276,28.5800,28.45,1.0480,2.0,40.30,40.600,0,0.00,0.00,131072.00,58.937,0.072,0.107,0.000,-0.035,98.400,98.400,-0.079,-1.037,4.351,0.00,0.00,72.96,0.00,
33.556,13,0.0,1.0,0.0,0.0,195,2484,3,5060,5050,107,30.0,30.0,30.0,30.0,30.0,0,14.19,14.19,12.8,27.7,72,0.99,52.0,45.5,-0.7,1.05,10,30,97,-0.708,-14.75,0,3,0.00,0.029,315.1318,25.800,0.000,0.000,0.000,0.000,0.000,0.000,2.271,28.4700,28.36,1.0480,2.0,40.40,40.700,0,0.00,0.00,131072.00,58.937,0.072,0.107,0.000,-0.035,98.600,98.400,-0.030,-0.744,4.498,0.00,0.00,72.96,0.00,
33.641,13,0.0,1.0,0.0,0.0,195,2490,3,5060,5065,107,30.0,30.0,30.0,30.0,30.0,0,14.18,14.18,12.8,27.7,72,0.99,52.0,45.9,-0.7,1.05,10,30,97,-0.749,-14.75,0,3,0.00,0.029,315.2416,25.700,0.000,0.000,0.000,0.000,0.000,0.000,2.285,28.5000,28.47,1.0480,2.0,40.10,40.100,0,0.00,0.00,131072.00,58.968,0.072,0.107,0.000,-0.035,98.300,98.400,0.000,-0.451,4.125,0.00,0.00,72.96,0.00,
33.729,13,0.0,1.0,0.0,0.0,195,2496,3,5060,5055,107,30.0,30.0,30.0,30.0,30.0,0,14.17,14.17,12.8,27.7,72,0.99,52.0,46.0,-0.7,1.04,10,30,97,-0.692,-14.75,0,3,0.00,0.029,315.4174,25.700,0.000,0.000,0.000,0.000,0.000,0.000,2.285,28.5000,28.41,1.0480,2.0,39.90,39.800,0,0.00,0.00,131072.00,59.125,0.072,0.107,0.000,-0.035,98.500,98.400,-0.061,-0.152,3.973,0.00,0.00,72.96,0.00,
33.809,13,0.0,1.0,0.0,0.0,195,2500,3,5060,5059,107,30.0,30.0,30.0,30.5,30.0,0,14.17,14.17,12.8,27.7,72,0.99,52.0,46.0,-0.7,1.04,10,30,97,-0.758,-14.75,0,3,0.00,0.029,315.3955,25.800,0.000,0.000,0.000,0.000,0.000,0.000,2.276,27.1700,28.17,1.0480,2.0,40.10,37.300,0,0.00,0.00,131072.00,58.687,0.074,0.107,0.000,-0.033,98.400,99.100,-0.030,0.122,3.820,0.00,0.00,72.96,0.00,
33.889,9,0.0,1.0,0.0,0.0,195,2499,3,5060,5054,107,30.0,30.0,29.0,30.5,30.5,0,14.17,14.17,12.8,27.7,72,0.99,52.0,46.1,-0.7,1.03,10,30,97,-0.687,-14.75,0,3,0.00,0.029,316.1645,25.700,0.000,0.000,0.000,0.000,0.000,0.000,2.091,25.4100,26.03,1.0480,2.0,37.60,34.900,0,0.00,0.00,131072.00,56.562,0.074,0.107,0.000,-0.033,99.200,101.000,-0.201,0.274,-0.830,0.00,0.00,72.82,0.00,
33.970,2,0.0,1.0,0.0,0.0,195,2496,3,5060,5060,107,10.5,10.7,12.5,10.7,15.7,0,14.21,14.21,11.3,21.0,72,0.99,40.0,42.0,-0.6,1.03,9,30,99,-0.538,-14.75,0,3,0.00,0.022,322.0092,4.000,0.000,0.000,0.000,0.000,0.000,0.000,1.306,15.0800,15.73,1.0478,2.0,11.60,3.300,0,0.00,0.00,131072.00,42.593,0.072,0.105,0.000,-0.033,101.900,109.500,-1.965,0.000,-34.716,0.00,0.00,72.67,0.00,
34.050,0,0.0,1.0,0.0,0.0,195,2470,3,3916,4924,107,10.5,10.5,11.1,10.7,11.1,0,14.24,14.24,6.2,12.0,72,0.99,24.0,30.0,-0.2,1.03,6,30,99,-0.402,-14.75,0,3,0.00,0.018,325.1074,4.000,0.000,0.000,0.000,0.000,0.000,0.000,1.062,12.4600,11.77,1.0454,2.0,-10.50,-17.100,0,0.00,0.00,131072.00,30.937,0.072,0.105,0.000,-0.033,113.500,116.900,-1.965,0.000,-34.716,0.00,0.00,72.67,0.00,
34.130,0,0.0,1.0,0.0,0.0,195,2436,3,2857,4792,107,1.5,1.5,4.1,0.4,0.4,0,14.20,14.19,5.4,12.0,72,0.99,20.0,24.2,-0.1,1.02,5,30,20,-0.452,-14.75,0,3,0.00,0.018,324.6240,4.000,0.000,0.000,0.000,0.000,0.000,0.000,1.062,12.4200,12.37,1.0393,0.0,-17.30,-31.400,0,0.00,0.00,131072.00,26.906,0.074,0.105,0.000,-0.031,118.100,117.500,2.703,0.000,199.993,0.00,0.00,72.67,0.00,
34.209,0,0.0,1.0,0.0,0.0,195,2417,3,2336,4669,107,-6.0,-6.2,-6.2,-4.0,-5.1,0,14.14,14.12,5.8,12.7,72,0.99,20.0,46.3,-0.2,1.01,5,30,20,-0.508,-14.75,0,3,0.00,0.018,324.3823,4.000,0.000,0.000,0.000,0.000,0.000,0.000,1.049,12.4200,12.91,1.0280,0.0,-20.70,-31.500,0,0.00,0.00,131072.00,25.531,0.076,0.105,0.000,-0.029,119.900,117.500,-3.210,0.000,199.993,0.00,0.00,72.67,0.00,
34.289,0,0.0,0.9,0.0,0.0,195,2445,3,2112,4547,107,-11.2,-11.7,-12.0,-12.0,-12.0,0,14.36,14.42,5.8,12.0,72,0.99,20.0,45.8,-0.4,1.03,5,30,20,-0.518,-14.75,0,3,0.00,0.018,324.2944,4.000,0.000,0.000,0.000,0.000,0.000,0.000,1.028,12.4500,12.50,1.0149,2.0,-23.00,-31.800,0,0.00,0.00,131072.00,25.281,0.080,0.105,0.000,-0.025,119.900,117.500,-4.278,0.000,199.993,0.00,0.00,72.67,0.00,
34.372,0,0.0,0.9,0.0,0.0,195,2467,3,2015,4429,107,-11.2,-11.5,-11.5,-11.5,-11.5,0,15.75,16.19,5.4,12.0,72,0.99,20.0,40.8,-0.5,1.11,5,30,20,-0.549,-14.75,0,3,0.00,0.018,323.7011,4.000,0.000,0.000,0.000,0.000,0.000,0.000,1.028,12.4700,12.36,1.0087,2.0,-22.70,-32.000,0,0.00,0.00,131072.00,25.406,0.082,0.105,0.000,-0.023,119.500,117.500,-0.982,-0.146,-14.135,0.00,0.00,72.82,0.00,
34.449,0,0.0,0.8,0.0,0.0,195,2473,3,1974,4292,107,-11.2,-11.5,-11.5,-11.5,-11.5,0,16.51,16.34,5.4,12.0,72,0.99,20.0,41.5,-0.6,1.20,5,30,20,-0.574,-14.75,0,3,0.00,0.018,323.5473,4.000,0.000,0.000,0.000,0.000,0.000,0.000,1.028,12.4600,12.31,1.0061,2.0,-24.40,-33.300,0,0.00,0.00,131072.00,25.500,0.083,0.105,0.000,-0.021,119.500,117.500,0.000,-0.701,-5.346,0.00,0.00,72.82,0.00,
34.529,0,0.0,0.8,0.0,0.0,195,2451,3,1956,4154,107,-11.2,-11.5,-11.5,-11.5,-11.5,0,15.93,16.03,5.4,12.0,72,0.99,20.0,40.8,-0.6,1.16,5,30,20,-0.615,-14.75,0,3,0.00,0.018,323.6572,4.000,0.000,0.000,0.000,0.000,0.000,0.000,1.028,12.4400,12.32,1.0057,2.0,-24.70,-33.600,0,0.00,0.00,131072.00,25.375,0.085,0.105,0.000,-0.019,119.100,117.500,0.000,-0.988,-4.394,0.00,0.00,72.82,0.00,
34.609,0,0.0,0.7,0.0,0.0,195,2442,3,1948,4024,107,-11.2,-11.5,-11.5,-11.5,-11.5,0,16.03,16.03,5.4,12.0,72,0.99,20.0,39.4,-0.6,1.17,5,30,99,-0.603,-14.75,0,3,0.00,0.017,323.5913,14.900,0.000,0.000,0.000,0.000,0.000,0.000,1.015,12.4400,12.13,1.0054,2.0,-23.90,-33.900,0,0.00,0.00,131072.00,25.281,0.087,0.105,0.000,-0.017,119.000,117.500,4.400,0.000,-200.000,0.00,0.00,72.82,0.00,
34.690,0,0.0,0.7,0.0,0.0,195,2443,3,1945,3968,107,-2.2,-2.5,-2.5,-2.5,-2.5,0,14.53,14.52,5.4,12.0,72,0.99,20.0,33.2,-0.7,1.00,5,30,99,-0.653,-14.75,0,3,0.00,0.017,0.0000,14.800,0.000,0.000,0.000,0.000,0.000,0.000,1.015,12.4300,12.08,1.0056,2.0,-33.90,-33.800,0,0.00,0.00,131072.00,25.218,0.087,0.105,0.000,-0.017,119.000,117.500,4.516,0.000,-200.000,0.00,0.00,72.82,0.00,
34.771,0,0.0,0.6,0.0,0.0,195,2424,3,1944,3972,107,-2.2,-2.5,-2.5,-2.5,-2.5,0,14.77,14.77,5.4,12.0,72,0.99,20.0,32.1,-0.7,1.00,5,30,99,-0.660,-14.75,0,3,0.00,0.018,0.0000,14.800,0.000,0.000,0.000,0.000,0.000,0.000,1.015,12.4200,12.08,1.0064,0.0,-33.80,-33.700,0,0.00,0.00,131072.00,25.093,0.089,0.105,0.000,-0.015,118.500,117.500,4.577,-0.933,-200.000,0.00,0.00,72.82,0.00,
34.870,0,0.0,0.6,0.0,0.0,195,2425,3,1943,3975,107,-2.2,-2.5,-2.5,-2.5,-2.5,0,16.42,16.76,5.4,12.0,72,0.99,20.0,32.7,-0.7,1.00,5,30,99,-0.687,-14.75,0,3,0.00,0.018,0.0000,14.800,0.000,0.000,0.000,0.000,0.000,0.000,1.028,12.4200,12.25,1.0089,0.0,-33.80,-33.700,0,0.00,0.00,131072.00,25.000,0.089,0.105,0.000,-0.015,118.600,117.500,4.620,-7.666,-64.147,0.00,0.00,72.82,0.00,
34.969,0,0.0,0.6,0.0,0.0,195,2418,3,1943,3978,108,-2.2,-2.5,-2.5,-2.5,-2.5,0,19.11,19.11,5.4,12.0,72,0.99,20.0,32.8,-0.8,1.00,5,30,99,-0.703,-14.75,0,3,0.00,0.018,0.0000,14.800,0.000,0.000,0.000,0.000,0.000,0.000,1.028,12.4100,12.25,1.0121,0.0,-33.80,-33.700,0,0.00,0.00,131072.00,24.937,0.089,0.105,0.000,-0.015,118.500,117.500,4.620,-7.666,-64.147,0.00,0.00,72.96,0.00,
35.051,0,0.0,0.6,0.0,0.0,195,2409,3,1943,3978,108,-3.0,-3.0,-3.0,-3.0,-3.0,0,19.11,19.11,5.4,12.0,72,0.99,20.0,32.4,-0.8,1.00,5,30,99,-0.728,-14.75,0,3,0.00,0.018,0.0000,14.800,0.000,0.000,0.000,0.000,0.000,0.000,1.028,12.4000,12.31,1.0136,0.0,-33.90,-33.800,0,0.00,0.00,131072.00,24.843,0.089,0.105,0.000,-0.015,118.300,117.500,4.620,-7.666,-64.147,0.00,0.00,72.96,0.00,
35.129,0,0.0,0.6,0.0,0.0,195,2404,3,1943,3982,108,-3.0,-3.0,-3.0,-3.0,-3.0,0,19.11,19.11,5.4,12.0,72,0.99,20.0,33.7,-0.7,1.00,5,29,99,-0.692,-14.75,0,3,0.00,0.018,0.0000,14.700,0.000,0.000,0.000,0.000,0.000,0.000,1.028,12.4000,12.33,1.0149,0.0,-33.90,-33.800,0,0.00,0.00,131072.00,24.750,0.089,0.105,0.000,-0.015,118.300,117.500,4.620,-7.666,-64.147,0.00,0.00,72.96,0.00,
35.209,0,0.0,0.7,0.0,0.0,195,2397,3,1943,3983,108,-3.0,-3.5,-3.5,-3.5,-3.0,0,19.11,19.11,5.4,12.0,72,0.99,20.0,37.1,-0.7,1.00,5,29,99,-0.724,-14.75,0,3,0.00,0.018,0.0000,14.700,0.000,0.000,0.000,0.000,0.000,0.000,1.023,12.3900,12.27,1.0156,0.0,-33.70,-33.700,0,0.00,0.00,131072.00,24.687,0.087,0.105,0.000,-0.017,117.800,117.500,4.620,-7.666,-64.147,0.00,0.00,72.96,0.00,
35.290,0,0.0,0.7,0.0,0.0,195,2389,3,1943,3985,108,-3.0,-3.5,-3.5,-3.5,-3.5,0,19.11,19.11,5.4,12.0,72,0.99,20.0,34.3,-0.7,1.00,5,29,99,-0.699,-14.75,0,3,0.00,0.018,0.0000,14.700,0.000,0.000,0.000,0.000,0.000,0.000,1.015,12.3800,12.23,1.0158,0.0,-33.80,-33.700,0,0.00,0.00,131072.00,24.562,0.087,0.105,0.000,-0.017,118.100,117.500,4.620,-7.666,-64.147,0.00,0.00,72.96,0.00,
35.370,0,0.0,0.7,0.0,0.0,195,2379,3,1943,3987,108,-3.0,-3.5,-3.5,-3.5,-3.5,0,19.11,19.11,5.4,12.0,72,0.99,20.0,27.4,-0.7,1.00,5,29,99,-0.672,-14.75,0,3,0.00,0.018,0.0000,14.700,0.000,0.000,0.000,0.000,0.000,0.000,1.015,12.3700,12.28,1.0158,0.0,-33.80,-33.700,0,0.00,0.00,131072.00,24.468,0.087,0.105,0.000,-0.017,117.900,117.500,4.620,-7.666,-64.147,0.00,0.00,72.82,0.00,
35.449,0,0.0,0.7,0.0,0.0,195,2374,3,1943,3988,108,-3.0,-3.5,-3.5,-3.5,-3.5,0,19.11,19.11,5.8,12.0,72,0.99,20.0,26.1,-0.7,1.00,5,29,99,-0.687,-14.75,0,3,0.00,0.018,0.0000,14.600,0.000,0.000,0.000,0.000,0.000,0.000,1.015,12.3700,12.35,1.0158,0.0,-33.60,-33.600,0,0.00,0.00,131072.00,24.375,0.087,0.105,0.000,-0.017,117.900,117.500,4.620,-7.666,-64.147,0.00,0.00,72.82,0.00,
35.529,0,0.0,0.7,0.0,0.0,195,2365,3,1943,3990,108,-3.0,-3.5,-3.5,-3.5,-3.5,0,19.11,19.11,5.8,12.0,72,0.99,20.0,24.7,-0.6,1.00,5,29,99,-0.656,-14.75,0,3,0.00,0.018,0.0000,14.600,0.000,0.000,0.000,0.000,0.000,0.000,1.002,12.3600,12.21,1.0158,0.0,-33.60,-33.500,0,0.00,0.00,131072.00,24.312,0.087,0.105,0.000,-0.017,118.000,117.500,4.620,-7.666,-64.147,0.00,0.00,72.82,0.00,
35.609,0,0.0,0.7,0.0,0.0,195,2354,3,1943,3992,108,-3.0,-3.5,-3.5,-3.5,-3.5,0,19.11,19.11,5.8,12.0,72,0.99,20.0,26.3,-0.6,1.00,5,29,99,-0.635,-14.75,0,3,0.00,0.018,0.0000,14.600,0.000,0.000,0.000,0.000,0.000,0.000,1.002,12.3500,12.32,1.0158,0.0,-33.70,-33.600,0,0.00,0.00,131072.00,24.187,0.087,0.105,0.000,-0.017,118.000,117.500,4.620,-7.666,-64.147,0.00,0.00,72.82,0.00,
35.689,0,0.0,0.7,0.0,0.0,196,2346,3,1943,3992,108,-3.0,-3.5,-3.5,-3.5,-3.5,0,19.11,19.11,5.8,12.0,72,0.99,20.0,27.7,-0.6,1.00,5,29,99,-0.656,-14.75,0,3,0.00,0.018,0.0000,14.600,0.000,0.000,0.000,0.000,0.000,0.000,0.986,12.3400,12.10,1.0158,0.0,-33.70,-33.500,0,0.00,0.00,131072.00,24.062,0.085,0.105,0.000,-0.019,117.700,117.500,4.620,-7.666,-64.147,0.00,0.00,72.82,0.00,
35.769,0,0.0,0.8,0.0,0.0,196,2342,3,1943,3993,108,-3.0,-3.5,-3.5,-3.5,-3.5,0,19.11,19.11,5.4,12.0,72,0.99,20.0,34.9,-0.6,1.00,5,29,99,-0.692,-14.75,0,3,0.00,0.018,0.0000,14.400,0.000,0.000,0.000,0.000,0.000,0.000,0.986,12.3400,12.08,1.0158,0.0,-33.70,-33.600,0,0.00,0.00,131072.00,24.000,0.083,0.105,0.000,-0.021,117.800,117.500,4.620,-7.666,-64.147,0.00,0.00,72.96,0.00,
35.859,0,0.0,0.7,0.0,0.0,196,2339,3,1943,3995,108,-3.0,-3.5,-3.5,-3.5,-3.5,0,19.11,19.11,5.4,12.0,72,0.99,20.0,36.6,-0.7,1.00,5,29,99,-0.708,-14.75,0,3,0.00,0.018,0.0000,14.400,0.000,0.000,0.000,0.000,0.000,0.000,0.986,12.3400,12.05,1.0158,0.0,-33.50,-33.400,0,0.00,0.00,131072.00,23.937,0.085,0.105,0.000,-0.019,117.800,117.500,4.620,-7.666,-64.147,0.00,0.00,72.96,0.00,
35.939,0,0.0,0.7,0.0,0.0,196,2348,3,1943,3995,108,-3.0,-3.5,-3.5,-3.5,-3.5,0,19.11,19.11,5.4,12.0,72,0.99,20.0,38.0,-0.7,1.00,5,29,99,-0.703,-14.75,0,3,0.00,0.018,0.0000,14.600,0.000,0.000,0.000,0.000,0.000,0.000,1.002,12.3500,12.17,1.0158,0.0,-33.40,-33.300,0,0.00,0.00,131072.00,23.968,0.085,0.105,0.000,-0.019,117.700,117.500,4.620,-7.666,-64.147,0.00,0.00,72.96,0.00,
36.019,0,0.0,0.8,0.0,0.0,196,2348,3,1943,3997,108,-3.0,-3.5,-3.5,-3.5,-3.5,0,19.11,19.11,5.4,12.0,72,0.99,20.0,38.0,-0.7,1.00,5,29,99,-0.708,-14.75,0,3,0.00,0.018,0.0000,14.600,0.000,0.000,0.000,0.000,0.000,0.000,1.002,12.3400,12.21,1.0158,0.0,-33.40,-33.300,0,0.00,0.00,131072.00,24.000,0.085,0.105,0.000,-0.019,117.700,117.500,4.620,-7.666,-64.147,0.00,0.00,72.96,0.00,
36.109,0,0.0,0.8,0.0,0.0,196,2327,3,1943,3997,108,-3.0,-3.5,-4.0,-3.5,-4.0,0,19.11,19.11,5.8,12.0,72,0.99,20.0,32.6,-0.7,1.00,5,28,99,-0.712,-14.75,0,3,0.00,0.018,0.0000,14.300,0.000,0.000,0.000,0.000,0.000,0.000,0.986,12.3000,12.21,1.0158,0.0,-33.20,-33.200,0,0.00,0.00,131072.00,23.843,0.083,0.105,0.000,-0.021,117.600,117.500,4.620,-7.666,-64.147,0.00,0.00,72.96,0.00,
36.189,0,0.0,0.8,0.0,0.0,196,2293,3,1943,3998,108,-3.7,-4.0,-4.0,-4.0,-4.0,0,19.11,19.11,5.8,12.0,72,0.99,20.0,35.6,-0.7,1.00,5,28,99,-0.708,-14.75,0,3,0.00,0.018,0.0000,14.300,0.000,0.000,0.000,0.000,0.000,0.000,0.974,12.2800,12.13,1.0158,0.0,-33.20,-20.400,0,0.00,0.00,131072.00,23.531,0.083,0.105,0.000,-0.021,117.600,117.500,4.620,-7.666,-64.147,0.00,0.00,72.96,0.00,
36.270,11,0.0,0.8,0.0,0.0,196,2290,3,1943,3988,108,-3.0,-3.6,-3.6,-4.0,-3.8,0,19.11,19.11,5.8,12.0,72,0.99,20.0,35.2,-0.7,1.00,5,28,99,-0.744,-14.75,0,3,0.00,0.018,324.4482,4.000,0.000,0.000,0.000,0.000,0.000,0.000,1.169,17.4500,15.03,1.0158,0.0,-26.70,-8.100,0,0.00,0.00,131072.00,26.218,0.083,0.105,0.000,-0.021,117.400,117.000,4.620,-7.666,-64.147,0.00,0.00,72.96,0.00,
36.349,15,0.0,0.8,0.0,0.0,196,2318,3,3988,3890,108,0.0,-0.4,2.5,1.0,2.5,0,19.11,19.11,10.5,21.7,72,0.99,36.0,51.1,-1.2,1.00,7,28,99,-1.249,-14.75,0,3,0.00,0.029,312.1655,26.700,0.000,0.000,0.000,0.000,0.000,0.000,2.082,33.7400,29.76,1.0159,0.0,21.20,39.700,0,0.00,0.00,131072.00,45.343,0.083,0.105,0.000,-0.021,114.000,112.000,4.620,-7.666,-64.147,0.00,0.00,73.40,0.00,
36.419,21,0.0,0.7,0.0,0.0,196,2397,3,4110,4192,108,6.7,6.9,7.4,6.9,7.8,0,19.11,19.11,16.0,44.2,72,0.99,80.0,58.1,-1.4,1.00,15,28,99,-1.258,-14.75,0,3,0.00,0.045,284.0405,31.100,-2.300,0.000,0.000,0.000,0.000,0.000,3.277,51.4600,53.86,1.0191,2.0,55.70,96.800,0,0.00,0.00,131072.00,75.031,0.082,0.109,0.000,-0.027,110.100,107.700,4.620,-7.666,-64.147,0.00,0.00,73.40,0.00,
36.499,22,0.0,0.5,0.0,0.0,196,2448,3,4283,4342,108,0.7,0.9,-0.9,1.8,-0.9,0,19.11,19.11,27.3,58.5,72,0.99,108.0,91.0,-1.2,1.00,20,28,99,-0.835,-14.75,0,3,0.00,0.054,275.4492,32.500,-2.300,0.000,0.000,0.000,0.000,0.000,3.580,58.7800,62.82,1.0277,0.0,97.30,120.800,0,0.00,0.00,131072.00,103.343,0.082,0.113,0.000,-0.031,102.900,102.900,0.500,0.000,11.499,0.00,0.00,72.96,0.00,
36.580,21,0.0,0.8,0.0,0.0,196,2333,3,4499,4551,108,9.0,9.2,11.5,11.5,9.3,0,19.11,19.11,30.0,64.5,72,0.99,116.0,105.6,-0.8,1.00,21,28,95,-0.350,-14.75,0,3,0.00,0.049,278.0859,33.100,-2.300,0.000,0.000,0.000,0.000,0.000,3.450,57.6800,63.22,1.0412,0.0,135.30,119.200,0,0.00,0.00,131072.00,111.625,0.072,0.115,0.000,-0.042,99.000,98.000,0.048,0.000,22.131,0.00,0.00,72.53,0.00,
36.659,21,0.0,1.1,0.0,0.0,196,2313,3,4713,4764,108,9.0,9.7,12.5,12.5,12.5,0,14.84,14.84,29.2,58.5,72,0.99,104.0,96.8,-0.6,1.00,18,28,93,-0.336,-14.75,0,3,0.00,0.047,282.0849,32.600,-2.300,0.000,0.000,0.000,0.000,0.000,3.565,58.4500,59.23,1.0520,0.0,123.00,120.000,0,0.00,0.00,131072.00,111.343,0.048,0.115,0.000,-0.066,93.300,93.600,0.000,0.000,16.186,0.00,0.00,72.53,0.00,
36.739,22,0.0,1.3,0.0,0.0,196,2388,3,4870,4947,108,10.5,10.7,13.0,13.0,13.0,0,13.26,13.07,28.9,60.7,72,0.99,108.0,89.3,-0.8,1.00,17,28,92,-0.703,-14.75,0,3,0.00,0.051,280.4809,33.200,-2.300,0.000,0.000,0.000,0.000,0.000,4.356,60.6800,61.97,1.0603,0.0,124.10,124.800,0,0.00,0.00,131072.00,116.656,0.037,0.117,0.000,-0.080,90.000,94.900,-0.054,0.433,15.563,0.00,0.00,72.96,0.00,
36.810,21,0.0,1.5,0.0,0.0,196,2409,3,4999,5011,108,9.7,10.2,12.5,13.0,12.5,0,13.13,13.17,28.9,61.5,72,0.99,116.0,101.6,-0.7,1.00,18,29,91,-0.570,-14.75,0,3,0.00,0.051,280.7446,33.400,-2.300,0.000,0.000,0.000,0.000,0.000,4.665,60.2500,60.66,1.0684,0.0,126.90,127.400,0,0.00,0.00,131072.00,119.281,0.027,0.119,0.000,-0.091,91.000,94.900,-0.067,1.092,11.614,0.00,0.00,72.82,0.00,
36.889,20,0.0,1.7,0.0,0.0,196,2379,3,5060,5126,108,10.5,11.2,13.5,13.5,12.9,0,13.31,13.36,28.5,57.7,72,0.99,108.0,103.4,-0.6,0.96,17,29,90,-0.672,-14.75,0,3,0.00,0.045,287.2045,29.000,-2.300,0.000,0.000,0.000,0.000,0.000,4.726,57.8500,57.41,1.0763,0.0,117.90,113.900,0,0.00,0.00,131072.00,116.906,0.011,0.117,0.000,-0.105,91.600,93.400,-0.036,1.635,7.128,0.00,0.00,72.82,0.00,
36.959,20,0.0,2.0,0.0,0.0,196,2390,3,5060,5103,108,12.7,13.2,15.5,15.0,15.5,0,13.65,13.73,26.9,55.5,72,0.99,100.0,95.6,-0.5,0.97,15,29,90,-0.606,-14.75,0,3,0.00,0.043,288.1713,29.800,-2.300,0.000,0.000,0.000,0.000,0.000,4.878,56.3100,54.98,1.0816,0.0,111.80,110.500,0,0.00,0.00,131072.00,114.062,0.000,0.117,0.000,-0.117,91.400,92.100,-0.085,2.044,7.189,0.00,0.00,72.82,0.00,
37.039,20,0.0,2.1,0.0,0.0,196,2423,3,5060,5095,108,14.2,14.7,17.0,17.0,16.0,0,14.14,14.24,25.7,53.2,72,0.99,100.0,90.6,-0.5,0.98,15,29,90,-0.753,-14.75,0,3,0.00,0.043,289.0942,30.000,-2.300,0.000,0.000,0.000,0.000,0.000,5.282,55.3400,53.97,1.0854,0.0,106.50,106.100,0,0.00,0.00,131072.00,112.406,0.000,0.115,0.000,-0.123,90.500,91.300,-0.018,2.392,4.528,0.00,0.00,72.96,0.00,
37.119,20,0.0,2.2,0.0,0.0,196,2435,3,5060,5080,108,15.0,15.2,17.5,17.5,17.5,0,14.62,14.69,25.0,53.2,72,0.99,100.0,88.8,-0.5,0.99,15,29,90,-0.626,-14.75,0,3,0.00,0.042,289.0502,29.700,-2.300,0.000,0.000,0.000,0.000,0.000,5.557,54.2900,53.27,1.0889,0.0,105.40,105.400,0,0.00,0.00,131072.00,111.250,0.000,0.115,0.000,-0.126,90.000,90.500,-0.067,2.655,3.356,0.00,0.00,72.82,0.00,
37.199,18,0.0,2.2,0.0,0.0,196,2427,3,5060,5077,108,15.0,15.2,17.5,18.0,18.0,0,14.84,14.82,24.2,51.0,72,0.99,96.0,87.3,-0.5,0.99,14,29,91,-0.656,-14.75,0,3,0.00,0.042,291.5551,29.800,-2.300,0.000,0.000,0.000,0.000,0.000,5.318,51.1300,49.98,1.0913,0.0,101.20,99.100,0,0.00,0.00,131072.00,107.031,0.000,0.115,0.000,-0.125,89.400,89.200,-0.213,2.673,-4.986,0.00,0.00,72.82,0.00,
37.269,18,0.0,2.2,0.0,0.0,196,2448,3,5060,5067,108,17.2,17.7,20.0,20.0,20.0,0,14.66,14.58,22.6,48.7,72,0.99,92.0,81.8,-0.5,0.99,14,30,91,-0.590,-14.75,0,3,0.00,0.040,293.5107,28.900,-2.300,0.000,0.000,0.000,0.000,0.000,5.167,50.0000,48.35,1.0932,0.0,95.60,94.000,0,0.00,0.00,131072.00,103.906,0.000,0.113,0.000,-0.123,88.200,88.600,-0.048,2.301,-9.490,0.00,0.00,72.82,0.00,
37.349,18,0.0,2.3,0.0,0.0,196,2463,3,5060,5057,108,17.2,17.7,20.0,20.0,20.0,0,14.40,14.38,21.4,47.2,72,0.99,88.0,79.8,-0.5,0.99,13,30,92,-0.610,-14.75,0,3,0.00,0.038,295.6420,29.000,-2.300,0.000,0.000,0.000,0.000,0.000,4.814,47.4100,46.17,1.0939,0.0,90.10,88.300,0,0.00,0.00,131072.00,100.250,0.000,0.113,0.000,-0.123,88.000,88.100,0.012,1.672,-11.480,0.00,0.00,72.82,0.00,
37.420,17,0.0,2.3,0.0,0.0,196,2461,3,5060,5074,108,18.0,18.7,21.0,21.0,21.0,0,14.30,14.29,20.7,43.5,72,0.99,84.0,75.5,-0.4,0.99,13,30,92,-0.656,-14.75,0,3,0.00,0.036,298.8281,28.100,-2.300,0.000,0.000,0.000,0.000,0.000,4.346,44.5400,43.56,1.0941,0.0,83.90,82.100,0,0.00,0.00,131072.00,95.375,0.000,0.109,0.000,-0.119,87.400,88.000,0.073,1.007,-12.597,0.00,0.00,72.82,0.00,
37.499,17,0.0,2.2,0.0,0.0,196,2466,3,5060,5055,108,18.7,19.3,22.0,22.0,22.0,0,14.24,14.23,19.5,42.7,72,0.99,80.0,71.5,-0.4,0.99,12,30,93,-0.595,-14.75,0,3,0.00,0.036,299.9707,27.900,-2.700,0.000,0.000,0.000,0.000,0.000,4.149,43.3600,42.28,1.0934,0.0,79.20,78.400,0,0.00,0.00,131072.00,91.218,0.000,0.109,0.000,-0.111,87.600,88.000,-0.115,0.390,-10.571,0.00,0.00,72.82,0.00,
37.569,17,0.0,2.2,0.0,0.0,196,2484,3,5060,5074,108,18.7,19.3,22.0,22.0,22.0,0,14.22,14.22,19.1,41.2,72,0.99,80.0,69.1,-0.5,0.99,12,30,93,-0.699,-14.75,0,3,0.00,0.038,301.0693,27.700,-2.700,0.000,0.000,0.000,0.000,0.000,4.126,43.0700,41.68,1.0928,2.0,76.80,76.300,0,0.00,0.00,131072.00,89.593,0.000,0.109,0.000,-0.109,87.400,88.000,0.000,-0.170,-10.491,0.00,0.00,72.96,0.00,
37.639,17,0.0,2.1,0.0,0.0,196,2493,3,5060,5059,108,19.5,19.8,22.5,22.5,22.5,0,14.22,14.23,18.7,41.2,72,0.99,76.0,68.7,-0.6,0.99,12,30,93,-0.851,-14.75,0,3,0.00,0.036,301.5747,27.900,-2.700,0.000,0.000,0.000,0.000,0.000,4.159,42.9900,41.36,1.0916,2.0,74.80,74.800,0,0.00,0.00,131072.00,89.218,0.003,0.109,0.000,-0.105,87.900,88.000,0.030,-0.683,-8.947,0.00,0.00,73.11,0.00,
37.709,16,0.0,2.1,0.0,0.0,196,2491,3,5060,5054,107,19.5,19.8,22.5,22.5,22.5,0,14.23,14.24,18.7,41.2,72,0.99,80.0,69.4,-0.6,0.99,12,30,93,-0.837,-14.75,0,3,0.00,0.036,301.3330,28.000,-2.700,0.000,0.000,0.000,0.000,0.000,4.028,41.9200,41.32,1.0908,2.0,75.20,75.600,0,0.00,0.00,131072.00,88.000,0.007,0.109,0.000,-0.101,87.600,88.000,-0.036,-1.098,-8.319,0.00,0.00,73.11,0.00,
37.789,16,0.0,2.0,0.0,0.0,196,2493,3,5060,5044,107,19.5,19.8,22.5,22.5,22.5,0,14.31,14.32,18.7,41.2,72,0.99,76.0,69.7,-0.5,0.99,12,30,93,-0.737,-14.75,0,3,0.00,0.036,301.3330,27.800,-2.700,0.000,0.000,0.000,0.000,0.000,3.990,41.6300,41.18,1.0900,2.0,74.80,74.800,0,0.00,0.00,131072.00,86.968,0.009,0.109,0.000,-0.099,87.700,88.000,0.012,-1.495,-6.622,0.00,0.00,72.96,0.00,
37.869,15,0.0,2.0,0.0,0.0,196,2511,3,5060,5050,107,20.2,20.3,23.0,21.3,21.3,0,14.36,14.36,18.7,39.7,72,0.99,76.0,69.7,-0.6,0.99,12,30,93,-0.830,-14.75,0,3,0.00,0.034,303.9477,27.500,-2.700,0.000,0.000,0.000,0.000,0.000,3.633,38.1100,37.82,1.0892,2.0,70.90,66.400,0,0.00,0.00,131072.00,83.406,0.013,0.109,0.000,-0.095,88.000,89.900,0.000,-2.001,-9.802,0.00,0.00,72.96,0.00,
37.949,14,0.0,2.0,0.0,0.0,196,2507,3,5060,5059,107,23.2,23.3,26.0,22.9,25.5,0,14.33,14.32,16.4,35.2,72,0.99,68.0,63.7,-0.6,0.99,11,30,94,-0.953,-14.75,0,3,0.00,0.032,307.3754,27.100,-2.700,0.000,0.000,0.000,0.000,0.000,3.354,35.5100,35.12,1.0877,2.0,61.20,60.200,0,0.00,0.00,131072.00,77.812,0.019,0.109,0.000,-0.089,90.000,91.600,-0.079,-2.600,-10.058,0.00,0.00,73.11,0.00,
38.028,14,0.0,1.9,0.0,0.0,197,2511,3,5060,5055,107,24.0,24.3,27.5,27.5,27.5,0,14.26,14.25,16.0,34.5,72,0.99,64.0,60.0,-0.7,0.99,11,31,95,-0.977,-14.75,0,3,0.00,0.032,308.8037,26.800,-2.700,0.000,0.000,0.000,0.000,0.000,3.206,34.3300,34.30,1.0852,2.0,57.70,56.700,0,0.00,0.00,131072.00,73.906,0.021,0.107,0.000,-0.085,91.300,92.200,0.000,-3.137,-9.124,0.00,0.00,73.11,0.00,
38.100,14,0.0,1.9,0.0,0.0,197,2529,3,5060,5060,107,24.7,24.8,27.5,27.5,27.5,0,14.31,14.35,15.6,33.7,72,0.99,64.0,58.4,-0.7,0.99,10,31,95,-1.070,-14.75,0,3,0.00,0.032,309.0454,26.700,-2.700,0.000,0.000,0.000,0.000,0.000,3.163,34.0500,33.97,1.0827,2.0,56.10,56.000,0,0.00,0.00,131072.00,72.375,0.025,0.107,0.000,-0.082,92.400,92.700,-0.067,-3.430,-5.322,0.00,0.00,73.25,0.00,
38.169,14,0.0,1.8,0.0,0.0,197,2535,3,5060,5057,107,24.7,25.3,28.0,28.0,28.0,0,14.48,14.48,15.6,33.7,72,0.99,64.0,59.7,-0.8,1.00,11,31,95,-1.059,-14.75,0,3,0.00,0.032,308.9575,26.700,-2.700,0.000,0.000,0.000,0.000,0.000,3.115,33.8100,34.15,1.0805,2.0,55.60,55.900,0,0.00,0.00,131072.00,71.625,0.029,0.107,0.000,-0.078,93.000,92.700,0.012,-3.686,-4.864,0.00,0.00,73.25,0.00,
38.249,14,0.0,1.8,0.0,0.0,197,2531,3,5060,5055,107,24.7,24.8,27.5,27.5,27.5,0,14.58,14.60,15.6,33.7,72,0.99,64.0,60.6,-0.8,1.00,11,31,95,-1.030,-14.75,0,3,0.00,0.032,308.2104,27.100,-2.700,0.000,0.000,0.000,0.000,0.000,3.062,33.7700,34.01,1.0787,2.0,56.60,55.600,0,0.00,0.00,131072.00,71.187,0.031,0.107,0.000,-0.076,93.000,92.700,0.030,-3.961,-4.638,0.00,0.00,73.25,0.00,
38.329,14,0.0,1.7,0.0,0.0,197,2536,3,5060,5055,107,24.7,24.8,27.5,27.5,27.5,0,14.66,14.66,15.6,33.7,72,0.99,64.0,60.5,-0.8,1.01,11,31,95,-1.039,-14.75,0,3,0.00,0.032,308.4301,26.800,-2.700,0.000,0.000,0.000,0.000,0.000,3.028,33.8500,33.90,1.0769,2.0,55.70,55.500,0,0.00,0.00,131072.00,71.093,0.033,0.107,0.000,-0.074,93.200,92.700,-0.067,-4.174,-3.570,0.00,0.00,73.25,0.00,
38.399,14,0.0,1.7,0.0,0.0,197,2541,3,5060,5055,107,24.7,25.3,27.5,27.5,27.5,0,14.58,14.58,15.6,33.7,72,0.99,64.0,59.4,-0.8,1.01,11,31,95,-1.034,-14.75,0,3,0.00,0.032,308.4521,26.800,-2.700,0.000,0.000,0.000,0.000,0.000,3.039,33.8900,33.87,1.0755,2.0,55.70,55.600,0,0.00,0.00,131072.00,71.281,0.037,0.107,0.000,-0.070,93.400,92.700,-0.036,-4.290,-2.056,0.00,0.00,73.25,0.00,
38.479,14,0.0,1.6,0.0,0.0,197,2542,3,5060,5052,107,24.7,25.3,28.0,28.0,28.0,0,14.47,14.46,15.6,33.7,72,0.99,64.0,58.9,-0.8,1.01,11,31,95,-0.939,-14.75,0,3,0.00,0.032,308.3642,26.900,-2.700,0.000,0.000,0.000,0.000,0.000,3.019,33.7400,34.02,1.0740,2.0,55.50,55.800,0,0.00,0.00,131072.00,71.218,0.039,0.107,0.000,-0.068,93.200,92.700,0.000,-4.370,-1.446,0.00,0.00,73.11,0.00,
38.549,14,0.0,1.6,0.0,0.0,197,2550,3,5060,5052,107,25.5,25.6,27.5,27.5,27.5,0,14.39,14.39,15.6,33.7,72,0.99,64.0,59.8,-0.8,1.01,11,31,95,-0.871,-14.75,0,3,0.00,0.031,308.5180,26.800,-1.900,0.000,0.000,0.000,0.000,0.000,2.903,32.7100,33.03,1.0728,2.0,55.50,52.500,0,0.00,0.00,131072.00,70.312,0.039,0.107,0.000,-0.068,93.000,93.000,-0.018,-4.449,-2.050,0.00,0.00,73.11,0.00,
38.630,14,0.0,1.6,0.0,0.0,197,2554,3,5060,5054,107,26.2,26.6,28.5,28.5,28.5,0,14.34,14.34,15.2,32.2,72,0.99,64.0,58.8,-0.7,1.01,11,31,95,-0.851,-14.75,0,3,0.00,0.031,309.5068,26.700,-1.900,0.000,0.000,0.000,0.000,0.000,2.864,32.6300,32.58,1.0714,2.0,52.60,52.500,0,0.00,0.00,131072.00,69.531,0.041,0.107,0.000,-0.066,93.500,93.400,-0.018,-4.614,-2.581,0.00,0.00,73.11,0.00,
38.698,14,0.0,1.6,0.0,0.0,197,2555,3,5060,5047,107,27.0,27.1,29.0,29.0,29.0,0,14.27,14.26,14.8,31.5,72,0.99,60.0,57.1,-0.8,1.01,11,31,96,-0.830,-14.75,0,3,0.00,0.031,310.5175,26.900,-1.900,0.000,0.000,0.000,0.000,0.000,2.691,30.8200,31.06,1.0702,2.0,51.20,47.500,0,0.00,0.00,131072.00,67.781,0.044,0.107,0.000,-0.062,93.800,94.700,-0.140,-4.833,-6.115,0.00,0.00,72.96,0.00,
38.789,13,0.0,1.6,0.0,0.0,197,2558,3,5060,5059,107,27.0,27.6,30.0,30.0,30.0,0,14.21,14.21,14.0,30.0,72,0.99,60.0,54.0,-0.7,1.00,10,31,96,-0.871,-14.75,0,3,0.00,0.031,312.6708,26.400,-1.900,0.000,0.000,0.000,0.000,0.000,2.604,30.4300,30.25,1.0684,2.0,46.20,46.400,0,0.00,0.00,131072.00,65.468,0.046,0.107,0.000,-0.060,95.500,95.900,0.000,-5.242,-3.472,0.00,0.00,73.11,0.00,
38.861,13,0.0,1.5,0.0,0.0,197,2562,3,5060,5060,107,27.7,28.1,30.0,30.0,30.0,0,14.21,14.21,13.6,30.0,72,0.99,60.0,51.4,-0.8,1.00,10,31,96,-0.898,-14.75,0,3,0.00,0.031,312.7807,26.300,-1.900,0.000,0.000,0.000,0.000,0.000,2.584,30.0700,30.26,1.0670,2.0,46.00,45.500,0,0.00,0.00,131072.00,64.562,0.046,0.107,0.000,-0.060,95.900,96.000,-0.067,-5.413,-3.924,0.00,0.00,73.11,0.00,
38.939,13,0.0,1.5,0.0,0.0,197,2571,3,5060,5065,107,27.7,28.1,30.0,30.0,30.0,0,14.27,14.28,13.6,30.0,72,0.99,60.0,52.7,-0.8,1.00,10,31,96,-0.882,-14.75,0,3,0.00,0.031,312.5610,26.400,-1.900,0.000,0.000,0.000,0.000,0.000,2.561,30.1100,30.05,1.0653,2.0,45.50,45.700,0,0.00,0.00,131072.00,64.281,0.050,0.107,0.000,-0.056,96.400,96.000,-0.036,-5.596,-2.642,0.00,0.00,73.11,0.00,
39.019,13,0.0,1.4,0.0,0.0,197,2576,3,5060,5062,107,27.7,28.1,30.0,30.0,30.0,0,14.39,14.39,13.6,30.0,72,0.99,60.0,53.5,-0.8,1.01,11,31,96,-0.801,-14.75,0,3,0.00,0.031,312.3632,26.400,-2.700,0.000,0.000,0.000,0.000,0.000,2.561,30.0700,30.46,1.0637,2.0,45.70,45.200,0,0.00,0.00,131072.00,64.281,0.052,0.107,0.000,-0.054,96.500,96.000,0.030,-5.718,-0.982,0.00,0.00,72.96,0.00,
39.089,12,0.0,1.4,0.0,0.0,198,2576,3,5060,5044,107,27.0,27.3,30.0,27.9,27.9,0,14.44,14.44,13.2,29.2,72,0.99,56.0,54.0,-0.7,1.01,11,31,96,-0.794,-14.75,0,3,0.00,0.031,313.5498,26.700,-2.700,0.000,0.000,0.000,0.000,0.000,2.526,29.7200,30.00,1.0629,2.0,44.90,43.400,0,0.00,0.00,131072.00,63.812,0.054,0.107,0.000,-0.052,96.800,96.800,0.042,-5.804,-1.361,0.00,0.00,72.96,0.00,
39.162,10,0.0,1.4,0.0,0.0,198,2579,3,5060,5044,107,24.0,24.0,24.0,31.0,27.5,0,14.45,14.44,13.2,28.5,72,0.99,56.0,51.9,-0.7,1.01,10,31,97,-0.758,-14.75,0,3,0.00,0.029,314.4726,26.300,-2.700,0.000,0.000,0.000,0.000,0.000,2.222,25.0100,26.55,1.0620,2.0,39.70,32.900,0,0.00,0.00,131072.00,60.031,0.056,0.107,0.000,-0.050,97.300,100.500,-0.109,-5.969,-6.225,0.00,0.00,72.96,0.00,
39.239,10,0.0,1.4,0.0,0.0,198,2569,3,5060,5059,107,18.7,19.3,17.5,19.2,19.2,0,14.40,14.39,12.5,23.2,72,0.99,44.0,44.9,-0.6,1.01,9,31,99,-0.642,-14.75,0,3,0.00,0.025,319.2407,25.000,0.000,0.000,0.000,0.000,0.000,0.000,1.677,19.0100,19.68,1.0603,2.0,21.70,15.500,0,0.00,0.00,131072.00,49.656,0.060,0.107,0.000,-0.046,100.800,108.800,0.604,0.000,-24.176,0.00,0.00,72.82,0.00,
39.318,9,0.0,1.4,0.0,0.0,198,2550,3,4484,4962,107,28.5,28.5,28.5,28.5,17.2,0,14.35,14.34,8.2,18.0,72,0.99,32.0,37.1,-0.4,1.01,7,31,99,-0.565,-14.75,0,3,0.00,0.022,322.1411,4.000,0.000,0.000,0.000,0.000,0.000,0.000,1.503,17.9600,17.68,1.0565,2.0,12.20,10.600,0,0.00,0.00,131072.00,41.343,0.058,0.105,0.000,-0.046,112.000,114.800,0.604,0.000,-24.176,0.00,0.00,72.82,0.00,
39.389,9,0.0,1.3,0.0,0.0,198,2565,3,3325,4771,107,22.5,25.0,22.2,25.1,22.2,0,14.34,14.35,8.2,18.0,72,0.99,32.0,31.8,-0.5,1.01,7,31,99,-0.642,-14.75,0,3,0.00,0.023,322.0312,4.000,0.000,0.000,0.000,0.000,0.000,0.000,1.489,17.7900,17.61,1.0529,2.0,11.00,11.300,0,0.00,0.00,131072.00,39.156,0.060,0.105,0.000,-0.044,114.800,115.100,0.604,0.000,-24.176,0.00,0.00,72.82,0.00,
39.469,9,0.0,1.3,0.0,0.0,198,2580,3,2604,4608,107,27.7,28.0,25.2,28.0,26.5,0,14.43,14.44,7.8,17.2,72,0.99,32.0,31.6,-0.6,1.02,7,31,99,-0.692,-14.75,0,3,0.00,0.022,321.9873,4.000,0.000,0.000,0.000,0.000,0.000,0.000,1.516,17.9300,17.46,1.0496,2.0,9.70,9.200,0,0.00,0.00,131072.00,38.531,0.062,0.105,0.000,-0.042,117.700,115.200,0.604,0.000,-24.176,0.00,0.00,72.96,0.00,
39.539,9,0.0,1.3,0.0,0.0,198,2580,3,2227,4426,107,27.7,28.0,28.0,28.0,28.0,0,14.55,14.68,7.8,17.2,72,0.99,32.0,51.1,-0.7,1.03,7,31,99,-0.728,-14.75,0,3,0.00,0.023,321.8334,4.000,0.000,0.000,0.000,0.000,0.000,0.000,1.516,17.9300,17.51,1.0461,2.0,10.10,9.700,0,0.00,0.00,131072.00,38.406,0.064,0.105,0.000,-0.041,118.000,115.200,0.604,0.000,-24.176,0.00,0.00,72.96,0.00,
39.619,9,0.0,1.2,0.0,0.0,198,2574,3,2079,4263,107,27.7,28.0,28.0,27.5,27.5,0,14.95,14.97,7.8,17.2,72,0.99,32.0,55.2,-0.7,1.06,7,31,99,-0.774,-14.75,0,3,0.00,0.022,321.3720,4.000,0.000,0.000,0.000,0.000,0.000,0.000,1.516,17.9300,17.47,1.0435,2.0,9.70,9.200,0,0.00,0.00,131072.00,38.343,0.066,0.105,0.000,-0.039,117.700,115.200,0.604,0.000,-24.176,0.00,0.00,72.96,0.00,
39.702,9,0.0,1.2,0.0,0.0,198,2574,3,2001,4077,107,27.7,28.0,28.0,28.0,28.0,0,15.13,15.14,7.8,17.2,72,0.99,32.0,41.6,-0.7,1.07,7,31,99,-0.801,-14.75,0,3,0.00,0.022,320.9985,4.000,0.000,0.000,0.000,0.000,0.000,0.000,1.525,17.9300,17.53,1.0410,2.0,10.10,9.700,0,0.00,0.00,131072.00,38.250,0.068,0.105,0.000,-0.037,117.400,115.200,0.604,0.000,-24.176,0.00,0.00,72.96,0.00,
39.770,9,0.0,1.1,0.0,0.0,198,2574,3,1968,3891,107,27.7,28.0,28.0,28.0,28.0,0,15.19,15.18,7.8,17.2,72,0.99,32.0,48.6,-0.8,1.08,7,31,99,-0.821,-14.75,0,3,0.00,0.023,320.7128,4.000,0.000,0.000,0.000,0.000,0.000,0.000,1.529,17.9300,17.60,1.0390,2.0,10.00,9.700,0,0.00,0.00,131072.00,38.250,0.070,0.105,0.000,-0.035,117.000,115.200,0.604,0.000,-24.176,0.00,0.00,72.96,0.00,
39.849,9,0.0,1.1,0.0,0.0,198,2573,3,1954,3732,107,27.7,28.0,28.0,28.0,28.0,0,15.11,15.09,7.8,17.2,72,0.99,32.0,43.6,-0.8,1.08,7,31,99,-0.821,-14.75,0,3,0.00,0.023,320.3173,4.000,0.000,0.000,0.000,0.000,0.000,0.000,1.529,17.8900,17.62,1.0372,2.0,10.30,10.100,0,0.00,0.00,131072.00,38.187,0.070,0.105,0.000,-0.035,117.000,115.200,0.604,0.000,-24.176,0.00,0.00,72.96,0.00,
39.930,9,0.0,1.1,0.0,0.0,198,2573,3,1948,3551,107,27.7,28.0,28.0,28.0,28.0,0,14.96,14.96,7.8,17.2,72,0.99,32.0,32.1,-0.8,1.08,7,31,99,-0.810,-14.75,0,3,0.00,0.023,320.1416,4.000,0.000,0.000,0.000,0.000,0.000,0.000,1.529,17.8900,17.63,1.0359,2.0,10.30,10.100,0,0.00,0.00,131072.00,38.156,0.072,0.105,0.000,-0.033,116.700,115.200,0.604,0.000,-24.176,0.00,0.00,72.96,0.00,
40.009,9,0.0,1.1,0.0,0.0,198,2575,3,1945,3373,107,27.7,28.0,28.0,28.0,28.0,0,14.81,14.80,7.8,17.2,72,0.99,32.0,32.7,-0.8,1.08,7,31,99,-0.805,-14.75,0,3,0.00,0.023,319.8779,4.000,0.000,0.000,0.000,0.000,0.000,0.000,1.529,17.8900,17.66,1.0350,2.0,10.40,10.100,0,0.00,0.00,131072.00,38.156,0.072,0.105,0.000,-0.033,116.400,115.200,0.604,0.000,-24.176,0.00,0.00,72.96,0.00,
40.090,9,0.0,1.0,0.0,0.0,198,2572,3,1944,3201,107,27.7,28.0,28.0,28.0,28.0,0,14.75,14.75,7.8,17.2,72,0.99,32.0,32.7,-0.8,1.09,7,31,99,-0.794,-14.75,0,3,0.00,0.023,319.5483,4.000,0.000,0.000,0.000,0.000,0.000,0.000,1.529,17.8900,17.68,1.0342,2.0,10.40,10.100,0,0.00,0.00,131072.00,38.156,0.074,0.105,0.000,-0.031,116.100,115.200,0.604,0.000,-24.176,0.00,0.00,72.96,0.00,
40.169,9,0.0,1.0,0.0,0.0,199,2571,3,1943,3033,107,27.7,28.0,28.0,28.0,28.0,0,14.76,14.77,7.8,17.2,72,0.99,32.0,31.0,-0.7,1.09,7,31,99,-0.753,-14.75,0,3,0.00,0.022,319.3066,4.000,0.000,0.000,0.000,0.000,0.000,0.000,1.489,17.1800,17.25,1.0333,2.0,10.10,8.500,0,0.00,0.00,131072.00,37.406,0.074,0.105,0.000,-0.031,116.000,115.700,0.604,0.000,-24.176,0.00,0.00,72.96,0.00,
40.241,9,0.0,1.0,0.0,0.0,199,2568,3,1943,2870,107,27.0,27.0,27.0,27.5,27.5,0,14.80,14.81,7.8,16.5,72,0.99,32.0,30.5,-0.6,1.10,7,31,99,-0.703,-14.75,0,3,0.00,0.022,319.2846,4.000,0.000,0.000,0.000,0.000,0.000,0.000,1.489,17.1800,17.37,1.0326,2.0,8.60,9.000,0,0.00,0.00,131072.00,36.906,0.074,0.105,0.000,-0.031,116.400,115.900,0.604,0.000,-24.176,0.00,0.00,72.96,0.00,
40.319,9,0.0,1.0,0.0,0.0,199,2565,3,1943,2729,107,27.0,27.5,27.5,27.5,27.5,0,14.83,14.84,7.8,16.5,72,0.99,32.0,32.7,-0.6,1.11,7,31,99,-0.672,-14.75,0,3,0.00,0.022,319.2846,4.000,0.000,0.000,0.000,0.000,0.000,0.000,1.399,16.2700,16.22,1.0319,2.0,8.00,5.600,0,0.00,0.00,131072.00,35.750,0.074,0.105,0.000,-0.031,116.500,116.000,0.604,0.000,-24.176,0.00,0.00,72.82,0.00,
40.389,9,0.0,1.0,0.0,0.0,199,2560,3,1943,2579,107,25.5,26.0,26.0,26.0,26.5,0,14.84,14.83,7.4,15.7,72,0.99,32.0,28.9,-0.6,1.11,6,31,99,-0.696,-14.75,0,3,0.00,0.022,319.1967,4.000,0.000,0.000,0.000,0.000,0.000,0.000,1.399,16.4000,16.37,1.0309,2.0,5.20,5.000,0,0.00,0.00,131072.00,35.125,0.076,0.105,0.000,-0.029,116.400,116.000,0.604,0.000,-24.176,0.00,0.00,72.96,0.00,
40.479,9,0.0,0.9,0.0,0.0,199,2558,3,1943,2428,107,26.2,26.5,26.5,26.5,26.5,0,14.82,14.82,7.4,15.7,72,0.99,32.0,29.8,-0.7,1.11,6,31,99,-0.701,-14.75,0,3,0.00,0.022,318.8232,4.000,0.000,0.000,0.000,0.000,0.000,0.000,1.389,16.2700,16.25,1.0299,2.0,5.30,4.800,0,0.00,0.00,131072.00,34.687,0.078,0.105,0.000,-0.027,116.600,116.000,0.604,0.000,-24.176,0.00,0.00,72.96,0.00,
40.549,9,0.0,0.9,0.0,0.0,199,2559,3,1943,2278,107,25.5,26.0,26.0,26.0,26.0,0,14.81,14.81,7.4,15.7,72,0.99,32.0,28.6,-0.7,1.12,6,31,99,-0.692,-14.75,0,3,0.00,0.022,318.4497,6.700,0.000,0.000,0.000,0.000,0.000,0.000,1.389,16.2700,16.22,1.0291,2.0,5.00,4.800,0,0.00,0.00,131072.00,34.625,0.078,0.105,0.000,-0.027,116.300,116.000,0.604,0.000,-24.176,0.00,0.00,72.96,0.00,
40.619,9,0.0,0.9,0.0,0.0,199,2560,3,1943,2152,107,25.5,26.0,26.0,26.0,26.0,0,14.78,14.77,7.4,15.7,72,0.99,32.0,27.0,-0.7,1.12,6,31,99,-0.692,-14.75,0,3,0.00,0.022,318.0102,10.200,0.000,0.000,0.000,0.000,0.000,0.000,1.389,16.2700,16.23,1.0284,2.0,5.20,4.800,0,0.00,0.00,131072.00,34.625,0.078,0.105,0.000,-0.027,116.400,116.000,0.604,0.000,-24.176,0.00,0.00,72.96,0.00,
40.699,9,0.0,0.9,0.0,0.0,199,2557,3,1943,2027,107,25.5,26.0,26.0,26.0,26.0,0,14.70,14.68,7.4,15.7,72,0.99,32.0,31.0,-0.7,1.12,6,31,99,-0.692,-14.75,0,3,0.00,0.022,317.7685,13.700,0.000,0.000,0.000,0.000,0.000,0.000,1.389,16.3700,16.21,1.0281,2.0,5.20,4.800,0,0.00,0.00,131072.00,34.718,0.078,0.105,0.000,-0.027,116.000,116.000,0.604,0.000,-24.176,0.00,0.00,72.96,0.00,
40.779,9,0.0,0.9,0.0,0.0,199,2553,3,1943,1905,107,25.5,26.0,26.0,26.0,26.0,0,14.64,14.64,7.4,15.7,72,0.99,32.0,28.6,-0.7,1.12,6,31,99,-0.724,-14.75,0,3,0.00,0.022,317.1533,17.000,0.000,0.000,0.000,0.000,0.000,0.000,1.340,15.9300,15.50,1.0281,2.0,5.20,4.700,0,0.00,0.00,131072.00,34.406,0.080,0.105,0.000,-0.025,116.200,116.400,0.604,0.000,-24.176,0.00,0.00,72.96,0.00,
40.859,8,0.0,0.9,0.0,0.0,199,2550,3,1943,1856,107,25.5,25.5,25.5,26.0,25.5,0,14.61,14.60,7.0,15.0,72,0.99,28.0,27.7,-0.7,1.12,6,31,99,-0.692,-14.75,0,3,0.00,0.022,317.6147,18.000,0.000,0.000,0.000,0.000,0.000,0.000,1.319,15.1500,15.32,1.0279,2.0,3.50,2.300,0,0.00,0.00,131072.00,33.281,0.080,0.105,0.000,-0.025,116.400,116.700,0.604,0.000,-24.176,0.00,0.00,72.96,0.00,
40.939,7,0.0,0.9,0.0,0.0,199,2549,3,1943,1857,107,24.7,25.0,22.9,25.0,22.9,0,14.56,14.56,7.0,15.0,72,0.99,28.0,27.6,-0.7,1.12,6,31,99,-0.717,-14.75,0,3,0.00,0.020,318.0541,17.100,0.000,0.000,0.000,0.000,0.000,0.000,1.264,14.7400,14.55,1.0270,2.0,0.70,0.700,0,0.00,0.00,131072.00,32.000,0.080,0.105,0.000,-0.025,116.900,116.700,0.604,0.000,-24.176,0.00,0.00,72.96,0.00,
41.019,7,0.0,0.9,0.0,0.0,199,2543,3,1943,1903,107,26.2,26.5,24.4,26.5,26.5,0,14.46,14.45,6.6,14.2,72,0.99,28.0,24.0,-0.7,1.12,6,31,99,-0.717,-14.75,0,3,0.00,0.020,318.6035,16.800,0.000,0.000,0.000,0.000,0.000,0.000,1.264,14.7400,14.57,1.0262,2.0,-0.20,-0.200,0,0.00,0.00,131072.00,31.375,0.082,0.105,0.000,-0.023,116.800,116.700,0.604,0.000,-24.176,0.00,0.00,72.96,0.00,
41.101,6,0.0,0.9,0.0,0.0,200,2539,3,1943,1903,107,21.7,22.1,22.5,22.1,26.5,0,14.34,14.33,6.6,14.2,72,0.99,28.0,26.6,-0.8,1.11,6,31,99,-0.672,-14.75,0,3,0.00,0.020,319.1748,17.400,0.000,0.000,0.000,0.000,0.000,0.000,1.169,13.4800,13.32,1.0253,2.0,-1.70,-3.300,0,0.00,0.00,131072.00,29.906,0.082,0.105,0.000,-0.023,117.000,117.200,0.604,0.000,-24.176,0.00,0.00,72.82,0.00,
41.171,5,0.0,0.8,0.0,0.0,200,2536,3,1943,1889,107,20.2,20.8,20.8,25.8,21.5,0,14.29,14.28,5.8,12.0,72,0.99,24.0,33.5,-0.6,1.11,6,31,99,-0.610,-14.75,0,3,0.00,0.018,320.3613,16.400,0.000,0.000,0.000,0.000,0.000,0.000,1.092,12.5300,12.12,1.0246,2.0,-5.70,-7.700,0,0.00,0.00,131072.00,27.812,0.082,0.105,0.000,-0.023,117.400,117.500,0.604,0.000,-24.176,0.00,0.00,72.82,0.00,
41.239,5,0.0,0.8,0.0,0.0,200,2528,3,1943,1923,107,28.5,28.5,26.3,28.5,30.9,0,14.27,14.26,5.4,12.0,72,0.99,20.0,27.0,-0.5,1.11,6,31,99,-0.565,-14.75,0,3,0.00,0.018,321.0205,16.900,0.000,0.000,0.000,0.000,0.000,0.000,1.092,12.5200,12.15,1.0236,2.0,-8.30,-9.000,0,0.00,0.00,131072.00,26.781,0.082,0.105,0.000,-0.023,117.600,117.500,0.604,0.000,-24.176,0.00,0.00,72.82,0.00,
41.319,4,0.0,0.8,0.0,0.0,200,2522,3,1943,1892,107,19.5,20.2,16.1,19.2,16.1,0,14.23,14.21,5.4,12.0,72,0.99,24.0,33.0,-0.4,1.11,6,31,99,-0.558,-14.75,0,3,0.00,0.018,320.6469,16.800,0.000,0.000,0.000,0.000,0.000,0.000,1.105,12.5100,12.51,1.0229,2.0,-10.90,-12.400,0,0.00,0.00,131072.00,26.343,0.083,0.105,0.000,-0.021,117.500,117.500,0.604,0.000,-24.176,0.00,0.00,72.82,0.00,
41.399,2,0.0,0.8,0.0,0.0,200,2494,3,1943,1936,107,6.7,7.0,7.2,1.7,1.7,0,14.14,14.14,5.4,12.0,72,0.99,24.0,30.8,-0.4,1.09,5,31,20,-0.545,-14.75,0,3,0.00,0.018,321.3500,16.300,0.000,0.000,0.000,0.000,0.000,0.000,1.097,12.4800,12.60,1.0220,2.0,-15.80,-16.400,0,0.00,0.00,131072.00,26.000,0.083,0.105,0.000,-0.021,117.900,117.500,10.113,0.000,199.993,0.00,0.00,72.67,0.00,
41.479,0,0.0,0.8,0.0,0.0,200,2469,3,1943,1944,107,-4.5,-5.1,-4.0,-5.1,-2.9,0,14.15,14.15,5.4,12.0,72,0.99,20.0,30.6,-0.5,1.07,5,31,20,-0.599,-14.75,0,3,0.00,0.018,321.6796,16.200,0.000,0.000,0.000,0.000,0.000,0.000,1.075,12.4600,12.41,1.0187,2.0,-20.30,-27.700,0,0.00,0.00,131072.00,25.656,0.085,0.105,0.000,-0.019,117.800,117.500,-2.563,0.000,199.993,0.00,0.00,72.82,0.00,
41.549,0,0.0,0.8,0.0,0.0,200,2460,3,1943,1934,107,-9.0,-9.5,-11.5,-10.6,-11.5,0,14.20,14.20,5.4,12.0,72,0.99,20.0,37.2,-0.5,1.07,5,31,20,-0.692,-14.75,0,3,0.00,0.018,321.6137,15.700,0.000,0.000,0.000,0.000,0.000,0.000,1.075,12.4600,12.38,1.0143,2.0,-22.40,-31.600,0,0.00,0.00,131072.00,25.500,0.085,0.105,0.000,-0.019,117.600,117.500,-4.205,0.000,199.993,0.00,0.00,72.96,0.00,
41.621,0,0.0,0.7,0.0,0.0,200,2465,3,1943,1961,107,-11.2,-11.5,-11.5,-11.5,-11.5,0,14.52,14.52,5.4,12.0,72,0.99,20.0,35.6,-0.7,1.12,5,30,20,-0.724,-14.75,0,3,0.00,0.018,320.9106,16.200,0.000,0.000,0.000,0.000,0.000,0.000,1.070,12.4600,12.18,1.0095,2.0,-22.40,-31.600,0,0.00,0.00,131072.00,25.406,0.087,0.105,0.000,-0.017,117.500,117.500,-4.541,0.000,149.926,0.00,0.00,72.96,0.00,
41.699,0,0.0,0.7,0.0,0.0,200,2484,3,1943,1943,108,-11.2,-11.5,-11.5,-11.5,-11.5,0,15.69,16.03,5.4,12.0,72,0.99,20.0,41.7,-0.7,1.16,5,30,20,-0.769,-14.75,0,3,0.00,0.018,320.4711,16.300,0.000,0.000,0.000,0.000,0.000,0.000,1.083,12.4800,12.18,1.0064,2.0,-22.90,-32.000,0,0.00,0.00,131072.00,25.531,0.087,0.105,0.000,-0.017,117.600,117.500,0.231,-0.268,-12.084,0.00,0.00,72.96,0.00,
41.780,0,0.0,0.6,0.0,0.0,200,2485,3,1943,1964,108,-11.2,-11.5,-11.5,-11.5,-11.5,0,16.11,15.85,5.4,12.0,72,0.99,20.0,38.7,-0.8,1.23,5,30,20,-0.826,-14.75,0,3,0.00,0.018,319.9877,11.800,0.000,0.000,0.000,0.000,0.000,0.000,1.083,12.4700,12.18,1.0054,2.0,-25.60,-34.400,0,0.00,0.00,131072.00,25.656,0.089,0.105,0.000,-0.015,117.400,117.500,2.044,0.000,-200.000,0.00,0.00,72.96,0.00,
41.861,0,0.0,0.6,0.0,0.0,200,2481,3,1943,1961,108,-2.2,-2.5,-2.5,-2.5,-2.5,0,15.86,15.86,5.4,12.0,72,0.99,20.0,39.1,-0.9,1.00,5,30,99,-0.851,-14.75,0,3,0.00,0.018,0.0000,15.000,0.000,0.000,0.000,0.000,0.000,0.000,1.097,12.4700,12.36,1.0053,2.0,-34.60,-20.500,0,0.00,0.00,131072.00,25.593,0.089,0.105,0.000,-0.015,117.700,117.500,4.699,0.000,-200.000,0.00,0.00,73.11,0.00,
41.929,5,0.0,0.6,0.0,0.0,200,2464,3,1943,1954,108,-2.2,-2.3,-1.8,-2.1,-1.8,0,15.15,15.06,5.4,12.0,72,0.99,20.0,37.8,-0.9,1.00,5,30,99,-0.878,-14.75,0,3,0.00,0.018,322.0971,16.400,0.000,0.000,0.000,0.000,0.000,0.000,1.092,12.6200,12.40,1.0062,2.0,-31.10,-9.700,0,0.00,0.00,131072.00,25.562,0.089,0.105,0.000,-0.015,117.600,117.500,4.699,0.000,-200.000,0.00,0.00,73.11,0.00,
41.999,6,0.0,0.5,0.0,0.0,200,2461,3,1943,1989,108,0.0,0.5,0.5,-0.7,-0.1,0,15.20,15.61,5.8,13.5,72,0.99,24.0,29.0,-0.9,1.00,6,30,99,-0.891,-14.75,0,3,0.00,0.020,319.5483,16.900,0.000,0.000,0.000,0.000,0.000,0.000,1.203,15.3800,14.05,1.0073,2.0,-13.90,-4.200,0,0.00,0.00,131072.00,27.781,0.091,0.105,0.000,-0.013,117.400,117.100,4.492,-6.274,-179.583,0.00,0.00,73.11,0.00,
42.069,8,0.0,0.6,0.0,0.0,200,2494,3,1943,2005,108,4.5,4.7,3.7,5.7,5.7,0,18.05,18.23,6.6,15.0,72,0.99,28.0,24.1,-1.0,1.00,6,30,99,-0.953,-14.75,0,3,0.00,0.022,318.2519,17.700,0.000,0.000,0.000,0.000,0.000,0.000,1.332,15.8600,15.66,1.0096,2.0,-6.60,1.300,0,0.00,0.00,131072.00,30.718,0.089,0.105,0.000,-0.015,116.800,116.800,4.602,-7.727,-66.821,0.00,0.00,73.11,0.00,
42.149,8,0.0,0.5,0.0,0.0,200,2504,3,1943,1987,108,14.2,14.3,14.3,11.1,12.7,0,19.11,19.11,7.0,15.7,72,0.99,28.0,28.3,-0.9,1.00,7,30,99,-0.855,-14.75,0,3,0.00,0.022,318.2519,17.100,0.000,0.000,0.000,0.000,0.000,0.000,1.315,15.6600,15.66,1.0138,2.0,0.80,3.200,0,0.00,0.00,131072.00,32.062,0.091,0.105,0.000,-0.013,116.600,116.700,4.602,-7.727,-66.821,0.00,0.00,73.11,0.00,
42.219,8,0.0,0.6,0.0,0.0,200,2510,3,1943,1974,108,19.5,19.9,18.5,19.3,18.5,0,19.11,19.11,7.0,15.0,72,0.99,28.0,28.4,-0.8,1.00,7,30,99,-0.764,-14.75,0,3,0.00,0.020,317.9663,17.600,0.000,0.000,0.000,0.000,0.000,0.000,1.319,15.7900,15.68,1.0165,2.0,4.20,4.000,0,0.00,0.00,131072.00,32.250,0.091,0.105,0.000,-0.013,116.700,116.700,4.602,-7.727,-66.821,0.00,0.00,72.96,0.00,
42.299,9,0.0,0.6,0.0,0.0,201,2481,3,1943,1974,108,25.5,25.0,25.0,25.5,25.0,0,18.22,17.95,7.4,16.5,72,0.99,32.0,27.8,-0.7,1.00,7,30,99,-0.798,-14.75,0,3,0.00,0.022,316.6918,17.800,0.000,0.000,0.000,0.000,0.000,0.000,1.389,16.9100,16.91,1.0187,2.0,8.00,9.000,0,0.00,0.00,131072.00,33.906,0.089,0.105,0.000,-0.015,116.400,116.100,4.602,-7.727,-66.821,0.00,0.00,72.96,0.00,
42.379,9,0.0,0.6,0.0,0.0,201,2456,3,1943,1948,108,25.5,26.0,26.0,26.0,26.0,0,16.42,16.28,7.8,16.5,72,0.99,32.0,29.4,-0.7,1.00,8,30,99,-0.758,-14.75,0,3,0.00,0.022,316.8676,17.400,0.000,0.000,0.000,0.000,0.000,0.000,1.372,17.0100,16.57,1.0212,2.0,9.20,8.200,0,0.00,0.00,131072.00,34.406,0.089,0.105,0.000,-0.015,116.200,116.000,4.602,-7.727,-66.821,0.00,0.00,72.96,0.00,
42.460,9,0.0,0.6,0.0,0.0,201,2469,3,1943,1969,108,25.5,26.0,26.0,26.0,26.0,0,15.26,15.17,7.4,16.5,72,0.99,28.0,28.9,-0.7,1.00,8,30,99,-0.760,-14.75,0,3,0.00,0.022,316.8457,17.900,0.000,0.000,0.000,0.000,0.000,0.000,1.376,17.3500,16.47,1.0227,2.0,9.10,8.000,0,0.00,0.00,131072.00,34.562,0.089,0.105,0.000,-0.015,115.600,115.800,4.602,-7.727,-66.821,0.00,0.00,72.96,0.00,
42.540,10,0.0,0.6,0.0,0.0,201,2482,3,1974,1951,108,26.2,26.5,26.5,26.0,26.0,0,14.56,14.47,7.4,18.0,72,0.99,32.0,29.1,-0.7,1.00,8,30,99,-0.814,-14.75,0,3,0.00,-0.001,315.0000,20.500,0.000,0.000,0.000,0.000,0.000,0.000,1.503,18.3300,18.18,1.0238,2.0,14.00,15.000,0,0.00,0.00,131072.00,36.718,0.089,0.105,0.000,-0.015,115.400,114.600,4.602,-7.727,-66.821,0.00,0.00,72.96,0.00,
42.619,10,0.0,0.6,0.0,0.0,201,2482,3,2027,1971,108,27.7,28.0,28.0,27.5,28.0,0,14.24,14.22,8.5,18.0,72,0.99,32.0,32.7,-0.7,0.96,8,30,99,-0.837,-14.75,0,3,0.00,-0.001,316.3403,19.500,0.000,0.000,0.000,0.000,0.000,0.000,1.552,18.6200,18.66,1.0253,2.0,15.00,14.800,0,0.00,0.00,131072.00,37.718,0.089,0.105,0.000,-0.015,114.300,113.700,4.602,-7.727,-66.821,0.00,0.00,73.11,0.00,
42.700,10,0.0,0.6,0.0,0.0,201,2474,3,2082,2058,108,27.7,28.0,28.0,28.0,28.0,0,14.17,14.17,8.5,18.0,72,0.99,32.0,31.4,-0.9,0.97,7,30,99,-1.050,-14.75,0,3,0.00,-0.001,316.4501,22.600,0.000,0.000,0.000,0.000,0.000,0.000,1.597,19.0100,18.81,1.0266,2.0,14.20,14.200,0,0.00,0.00,131072.00,38.437,0.089,0.105,0.000,-0.015,113.600,113.000,4.602,-7.727,-66.821,0.00,0.00,73.25,0.00,
42.769,10,0.0,0.6,0.0,0.0,201,2477,3,2187,2101,108,27.7,28.0,28.0,28.0,28.0,0,14.22,14.24,8.5,19.5,72,0.99,36.0,30.8,-1.1,0.99,7,30,99,-1.209,-14.75,0,3,0.00,-0.001,315.3295,23.800,0.000,0.000,0.000,0.000,0.000,0.000,1.692,20.1600,19.80,1.0273,2.0,16.10,16.800,0,0.00,0.00,131072.00,40.125,0.089,0.105,0.000,-0.015,112.600,111.200,4.602,-7.727,-66.821,0.00,0.00,73.40,0.00,
42.839,10,0.0,0.6,0.0,0.0,201,2479,3,2287,2234,108,28.5,29.0,29.0,28.5,28.5,0,14.39,14.42,8.9,19.5,72,0.99,36.0,32.8,-1.3,1.01,7,30,99,-1.317,-14.75,0,3,0.00,-0.001,315.5493,25.900,0.000,0.000,0.000,0.000,0.000,0.000,1.705,20.1600,19.80,1.0280,2.0,17.00,16.800,0,0.00,0.00,131072.00,41.000,0.089,0.105,0.000,-0.015,111.300,110.500,4.602,-7.727,-66.821,0.00,0.00,73.54,0.00,
42.910,10,0.0,0.6,0.0,0.0,201,2480,3,2387,2280,108,28.5,29.0,29.0,29.0,29.0,0,14.55,14.57,8.9,19.5,72,0.99,36.0,33.1,-1.4,1.03,7,30,99,-1.347,-14.75,0,3,0.00,-0.001,315.4833,24.500,0.000,0.000,0.000,0.000,0.000,0.000,1.714,20.2100,19.85,1.0288,2.0,17.00,16.600,0,0.00,0.00,131072.00,41.281,0.089,0.105,0.000,-0.015,110.100,110.400,4.602,-7.727,-66.821,0.00,0.00,73.54,0.00,
42.990,10,0.0,0.6,0.0,0.0,201,2478,3,2488,2485,108,28.5,29.0,29.0,29.0,29.0,0,14.62,14.61,8.9,19.5,72,0.99,36.0,33.5,-1.5,1.04,7,30,99,-1.453,-14.75,0,3,0.00,-0.001,315.6372,26.600,0.000,0.000,0.000,0.000,0.000,0.000,1.759,20.6900,20.40,1.0293,2.0,16.40,16.600,0,0.00,0.00,131072.00,41.843,0.089,0.105,0.000,-0.015,109.600,110.000,4.602,-7.727,-66.821,0.00,0.00,73.69,0.00,
43.069,10,0.0,0.6,0.0,0.0,201,2481,3,2603,2553,108,29.2,29.5,29.5,29.5,29.5,0,14.47,14.47,9.3,20.2,72,0.99,36.0,34.9,-1.5,1.03,8,30,99,-1.397,-14.75,0,3,0.00,-0.001,315.6152,26.400,0.000,0.000,0.000,0.000,0.000,0.000,1.759,20.5500,20.56,1.0299,2.0,17.70,17.600,0,0.00,0.00,131072.00,42.187,0.089,0.105,0.000,-0.015,109.300,109.600,4.602,-7.727,-66.821,0.00,0.00,73.54,0.00,
43.149,10,0.0,0.6,0.0,0.0,201,2484,3,2717,2671,108,29.2,29.5,29.5,29.5,29.5,0,14.24,14.21,9.3,20.2,72,0.99,36.0,36.1,-1.4,1.02,8,30,99,-1.342,-14.75,0,3,0.00,-0.001,315.9887,26.300,0.000,0.000,0.000,0.000,0.000,0.000,1.737,20.5500,20.70,1.0307,2.0,18.10,18.000,0,0.00,0.00,131072.00,42.250,0.089,0.105,0.000,-0.015,108.900,109.600,4.602,-7.727,-66.821,0.00,0.00,73.54,0.00,
43.229,10,0.0,0.6,0.0,0.0,201,2482,3,2832,2891,108,29.2,29.5,29.5,29.5,29.5,0,14.04,14.02,9.3,20.2,72,0.99,36.0,35.6,-1.3,1.02,8,30,99,-1.351,-14.75,0,3,0.00,-0.001,316.6259,27.100,0.000,0.000,0.000,0.000,0.000,0.000,1.742,20.5000,20.57,1.0310,2.0,18.00,17.600,0,0.00,0.00,131072.00,42.218,0.089,0.105,0.000,-0.015,108.800,109.500,4.602,-7.727,-66.821,0.00,0.00,73.54,0.00,
43.301,10,0.0,0.6,0.0,0.0,201,2481,3,2947,2926,108,29.2,29.5,29.5,29.5,29.5,0,13.89,13.88,9.3,20.2,72,0.99,36.0,35.8,-1.3,1.02,8,30,99,-1.295,-14.75,0,3,0.00,-0.001,316.9335,26.700,0.000,0.000,0.000,0.000,0.000,0.000,1.742,20.5500,20.60,1.0310,2.0,18.00,17.600,0,0.00,0.00,131072.00,42.187,0.087,0.105,0.000,-0.017,108.500,109.500,4.602,-7.727,-66.821,0.00,0.00,73.54,0.00,
43.379,10,0.0,0.6,0.0,0.0,201,2484,3,3047,3087,108,29.2,29.5,29.5,29.5,29.5,0,13.80,13.80,9.3,20.2,72,0.99,36.0,35.6,-1.3,1.01,8,30,99,-1.317,-14.75,0,3,0.00,-0.001,318.3178,27.000,0.000,0.000,0.000,0.000,0.000,0.000,1.669,19.8700,19.56,1.0310,2.0,17.10,15.000,0,0.00,0.00,131072.00,41.531,0.087,0.105,0.000,-0.017,108.800,110.900,4.602,-7.727,-66.821,0.00,0.00,73.54,0.00,
43.458,10,0.0,0.6,0.0,0.0,201,2482,3,3161,3179,108,28.5,29.0,29.0,29.0,28.5,0,13.80,13.81,8.9,18.7,72,0.99,36.0,32.9,-1.4,1.01,7,30,99,-1.412,-14.75,0,3,0.00,-0.001,318.8891,27.300,0.000,0.000,0.000,0.000,0.000,0.000,1.679,19.7300,19.52,1.0310,2.0,14.80,14.200,0,0.00,0.00,131072.00,40.875,0.087,0.105,0.000,-0.017,110.100,111.200,4.602,-7.727,-66.821,0.00,0.00,73.54,0.00,
43.539,10,0.0,0.7,0.0,0.0,201,2480,3,3270,3278,108,28.5,28.5,28.5,28.5,28.5,0,13.88,13.89,8.9,18.7,72,0.99,36.0,32.9,-1.5,1.02,7,30,99,-1.408,-14.75,0,3,0.00,-0.001,319.2407,24.200,0.000,0.000,0.000,0.000,0.000,0.000,1.602,18.5700,18.58,1.0310,2.0,14.80,13.300,0,0.00,0.00,131072.00,39.781,0.087,0.105,0.000,-0.017,110.500,112.500,4.602,-7.727,-66.821,0.00,0.00,73.54,0.00,
43.619,9,0.0,0.6,0.0,0.0,201,2480,3,3030,3355,108,27.0,27.5,28.0,27.5,27.5,0,14.11,14.11,8.2,18.0,72,0.99,32.0,32.3,-1.4,1.03,7,30,99,-1.378,-14.75,0,3,0.00,-0.001,319.7241,6.800,0.000,0.000,0.000,0.000,0.000,0.000,1.574,18.2800,18.13,1.0309,2.0,12.10,11.600,0,0.00,0.00,131072.00,38.281,0.087,0.105,0.000,-0.017,112.600,113.400,4.602,-7.727,-66.821,0.00,0.00,73.54,0.00,
43.699,9,0.0,0.7,0.0,0.0,201,2480,3,2648,3179,108,27.0,27.5,27.5,27.5,27.5,0,14.42,14.44,8.2,17.2,72,0.99,32.0,31.5,-1.4,1.05,7,30,99,-1.372,-14.75,0,3,0.00,-0.001,319.5043,4.000,0.000,0.000,0.000,0.000,0.000,0.000,1.529,17.5200,17.51,1.0304,2.0,11.40,10.200,0,0.00,0.00,131072.00,37.312,0.087,0.105,0.000,-0.017,113.400,114.000,4.602,-7.727,-66.821,0.00,0.00,73.54,0.00,
43.782,9,0.0,0.7,0.0,0.0,201,2481,3,2280,3005,108,27.0,27.0,26.5,26.5,26.5,0,14.48,14.49,7.8,17.2,72,0.99,32.0,31.0,-1.3,1.04,6,30,99,-1.342,-14.75,0,3,0.00,-0.001,319.6142,4.000,0.000,0.000,0.000,0.000,0.000,0.000,1.444,16.5700,16.27,1.0299,2.0,9.00,7.100,0,0.00,0.00,131072.00,35.625,0.087,0.105,0.000,-0.017,114.600,115.000,4.602,-7.727,-66.821,0.00,0.00,73.54,0.00,
43.860,9,0.0,0.6,0.0,0.0,201,2480,3,2088,2846,108,25.5,25.5,25.5,25.5,25.5,0,14.53,14.54,7.4,15.7,72,0.99,28.0,28.5,-1.4,1.04,6,30,99,-1.417,-14.75,0,3,0.00,-0.001,320.1196,4.000,0.000,0.000,0.000,0.000,0.000,0.000,1.444,16.6100,16.18,1.0292,2.0,5.50,5.000,0,0.00,0.00,131072.00,34.531,0.087,0.105,0.000,-0.017,115.100,115.200,4.602,-7.727,-66.821,0.00,0.00,73.69,0.00,
43.940,8,0.0,0.7,0.0,0.0,201,2479,3,2005,2696,108,25.5,25.5,25.5,25.5,25.5,0,14.57,14.57,7.4,15.7,72,0.99,28.0,28.4,-1.4,1.04,6,30,99,-1.408,-14.75,0,3,0.00,-0.001,319.7900,4.000,0.000,0.000,0.000,0.000,0.000,0.000,1.389,15.8600,15.40,1.0283,2.0,5.70,4.800,0,0.00,0.00,131072.00,33.562,0.087,0.105,0.000,-0.017,115.400,115.800,4.602,-7.727,-66.821,0.00,0.00,73.54,0.00,
44.019,8,0.0,0.7,0.0,0.0,201,2480,3,1970,2546,108,24.7,25.0,25.0,25.0,25.0,0,14.58,14.59,7.0,15.7,72,0.99,28.0,26.5,-1.4,1.04,6,30,99,-1.444,-14.75,0,3,0.00,-0.001,319.8559,4.000,0.000,0.000,0.000,0.000,0.000,0.000,1.399,15.5500,15.71,1.0275,2.0,4.00,3.500,0,0.00,0.00,131072.00,32.687,0.087,0.105,0.000,-0.017,116.200,116.000,4.602,-7.727,-66.821,0.00,0.00,73.69,0.00,
44.099,8,0.0,0.7,0.0,0.0,201,2478,3,1954,2407,108,24.0,24.5,24.5,24.5,25.0,0,14.63,14.66,7.0,15.0,72,0.99,28.0,26.8,-1.4,1.05,6,30,99,-1.412,-14.75,0,3,0.00,-0.001,319.9658,7.800,0.000,0.000,0.000,0.000,0.000,0.000,1.340,15.1100,15.00,1.0267,2.0,2.40,1.100,0,0.00,0.00,131072.00,31.656,0.085,0.105,0.000,-0.019,116.300,116.300,4.602,-7.727,-66.821,0.00,0.00,73.54,0.00,
44.169,7,0.0,0.7,0.0,0.0,201,2475,3,1947,2270,108,21.7,21.8,21.8,22.7,22.5,0,14.75,14.76,6.6,14.2,72,0.99,28.0,26.6,-1.3,1.05,6,30,99,-1.320,-14.75,0,3,0.00,-0.001,319.8999,10.500,0.000,0.000,0.000,0.000,0.000,0.000,1.285,14.6700,14.52,1.0260,2.0,0.80,0.000,0,0.00,0.00,131072.00,30.718,0.087,0.105,0.000,-0.017,116.600,116.700,4.602,-7.727,-66.821,0.00,0.00,73.54,0.00,
44.249,7,0.0,0.7,0.0,0.0,201,2472,3,1945,2160,108,24.0,24.3,24.6,27.5,27.5,0,14.76,14.76,6.6,14.2,72,0.99,24.0,27.4,-1.2,1.05,6,30,99,-1.238,-14.75,0,3,0.00,-0.001,319.9877,13.900,0.000,0.000,0.000,0.000,0.000,0.000,1.242,14.4700,14.12,1.0252,2.0,-0.60,-1.200,0,0.00,0.00,131072.00,30.000,0.087,0.105,0.000,-0.017,117.000,116.700,4.602,-7.727,-66.821,0.00,0.00,73.40,0.00,
44.329,7,0.0,0.7,0.0,0.0,202,2471,3,1944,2054,108,24.7,24.8,24.8,25.2,28.0,0,14.72,14.72,6.2,14.2,72,0.99,24.0,25.9,-1.1,1.05,6,30,99,-1.100,-14.75,0,3,0.00,-0.001,319.7900,16.100,0.000,0.000,0.000,0.000,0.000,0.000,1.229,14.3700,14.17,1.0244,2.0,-0.80,-0.500,0,0.00,0.00,131072.00,29.593,0.087,0.105,0.000,-0.017,116.900,116.700,4.602,-7.727,-66.821,0.00,0.00,73.25,0.00,
44.399,7,0.0,0.7,0.0,0.0,202,2474,3,1943,2008,108,27.0,27.5,27.5,27.5,27.5,0,14.64,14.63,6.2,14.2,72,0.99,24.0,25.9,-1.0,1.05,6,30,99,-1.018,-14.75,0,3,0.00,-0.001,319.5922,16.500,0.000,0.000,0.000,0.000,0.000,0.000,1.238,14.3700,14.40,1.0236,2.0,-0.80,-0.400,0,0.00,0.00,131072.00,29.500,0.087,0.105,0.000,-0.017,116.700,116.700,4.602,-7.727,-66.821,0.00,0.00,73.25,0.00,
44.501,7,0.0,0.7,0.0,0.0,202,2473,3,1943,1990,108,27.0,27.5,24.6,27.5,25.0,0,14.59,14.59,6.6,13.5,72,0.99,24.0,26.4,-1.0,1.04,6,30,99,-0.932,-14.75,0,3,0.00,0.005,319.5922,16.300,0.000,0.000,0.000,0.000,0.000,0.000,1.225,14.3700,14.27,1.0233,2.0,-0.80,-0.700,0,0.00,0.00,131072.00,29.468,0.087,0.105,0.000,-0.017,116.700,116.700,4.602,-7.727,-66.821,0.00,0.00,73.11,0.00,
44.569,7,0.0,0.7,0.0,0.0,202,2472,3,1943,1979,108,27.0,27.0,26.7,27.0,27.0,0,14.57,14.57,6.6,14.2,72,0.99,24.0,26.7,-0.9,1.07,6,30,99,-0.846,-14.75,0,3,0.00,0.013,319.1967,16.700,0.000,0.000,0.000,0.000,0.000,0.000,1.225,14.3700,14.41,1.0233,2.0,-0.50,-0.400,0,0.00,0.00,131072.00,29.437,0.087,0.105,0.000,-0.017,116.800,116.700,4.602,-7.727,-66.821,0.00,0.00,73.11,0.00,
44.639,7,0.0,0.7,0.0,0.0,202,2468,3,1943,1967,108,24.0,24.6,26.5,26.5,26.5,0,14.56,14.55,6.6,14.2,72,0.99,24.0,25.8,-0.8,1.07,6,30,99,-0.821,-14.75,0,3,0.00,0.014,319.2187,16.600,0.000,0.000,0.000,0.000,0.000,0.000,1.225,14.6700,14.46,1.0233,2.0,-0.40,-0.200,0,0.00,0.00,131072.00,29.593,0.087,0.105,0.000,-0.017,116.900,116.700,4.602,-7.727,-66.821,0.00,0.00,72.96,0.00,
44.719,7,0.0,0.7,0.0,0.0,202,2465,3,1943,1966,108,25.5,26.0,26.0,26.5,26.5,0,14.55,14.55,6.6,14.2,72,0.99,28.0,26.0,-0.8,1.07,7,30,99,-0.783,-14.75,0,3,0.00,0.018,318.9990,16.700,0.000,0.000,0.000,0.000,0.000,0.000,1.238,14.6700,14.72,1.0233,2.0,0.20,0.100,0,0.00,0.00,131072.00,29.875,0.087,0.105,0.000,-0.017,116.800,116.700,4.602,-7.727,-66.821,0.00,0.00,72.97,0.00,
44.800,7,0.0,0.7,0.0,0.0,202,2463,3,1943,1949,108,22.5,22.9,23.6,23.6,23.6,0,14.52,14.52,6.6,14.2,72,0.99,28.0,26.4,-0.7,1.07,7,30,99,-0.749,-14.75,0,3,0.00,0.018,318.9111,16.300,0.000,0.000,0.000,0.000,0.000,0.000,1.217,14.6700,14.42,1.0233,2.0,0.30,0.300,0,0.00,0.00,131072.00,29.906,0.087,0.105,0.000,-0.017,117.000,116.700,4.602,-7.727,-66.821,0.00,0.00,72.96,0.00,
44.879,7,0.0,0.7,0.0,0.0,202,2463,3,1943,1961,108,26.2,26.5,26.5,26.5,23.3,0,14.48,14.47,6.6,14.2,72,0.99,24.0,26.8,-0.7,1.07,7,30,99,-0.749,-14.75,0,3,0.00,0.018,319.0429,16.800,0.000,0.000,0.000,0.000,0.000,0.000,1.225,14.6700,14.57,1.0233,2.0,-0.10,0.000,0,0.00,0.00,131072.00,29.937,0.087,0.105,0.000,-0.017,116.800,116.700,4.602,-7.727,-66.821,0.00,0.00,72.96,0.00,
44.949,7,0.0,0.7,0.0,0.0,202,2462,3,1943,1933,108,24.0,24.3,24.3,24.6,24.3,0,14.44,14.44,6.6,14.2,72,0.99,24.0,26.6,-0.7,1.07,7,30,99,-0.708,-14.75,0,3,0.00,0.018,319.0209,16.600,0.000,0.000,0.000,0.000,0.000,0.000,1.225,14.6700,14.61,1.0233,2.0,0.00,0.000,0,0.00,0.00,131072.00,29.937,0.087,0.105,0.000,-0.017,117.000,116.700,4.602,-7.727,-66.821,0.00,0.00,72.96,0.00,
45.019,7,0.0,0.7,0.0,0.0,202,2464,3,1943,1949,108,24.0,24.0,24.3,24.0,24.0,0,14.40,14.40,6.6,14.2,72,0.99,24.0,26.2,-0.7,1.07,7,30,99,-0.672,-14.75,0,3,0.00,0.018,319.0429,17.000,0.000,0.000,0.000,0.000,0.000,0.000,1.225,14.6700,14.65,1.0233,2.0,0.00,0.000,0,0.00,0.00,131072.00,29.937,0.087,0.105,0.000,-0.017,116.900,116.700,4.602,-7.727,-66.821,0.00,0.00,72.82,0.00,
45.107,7,0.0,0.6,0.0,0.0,202,2462,3,1943,1923,108,24.0,24.0,24.0,23.2,23.6,0,14.38,14.38,6.6,14.2,72,0.99,24.0,25.8,-0.7,1.07,7,30,99,-0.656,-14.75,0,3,0.00,0.018,318.9770,16.700,0.000,0.000,0.000,0.000,0.000,0.000,1.186,14.1000,14.11,1.0233,2.0,0.20,-0.700,0,0.00,0.00,131072.00,29.625,0.087,0.105,0.000,-0.017,116.900,116.700,4.602,-7.727,-66.821,0.00,0.00,72.82,0.00,
45.189,6,0.0,0.7,0.0,0.0,202,2458,3,1943,1931,108,21.7,22.3,28.6,22.4,28.6,0,14.37,14.37,6.2,12.7,72,0.99,24.0,25.7,-0.6,1.07,7,30,99,-0.558,-14.75,0,3,0.00,0.018,319.6801,16.200,0.000,0.000,0.000,0.000,0.000,0.000,1.131,13.3200,13.41,1.0233,2.0,-2.50,-3.300,0,0.00,0.00,131072.00,28.093,0.087,0.105,0.000,-0.017,117.000,117.400,4.602,-7.727,-66.821,0.00,0.00,72.82,0.00,
45.269,5,0.0,0.7,0.0,0.0,202,2451,3,1943,1949,108,27.7,28.0,22.1,28.0,24.1,0,14.36,14.36,5.8,12.0,72,0.99,24.0,24.1,-0.6,1.07,6,30,99,-0.613,-14.75,0,3,0.00,0.018,320.9765,16.400,0.000,0.000,0.000,0.000,0.000,0.000,1.036,12.4400,11.95,1.0225,2.0,-6.30,-7.800,0,0.00,0.00,131072.00,26.312,0.087,0.105,0.000,-0.017,117.500,117.500,4.602,-7.727,-66.821,0.00,0.00,72.82,0.00,
45.349,4,0.0,0.7,0.0,0.0,202,2444,3,1943,1923,108,16.5,17.2,17.2,25.1,22.6,0,14.34,14.34,5.4,12.0,72,0.99,20.0,22.7,-0.6,1.07,6,30,99,-0.618,-14.75,0,3,0.00,0.018,321.1523,16.200,0.000,0.000,0.000,0.000,0.000,0.000,1.058,12.4300,12.22,1.0217,2.0,-9.90,-13.800,0,0.00,0.00,131072.00,25.500,0.087,0.105,0.000,-0.017,117.500,117.500,4.602,-7.727,-66.821,0.00,0.00,72.82,0.00,
45.429,1,0.0,0.7,0.0,0.0,202,2413,3,1943,1934,108,3.7,4.4,6.3,2.0,2.0,0,14.30,14.29,5.4,12.0,72,0.99,20.0,24.5,-0.6,1.07,6,30,20,-0.642,-14.75,0,3,0.00,0.016,321.3500,15.900,0.000,0.000,0.000,0.000,0.000,0.000,1.049,12.3900,12.33,1.0209,0.0,-16.90,-16.200,0,0.00,0.00,131072.00,25.031,0.087,0.105,0.000,-0.017,117.800,117.500,4.638,0.000,199.993,0.00,0.00,72.82,0.00,
45.509,0,0.0,0.7,0.0,0.0,202,2373,3,1943,1951,108,-5.2,-5.7,-4.6,-5.7,-3.5,0,14.25,14.26,5.4,12.0,72,0.99,20.0,35.8,-0.6,1.06,6,30,20,-0.626,-14.75,0,3,0.00,0.016,321.4379,16.000,0.000,0.000,0.000,0.000,0.000,0.000,1.023,12.3600,12.16,1.0172,0.0,-20.00,-31.000,0,0.00,0.00,131072.00,24.562,0.087,0.105,0.000,-0.017,117.700,117.500,-3.033,0.000,199.993,0.00,0.00,72.82,0.00,
45.589,0,0.0,0.6,0.0,0.0,202,2365,3,1943,1929,108,-9.7,-10.1,-12.0,-11.2,-12.0,0,14.28,14.29,5.4,12.0,72,0.99,20.0,33.1,-0.6,1.07,6,30,20,-0.604,-14.75,0,3,0.00,0.018,321.5039,15.600,0.000,0.000,0.000,0.000,0.000,0.000,1.023,12.3700,12.17,1.0108,0.0,-22.20,-31.100,0,0.00,0.00,131072.00,24.343,0.089,0.105,0.000,-0.015,117.800,117.500,-4.516,0.000,199.993,0.00,0.00,72.82,0.00,
45.669,0,0.0,0.6,0.0,0.0,202,2387,3,1943,1958,108,-12.0,-12.0,-12.0,-12.0,-12.0,0,14.56,15.14,5.4,12.0,72,0.99,20.0,39.7,-0.6,1.09,6,30,20,-0.657,-14.75,0,3,0.00,0.018,320.8447,16.200,0.000,0.000,0.000,0.000,0.000,0.000,1.040,12.4000,12.22,1.0072,0.0,-22.70,-31.500,0,0.00,0.00,131072.00,24.406,0.089,0.105,0.000,-0.015,117.500,117.500,-2.990,-0.042,-9.741,0.00,0.00,72.82,0.00,
45.739,0,0.0,0.5,0.0,0.0,202,2422,3,1943,1938,108,-11.2,-11.5,-11.5,-11.5,-11.5,0,16.77,17.25,5.4,12.0,72,0.99,20.0,32.4,-0.7,1.25,6,29,20,-0.661,-14.75,0,3,0.00,0.018,319.8120,16.300,0.000,0.000,0.000,0.000,0.000,0.000,1.058,12.4200,12.27,1.0056,0.0,-24.40,-32.900,0,0.00,0.00,131072.00,24.656,0.089,0.105,0.000,-0.015,117.400,117.500,0.012,-0.610,-5.200,0.00,0.00,72.82,0.00,
45.819,0,0.0,0.5,0.0,0.0,202,2416,3,1943,1961,108,-11.2,-11.5,-11.5,-11.5,-11.5,0,17.09,17.09,5.4,12.0,72,0.99,20.0,27.7,-0.7,1.27,6,29,20,-0.711,-14.75,0,3,0.00,0.018,319.3066,16.600,0.000,0.000,0.000,0.000,0.000,0.000,1.058,12.4000,12.31,1.0051,0.0,-24.30,-33.400,0,0.00,0.00,131072.00,24.781,0.091,0.105,0.000,-0.013,117.400,117.500,0.000,-0.891,-4.174,0.00,0.00,72.97,0.00,
45.899,0,0.0,0.5,0.0,0.0,202,2396,3,1943,1944,108,-12.0,-12.0,-12.0,-11.5,-12.0,0,16.04,15.74,5.4,12.0,72,0.99,20.0,23.9,-0.7,1.20,6,29,20,-0.693,-14.75,0,3,0.00,0.018,320.0976,15.900,0.000,0.000,0.000,0.000,0.000,0.000,1.040,12.3900,12.17,1.0051,0.0,-24.30,-33.200,0,0.00,0.00,131072.00,24.656,0.091,0.105,0.000,-0.013,117.700,117.500,-81.384,0.000,-200.000,0.00,0.00,72.97,0.00,
45.969,0,0.0,0.5,0.0,0.0,202,2392,3,1943,1964,108,-3.0,-3.5,-3.5,-3.5,-3.5,0,14.51,14.37,5.4,12.0,72,0.99,20.0,21.0,-0.7,1.00,6,29,99,-0.706,-14.75,0,3,0.00,0.018,0.0000,14.700,0.000,0.000,0.000,0.000,0.000,0.000,1.040,12.3800,12.21,1.0051,0.0,-30.30,-33.200,0,0.00,0.00,131072.00,24.562,0.091,0.105,0.000,-0.013,117.600,117.500,4.498,0.000,-200.000,0.00,0.00,72.97,0.00,
46.049,0,0.0,0.5,0.0,0.0,202,2383,3,1943,1967,108,-3.0,-3.5,-3.5,-3.5,-3.5,0,14.47,14.50,5.4,12.0,72,0.99,20.0,20.6,-0.7,1.00,6,29,99,-0.706,-14.75,0,3,0.00,0.018,0.0000,14.700,0.000,0.000,0.000,0.000,0.000,0.000,1.040,12.3700,12.30,1.0057,0.0,-33.30,-33.200,0,0.00,0.00,131072.00,24.468,0.091,0.105,0.000,-0.013,117.900,117.500,4.724,0.000,-200.000,0.00,0.00,72.97,0.00,
46.119,0,0.0,0.4,0.0,0.0,202,2376,3,1943,1971,108,-3.0,-3.5,-3.5,-3.5,-3.5,0,15.39,15.68,5.4,12.0,72,0.99,20.0,20.2,-0.8,1.00,6,29,99,-0.727,-14.75,0,3,0.00,0.018,0.0000,14.700,0.000,0.000,0.000,0.000,0.000,0.000,1.040,12.3700,12.32,1.0067,0.0,-33.20,-33.200,0,0.00,0.00,131072.00,24.375,0.093,0.105,0.000,-0.011,117.900,117.500,4.846,-5.236,-200.000,0.00,0.00,72.97,0.00,
46.199,0,0.0,0.4,0.0,0.0,202,2382,3,1943,1974,108,-3.0,-3.5,-3.5,-3.5,-3.5,0,17.11,17.38,5.8,12.0,72,0.99,20.0,20.4,-0.8,1.00,6,29,99,-0.722,-14.75,0,3,0.00,0.018,0.0000,14.700,0.000,0.000,0.000,0.000,0.000,0.000,1.040,12.3800,12.28,1.0087,0.0,-33.40,-33.200,0,0.00,0.00,131072.00,24.406,0.093,0.105,0.000,-0.011,117.900,117.500,4.577,-7.611,-63.018,0.00,0.00,72.97,0.00,
46.269,0,0.0,0.5,0.0,0.0,202,2376,3,1943,1976,108,-3.0,-3.5,-3.5,-3.5,-3.5,0,19.11,19.11,5.4,12.0,72,0.99,20.0,20.9,-0.8,1.00,6,29,99,-0.702,-14.75,0,3,0.00,0.018,0.0000,14.600,0.000,0.000,0.000,0.000,0.000,0.000,1.040,12.3700,12.43,1.0112,0.0,-33.10,-33.100,0,0.00,0.00,131072.00,24.375,0.091,0.105,0.000,-0.013,118.000,117.500,4.577,-7.611,-63.018,0.00,0.00,72.97,0.00,
46.339,0,0.0,0.5,0.0,0.0,202,2361,3,1943,1979,108,-3.0,-3.5,-3.5,-4.0,-3.5,0,19.11,19.11,5.4,12.0,72,0.99,20.0,20.6,-0.7,1.00,6,29,99,-0.679,-14.75,0,3,0.00,0.018,0.0000,14.600,0.000,0.000,0.000,0.000,0.000,0.000,1.023,12.3500,12.31,1.0130,0.0,-33.10,-33.000,0,0.00,0.00,131072.00,24.250,0.091,0.105,0.000,-0.013,117.800,117.500,4.577,-7.611,-63.018,0.00,0.00,72.82,0.00,
46.419,0,0.0,0.5,0.0,0.0,202,2351,3,1943,1981,108,-3.0,-3.5,-3.5,-3.5,-3.5,0,19.11,19.11,5.8,12.0,72,0.99,20.0,20.6,-0.7,1.00,6,29,99,-0.650,-14.75,0,3,0.00,0.018,0.0000,14.600,0.000,0.000,0.000,0.000,0.000,0.000,1.007,12.3400,12.16,1.0138,0.0,-33.00,-33.000,0,0.00,0.00,131072.00,24.093,0.091,0.105,0.000,-0.013,117.900,117.500,4.577,-7.611,-63.018,0.00,0.00,72.82,0.00,
46.499,0,0.0,0.5,0.0,0.0,202,2347,3,1943,1984,108,-3.0,-3.5,-3.5,-3.5,-3.5,0,19.11,19.11,5.4,12.0,72,0.99,20.0,20.9,-0.7,1.00,6,29,99,-0.635,-14.75,0,3,0.00,0.016,0.0000,14.600,0.000,0.000,0.000,0.000,0.000,0.000,1.007,12.3400,12.22,1.0145,0.0,-33.20,-33.100,0,0.00,0.00,131072.00,24.000,0.091,0.105,0.000,-0.013,117.800,117.500,4.577,-7.611,-63.018,0.00,0.00,72.82,0.00,
46.579,0,0.0,0.5,0.0,0.0,202,2341,3,1943,1985,108,-3.0,-3.5,-3.5,-3.5,-3.5,0,19.11,19.11,5.8,12.0,72,0.99,20.0,21.2,-0.6,1.00,6,28,99,-0.647,-14.75,0,3,0.00,0.016,0.0000,14.400,0.000,0.000,0.000,0.000,0.000,0.000,1.007,12.3300,12.28,1.0153,0.0,-33.30,-33.200,0,0.00,0.00,131072.00,23.937,0.089,0.105,0.000,-0.015,117.900,117.500,4.577,-7.611,-63.018,0.00,0.00,72.82,0.00,
46.649,0,0.0,0.6,0.0,0.0,202,2333,3,1943,1987,108,-3.0,-3.5,-3.5,-3.5,-3.5,0,19.11,19.11,5.8,12.0,72,0.99,20.0,22.6,-0.6,1.00,6,28,99,-0.599,-14.75,0,3,0.00,0.016,0.0000,14.400,0.000,0.000,0.000,0.000,0.000,0.000,1.007,12.3300,12.36,1.0155,0.0,-33.40,-33.300,0,0.00,0.00,131072.00,23.875,0.089,0.105,0.000,-0.015,117.800,117.500,4.577,-7.611,-63.018,0.00,0.00,72.82,0.00,
46.719,0,0.0,0.6,0.0,0.0,202,2326,3,1943,1989,108,-3.7,-4.0,-4.0,-4.0,-4.0,0,19.11,19.11,5.8,12.0,72,0.99,20.0,22.7,-0.6,1.00,6,28,99,-0.599,-14.75,0,3,0.00,0.016,0.0000,14.400,0.000,0.000,0.000,0.000,0.000,0.000,0.986,12.3200,12.12,1.0155,0.0,-33.30,-33.300,0,0.00,0.00,131072.00,23.781,0.089,0.105,0.000,-0.015,118.000,117.500,4.577,-7.611,-63.018,0.00,0.00,72.82,0.00,
46.789,0,0.0,0.6,0.0,0.0,202,2317,3,1943,1992,108,-3.7,-4.0,-4.0,-4.0,-4.0,0,19.11,19.11,5.8,12.0,72,0.99,20.0,26.8,-0.6,1.00,6,28,99,-0.585,-14.75,0,3,0.00,0.016,0.0000,14.400,0.000,0.000,0.000,0.000,0.000,0.000,0.986,12.3100,12.21,1.0155,0.0,-33.20,-33.200,0,0.00,0.00,131072.00,23.687,0.089,0.105,0.000,-0.015,117.900,117.500,4.577,-7.611,-63.018,0.00,0.00,72.82,0.00,
46.869,0,0.0,0.6,0.0,0.0,202,2310,3,1943,1992,108,-3.7,-4.0,-4.0,-4.0,-4.0,0,19.11,19.11,5.8,12.0,72,0.99,20.0,29.9,-0.6,1.00,6,28,99,-0.564,-14.75,0,3,0.00,0.018,0.0000,14.300,0.000,0.000,0.000,0.000,0.000,0.000,0.986,12.3000,12.23,1.0155,0.0,-33.30,-33.300,0,0.00,0.00,131072.00,23.593,0.089,0.105,0.000,-0.015,117.600,117.500,4.577,-7.611,-63.018,0.00,0.00,72.82,0.00,
46.940,0,0.0,0.6,0.0,0.0,202,2302,3,1943,1994,108,-3.7,-4.0,-4.0,-4.0,-4.0,0,19.11,19.11,5.8,12.0,72,0.99,20.0,34.4,-0.6,1.00,5,28,99,-0.577,-14.75,0,3,0.00,0.018,0.0000,14.300,0.000,0.000,0.000,0.000,0.000,0.000,0.974,12.3000,12.13,1.0155,0.0,-33.30,-33.300,0,0.00,0.00,131072.00,23.500,0.089,0.105,0.000,-0.015,117.800,117.500,4.577,-7.611,-63.018,0.00,0.00,72.82,0.00,
47.019,0,0.0,0.6,0.0,0.0,202,2298,3,1943,1995,108,-3.7,-4.0,-4.0,-4.0,-4.0,0,19.11,19.11,5.8,12.0,72,0.99,20.0,29.6,-0.6,1.00,5,28,99,-0.577,-14.75,0,3,0.00,0.018,0.0000,14.300,0.000,0.000,0.000,0.000,0.000,0.000,0.974,12.2900,12.16,1.0155,0.0,-33.30,-33.300,0,0.00,0.00,131072.00,23.406,0.089,0.105,0.000,-0.015,117.700,117.500,4.577,-7.611,-63.018,0.00,0.00,72.82,0.00,
47.099,0,0.0,0.6,0.0,0.0,202,2289,3,1943,1999,108,-3.7,-4.0,-4.0,-4.0,-4.0,0,19.11,19.11,5.8,12.0,72,0.99,20.0,32.1,-0.6,1.00,5,28,99,-0.585,-14.75,0,3,0.00,0.016,0.0000,14.300,0.000,0.000,0.000,0.000,0.000,0.000,0.974,12.2800,12.18,1.0155,0.0,-33.00,-33.000,0,0.00,0.00,131072.00,23.343,0.089,0.105,0.000,-0.015,117.500,117.500,4.577,-7.611,-63.018,0.00,0.00,72.82,0.00,
47.201,0,0.0,0.6,0.0,0.0,202,2280,3,1943,1999,108,-3.7,-4.0,-4.0,-4.0,-4.0,0,19.11,19.11,5.8,12.0,72,0.99,20.0,23.1,-0.6,1.00,5,28,99,-0.561,-14.75,0,3,0.00,0.016,0.0000,14.200,0.000,0.000,0.000,0.000,0.000,0.000,0.970,12.2700,12.17,1.0155,0.0,-32.90,-32.900,0,0.00,0.00,131072.00,23.187,0.087,0.105,0.000,-0.017,117.600,117.500,4.577,-7.611,-63.018,0.00,0.00,72.82,0.00,
47.269,0,0.0,0.7,0.0,0.0,202,2271,3,1943,2000,108,-3.7,-4.0,-4.0,-4.0,-4.0,0,19.11,19.11,5.8,12.0,72,0.99,20.0,20.4,-0.6,1.00,5,28,99,-0.599,-14.75,0,3,0.00,0.016,0.0000,14.200,0.000,0.000,0.000,0.000,0.000,0.000,0.970,12.2600,12.17,1.0155,0.0,-32.90,-32.900,0,0.00,0.00,131072.00,23.093,0.087,0.105,0.000,-0.017,117.600,117.500,4.577,-7.611,-63.018,0.00,0.00,72.82,0.00,
47.349,0,0.0,0.7,0.0,0.0,202,2265,3,1943,2002,108,-3.7,-4.0,-4.0,-4.0,-4.0,0,19.11,19.11,5.8,12.0,72,0.99,20.0,24.2,-0.6,1.00,5,28,99,-0.622,-14.75,0,3,0.00,0.016,0.0000,14.200,0.000,0.000,0.000,0.000,0.000,0.000,0.952,12.2600,11.92,1.0155,0.0,-33.10,-33.000,0,0.00,0.00,131072.00,23.031,0.087,0.105,0.000,-0.017,117.500,117.500,4.577,-7.611,-63.018,0.00,0.00,72.82,0.00,
47.429,0,0.0,0.7,0.0,0.0,202,2255,3,1943,2004,108,-3.0,-3.5,-4.0,-4.0,-4.0,0,19.11,19.11,5.8,12.0,72,0.99,20.0,29.6,-0.6,1.00,5,28,99,-0.625,-14.75,0,3,0.00,0.018,0.0000,14.200,0.000,0.000,0.000,0.000,0.000,0.000,0.963,12.2500,12.18,1.0154,0.0,-33.10,-33.100,0,0.00,0.00,131072.00,22.937,0.087,0.105,0.000,-0.017,117.400,117.500,4.577,-7.611,-63.018,0.00,0.00,72.82,0.00,
47.529,0,0.0,0.7,0.0,0.0,202,2247,3,1943,2005,108,-4.5,-4.5,-4.5,-4.5,-4.5,0,19.11,19.11,5.8,12.0,72,0.99,20.0,37.9,-0.6,1.00,5,27,99,-0.582,-14.75,0,3,0.00,0.018,0.0000,14.100,0.000,0.000,0.000,0.000,0.000,0.000,0.952,12.2400,12.05,1.0154,0.0,-32.90,-32.900,0,0.00,0.00,131072.00,22.781,0.087,0.105,0.000,-0.017,117.300,117.500,4.577,-7.611,-63.018,0.00,0.00,72.82,0.00,
47.599,0,0.0,0.7,0.0,0.0,202,2237,2,1943,2005,108,-4.5,-4.5,-4.5,-4.5,-4.5,0,19.11,19.11,5.8,12.0,72,0.99,20.0,36.5,-0.6,1.00,5,27,99,-0.593,-14.75,0,3,0.00,0.018,0.0000,14.100,0.000,0.000,0.000,0.000,0.000,0.000,0.952,12.2300,12.11,1.0154,0.0,-33.00,-33.000,0,0.00,0.00,131072.00,22.687,0.087,0.105,0.000,-0.017,117.400,117.500,4.577,-7.611,-63.018,0.00,0.00,72.82,0.00,
47.669,0,0.0,0.7,0.0,0.0,202,2232,2,1943,2008,108,-4.5,-4.5,-4.5,-4.5,-4.5,0,19.11,19.11,5.8,12.0,72,0.99,20.0,28.3,-0.6,1.00,5,27,99,-0.598,-14.75,0,3,0.00,0.018,0.0000,14.100,0.000,0.000,0.000,0.000,0.000,0.000,0.952,12.2200,12.18,1.0151,0.0,-33.40,-33.300,0,0.00,0.00,131072.00,22.625,0.085,0.105,0.000,-0.019,117.700,117.500,4.577,-7.611,-63.018,0.00,0.00,72.82,0.00,
47.749,0,0.0,0.7,0.0,0.0,202,2216,2,1943,2008,108,-4.5,-4.5,-0.2,-4.5,-0.2,0,19.11,19.11,6.2,13.5,72,0.99,20.0,43.1,-0.7,1.00,5,27,99,-0.736,-14.75,0,3,0.00,0.019,321.1743,19.000,0.000,0.000,0.000,0.000,0.000,0.000,1.584,35.7000,22.70,1.0151,0.0,-24.70,-9.900,0,8.00,8.00,131072.00,35.656,0.083,0.105,0.000,-0.021,117.200,115.100,4.577,-7.611,-63.018,0.00,0.00,72.97,0.00,
47.819,0,0.0,0.6,0.0,4.4,202,2255,2,2081,1999,108,-0.7,-1.1,21.3,-1.1,23.3,0,19.11,19.11,11.3,58.5,72,0.99,100.0,55.7,-1.8,1.00,19,27,99,-0.942,-14.75,0,3,0.00,9.062,256.8383,40.800,-1.500,-1.500,-1.500,-1.500,0.000,0.000,4.651,79.9200,74.72,1.0154,0.0,81.00,111.300,0,8.00,8.00,131072.00,99.156,2.296,0.339,0.000,1.957,114.100,110.600,4.577,-7.611,-63.018,0.00,0.00,73.11,0.00,
47.904,0,0.0,0.0,6.8,4.9,202,2431,2,2511,2457,108,0.7,0.9,-0.2,-0.5,-0.5,0,19.11,19.11,41.4,86.2,72,0.99,152.0,156.0,0.0,1.00,64,27,99,0.435,-14.75,0,3,0.00,2.093,248.7084,45.800,-1.500,-1.500,-1.500,-1.500,0.000,0.000,8.177,77.3600,87.58,1.0275,0.0,156.60,162.800,0,8.00,8.00,131072.00,135.750,2.009,0.472,0.000,1.537,103.700,105.700,4.577,-7.611,-63.018,0.00,0.00,71.81,0.00,
47.969,0,0.0,0.9,1.1,0.3,202,2617,2,3254,3510,108,-1.5,-1.8,-2.8,-1.8,-1.4,0,19.11,19.11,41.4,84.7,72,0.99,168.0,175.4,0.6,1.00,73,27,97,1.078,-14.75,0,3,0.00,0.106,254.9047,41.200,-1.500,-1.500,-1.500,-1.500,0.000,0.000,9.251,73.9800,85.97,1.0449,0.0,153.90,153.000,0,8.00,8.00,131072.00,151.406,0.234,0.267,0.000,-0.033,99.500,101.600,0.585,0.000,31.341,0.00,0.00,71.08,0.00,
48.049,0,0.0,1.9,0.0,0.0,202,2802,2,3840,4036,108,0.0,-0.7,1.3,0.0,1.3,0,17.27,16.70,37.1,81.0,72,0.99,172.0,170.7,0.2,1.00,24,27,91,0.219,-14.75,0,3,0.00,0.000,259.0576,41.800,-1.500,-1.500,-1.500,-1.500,0.000,0.000,9.099,73.5600,78.38,1.0666,2.0,150.60,150.300,0,8.00,8.00,131072.00,164.343,0.000,0.171,0.000,-0.197,96.800,102.800,0.012,0.000,29.040,0.00,0.00,71.95,0.00,
48.119,0,0.0,3.2,0.0,0.3,202,3035,2,4366,4531,108,5.2,5.3,6.6,5.8,6.6,0,15.19,15.19,35.1,76.5,72,0.99,176.0,158.4,-0.6,1.07,20,27,86,-0.294,-14.75,0,3,0.00,0.665,258.7280,44.600,-1.500,-1.500,-1.500,-1.500,0.000,0.000,9.034,73.7900,76.72,1.0826,2.0,152.30,153.100,0,8.00,8.00,131072.00,175.468,0.000,0.166,0.000,-0.263,98.100,103.100,-0.054,0.000,25.604,0.00,0.00,72.53,0.00,
48.199,0,0.0,3.7,0.0,0.7,202,3253,2,4662,4778,108,7.5,7.9,8.2,7.1,7.1,0,13.77,13.65,34.3,78.0,72,0.99,192.0,175.0,-0.6,1.02,21,27,83,-0.208,-14.75,0,3,0.00,0.068,259.4091,38.300,-1.500,-1.500,-1.500,-1.500,0.000,0.000,8.008,40.8500,76.72,1.0983,2.0,128.00,69.800,0,8.00,8.00,131072.00,166.312,0.000,0.162,0.000,-0.238,99.200,102.300,-1.208,0.000,3.662,0.00,0.00,72.39,0.00,
48.269,0,0.0,4.9,0.0,0.0,202,3372,2,4820,4861,108,-9.0,-9.7,-8.0,-9.1,-8.0,0,13.42,13.44,32.8,56.2,72,0.99,156.0,167.3,-2.1,1.01,15,27,90,-1.197,-14.75,0,3,0.00,0.043,283.3374,31.500,-1.500,-1.500,-1.500,-1.500,0.000,0.000,3.819,28.8500,38.53,1.1443,2.0,55.70,40.800,0,8.00,8.00,131072.00,118.281,0.000,0.128,0.000,-0.179,98.400,99.000,-0.036,0.000,-31.317,0.00,0.00,73.40,0.00,
48.342,0,0.0,6.0,0.0,0.0,202,3450,2,4700,5003,108,-3.7,-4.3,0.5,-4.7,0.5,0,13.27,13.25,8.2,15.0,72,0.99,48.0,113.7,0.7,1.00,8,27,99,0.163,-14.75,0,3,0.00,0.022,321.1523,4.000,0.000,0.000,0.000,0.000,0.000,0.000,1.264,13.4300,13.54,1.1402,2.0,-10.20,-15.900,0,8.00,8.00,131072.00,67.906,0.000,0.111,0.000,-0.128,101.300,103.700,1.110,0.000,-25.311,0.00,0.00,72.09,0.00,
48.419,0,0.0,5.1,0.0,0.0,202,3406,2,3686,4820,108,1.5,2.0,3.0,3.5,3.0,0,13.37,13.36,5.8,12.0,72,0.99,32.0,75.4,1.5,1.00,3,27,19,-0.300,-14.75,0,3,0.00,0.020,323.3935,4.000,0.000,0.000,0.000,0.000,0.000,0.000,1.385,13.3800,11.18,1.0930,2.0,-22.00,-34.000,0,0.00,0.00,131072.00,46.906,0.000,0.107,0.000,-0.111,105.600,109.800,4.785,0.000,199.993,0.00,0.00,72.53,0.00,
48.489,0,0.0,4.3,0.0,0.0,201,3354,2,2715,4651,108,-3.7,-4.2,-4.2,-2.6,-3.4,0,13.21,13.22,5.4,12.0,72,0.99,32.0,165.2,0.0,1.00,2,27,19,-1.338,-14.75,0,3,0.00,0.018,322.2949,4.000,0.000,0.000,0.000,0.000,0.000,0.000,1.574,13.3400,12.40,1.0726,2.0,-23.40,-33.800,0,0.00,0.00,131072.00,40.593,0.000,0.105,0.000,-0.111,110.500,115.100,-3.033,0.000,199.993,0.00,0.00,73.54,0.00,
48.569,0,0.0,3.7,0.0,0.0,201,3330,2,2312,4501,108,-9.7,-10.0,-10.0,-9.0,-9.8,0,13.51,13.64,5.4,13.5,72,0.99,32.0,104.2,-0.5,1.00,4,27,19,-1.351,-14.75,0,3,0.00,0.020,321.4379,4.000,0.000,0.000,0.000,0.000,0.000,0.000,1.525,13.3200,13.53,1.0471,2.0,-24.60,-33.800,0,0.00,0.00,131072.00,37.937,0.000,0.105,0.000,-0.111,116.300,116.800,-4.174,0.000,199.993,0.00,0.00,73.54,0.00,
48.640,0,0.0,3.5,0.0,0.0,201,3331,2,2102,4316,108,-10.5,-10.5,-10.5,-10.5,-10.5,0,17.13,17.13,6.2,13.5,72,0.99,36.0,84.7,-0.8,1.21,5,26,19,-1.193,-14.75,0,3,0.00,0.020,319.5703,4.000,0.000,0.000,0.000,0.000,0.000,0.000,1.471,13.3300,14.21,1.0250,2.0,-24.40,-33.800,0,0.00,0.00,131072.00,37.187,0.000,0.105,0.000,-0.111,119.000,116.900,-4.382,0.000,50.537,0.00,0.00,73.40,0.00,
48.719,0,0.0,3.1,0.0,0.0,201,3337,2,2019,4112,108,-10.5,-10.5,-10.5,-10.5,-10.5,0,16.98,16.69,6.2,13.5,72,0.99,32.0,71.6,-1.0,1.19,5,26,19,-0.989,-14.75,0,3,0.00,0.020,319.9438,4.000,0.000,0.000,0.000,0.000,0.000,0.000,1.412,13.3300,13.60,1.0131,2.0,-24.60,-26.900,0,0.00,0.00,131072.00,36.937,0.000,0.105,0.000,-0.111,119.300,116.800,0.231,-0.561,-3.955,0.00,0.00,73.25,0.00,
48.789,0,0.0,2.8,0.0,0.0,201,3337,2,1975,3903,108,-10.5,-10.5,-10.5,-10.5,-10.5,0,16.33,16.52,5.8,13.5,72,0.99,32.0,70.9,-1.1,1.14,5,26,19,-0.826,-14.75,0,3,0.00,0.020,320.1855,4.000,0.000,0.000,0.000,0.000,0.000,0.000,1.389,13.3300,13.31,1.0097,2.0,-24.70,-25.500,0,0.00,0.00,131072.00,36.875,0.000,0.105,0.000,-0.107,119.100,116.800,0.042,-0.823,-3.369,0.00,0.00,72.96,0.00,
48.859,0,0.0,2.6,0.0,0.0,201,3332,2,1958,3725,108,-9.7,-10.0,-10.0,-10.0,-10.0,0,16.84,16.61,5.8,12.7,72,0.99,32.0,80.4,-1.0,1.20,6,26,19,-0.696,-14.75,0,3,0.00,0.020,319.8999,4.000,0.000,0.000,0.000,0.000,0.000,0.000,1.389,13.3200,13.35,1.0085,2.0,-24.50,-25.500,0,0.00,0.00,131072.00,36.812,0.009,0.105,0.000,-0.095,118.600,116.700,0.024,-1.031,-2.636,0.00,0.00,72.96,0.00,
48.929,0,0.0,2.3,0.0,0.0,201,3317,2,1950,3554,108,-9.7,-10.0,-10.0,-10.0,-10.0,0,15.04,14.95,5.8,12.7,72,0.99,32.0,77.9,-1.0,1.13,6,26,19,-0.590,-14.75,0,3,0.00,0.020,320.1635,4.000,0.000,0.000,0.000,0.000,0.000,0.000,1.376,13.3100,13.26,1.0084,2.0,-24.50,-25.300,0,0.00,0.00,131072.00,36.687,0.017,0.105,0.000,-0.087,118.800,116.700,0.024,-1.177,-2.490,0.00,0.00,72.82,0.00,
48.999,0,0.0,2.1,0.0,0.0,201,3300,2,1946,3391,108,-9.7,-10.0,-10.0,-10.0,-10.0,0,14.76,14.64,5.8,12.7,72,0.99,32.0,77.9,-0.9,1.12,6,26,19,-0.529,-14.75,0,3,0.00,0.020,320.1635,4.000,0.000,0.000,0.000,0.000,0.000,0.000,1.376,13.2900,13.28,1.0080,2.0,-24.30,-25.300,0,0.00,0.00,131072.00,36.500,0.025,0.105,0.000,-0.080,118.300,116.700,0.000,-1.318,-2.490,0.00,0.00,72.67,0.00,
49.069,0,0.0,2.0,0.0,0.0,201,3282,2,1944,3234,108,-9.7,-10.0,-10.0,-10.0,-10.0,0,14.08,14.14,5.8,12.7,72,0.99,32.0,67.4,-0.9,1.10,6,26,19,-0.518,-14.75,0,3,0.00,0.020,320.3393,4.000,0.000,0.000,0.000,0.000,0.000,0.000,1.354,13.2700,13.03,1.0080,2.0,-24.40,-25.000,0,0.00,0.00,131072.00,36.281,0.033,0.105,0.000,-0.072,118.500,117.400,0.067,-1.422,-0.732,0.00,0.00,72.67,0.00,
49.154,0,0.0,1.9,0.0,0.0,201,3274,2,1943,3084,108,-9.7,-10.0,-10.0,-10.0,-10.0,0,15.82,15.62,5.4,12.7,72,0.99,32.0,55.5,-0.9,1.23,6,26,99,-0.497,-14.75,0,3,0.00,0.020,0.0000,17.100,0.000,0.000,0.000,0.000,0.000,0.000,1.354,13.2700,13.08,1.0078,2.0,-22.30,-24.500,0,0.00,0.00,131072.00,36.093,0.039,0.105,0.000,-0.066,118.200,117.500,4.406,0.000,-200.000,0.00,0.00,72.67,0.00,
49.229,1,0.0,1.7,0.0,0.0,201,3266,2,1943,3021,108,0.7,0.8,0.5,0.5,0.5,0,14.39,14.39,5.8,12.7,72,0.99,32.0,54.7,-0.8,1.00,6,26,99,-0.493,-14.75,0,3,0.00,0.020,320.8666,4.000,0.000,0.000,0.000,0.000,0.000,0.000,1.354,13.2600,13.12,1.0080,2.0,-33.40,-22.400,0,0.00,0.00,131072.00,35.968,0.046,0.105,0.000,-0.058,118.500,117.500,4.431,0.000,-200.000,0.00,0.00,72.67,0.00,
49.310,1,0.0,1.5,0.0,0.0,201,3251,2,1943,2962,108,1.5,1.9,2.6,1.2,1.2,0,15.57,15.90,5.8,12.7,72,0.99,32.0,56.5,-0.8,1.00,6,26,99,-0.493,-14.75,0,3,0.00,0.020,319.4165,4.000,0.000,0.000,0.000,0.000,0.000,0.000,1.349,13.2400,13.10,1.0093,2.0,-17.60,-22.300,0,0.00,0.00,131072.00,35.781,0.052,0.105,0.000,-0.052,118.500,117.500,4.553,-0.964,-200.000,0.00,0.00,72.67,0.00,
49.379,1,0.0,1.4,0.0,0.0,201,3243,2,1943,2790,108,0.0,0.0,0.0,0.0,0.0,0,19.11,19.11,5.8,12.7,72,0.99,32.0,42.4,-0.8,1.00,7,25,99,-0.488,-14.75,0,3,0.00,0.020,319.9218,4.000,0.000,0.000,0.000,0.000,0.000,0.000,1.349,13.2300,13.08,1.0114,2.0,-18.10,-22.200,0,0.00,0.00,131072.00,35.656,0.056,0.105,0.000,-0.048,118.400,117.500,4.553,-8.471,-64.270,0.00,0.00,72.67,0.00,
49.449,2,0.0,1.4,0.0,0.0,201,3223,2,1943,2655,108,0.7,1.0,0.5,1.0,1.0,0,19.11,19.11,5.8,12.7,72,0.99,32.0,43.7,-0.8,1.07,7,25,99,-0.443,-14.75,0,3,0.00,0.020,319.1308,4.000,0.000,0.000,0.000,0.000,0.000,0.000,1.349,13.2100,13.15,1.0149,2.0,-18.00,-17.900,0,0.00,0.00,131072.00,35.468,0.058,0.105,0.000,-0.046,118.100,117.500,4.058,-8.636,-48.089,0.00,0.00,72.67,0.00,
49.519,5,0.0,1.3,0.0,0.0,201,3212,2,1943,2513,108,1.5,2.0,2.3,2.0,1.1,0,19.11,19.11,5.8,12.7,72,0.99,32.0,37.9,-0.7,1.02,7,25,99,-0.418,-14.75,0,3,0.00,0.020,318.2299,5.400,0.000,0.000,0.000,0.000,0.000,0.000,1.349,13.2100,13.20,1.0177,2.0,-14.10,-10.900,0,0.00,0.00,131072.00,35.281,0.060,0.105,0.000,-0.044,118.100,117.500,4.058,-8.636,-48.089,0.00,0.00,72.67,0.00,
49.600,8,0.0,1.4,0.0,0.0,201,3224,2,1943,2365,108,24.0,24.4,13.9,24.4,12.3,0,18.89,18.66,5.8,12.7,72,0.99,32.0,34.1,-0.7,1.05,7,25,99,-0.416,-14.75,0,3,0.00,0.020,317.1972,10.300,0.000,0.000,0.000,0.000,0.000,0.000,1.503,16.6700,14.85,1.0205,2.0,-5.00,-3.700,0,0.00,0.00,131072.00,37.593,0.058,0.105,0.000,-0.046,118.200,117.100,4.058,-8.636,-48.089,0.00,0.00,72.67,0.00,
49.669,17,0.0,1.3,0.0,0.0,201,3238,2,2357,2268,108,13.5,13.9,15.3,13.9,16.0,0,16.74,16.74,6.6,21.7,72,0.99,52.0,46.6,-0.9,1.02,10,25,99,-0.721,-14.75,0,3,0.00,0.032,304.1235,27.400,0.000,0.000,0.000,0.000,0.000,0.000,2.377,26.2500,26.02,1.0224,2.0,16.30,31.100,0,0.00,0.00,131072.00,55.625,0.060,0.107,0.000,-0.046,116.600,113.900,4.058,-8.636,-48.089,0.00,0.00,72.96,0.00,
49.739,19,0.0,1.2,0.0,0.0,201,3269,2,2538,2543,108,21.0,21.3,21.2,21.3,21.7,0,15.27,15.14,12.5,27.7,72,0.99,68.0,59.5,-0.9,1.02,13,25,99,-0.744,-14.75,0,3,0.00,0.034,299.6191,24.500,0.000,0.000,0.000,0.000,0.000,0.000,2.701,31.0900,30.42,1.0293,2.0,35.50,42.700,0,0.00,0.00,131072.00,71.312,0.058,0.107,0.000,-0.048,113.400,110.400,0.396,0.000,8.190,0.00,0.00,72.96,0.00,
49.819,19,0.0,1.2,0.0,0.0,201,3300,2,2731,2762,108,16.5,16.8,16.9,16.8,16.6,0,14.84,14.83,14.0,31.5,72,0.99,80.0,73.6,-0.9,1.06,15,25,95,-0.660,-14.75,0,3,0.00,0.036,293.0493,26.600,0.000,0.000,0.000,0.000,0.000,0.000,2.913,33.9900,33.78,1.0383,2.0,46.40,54.000,0,0.00,0.00,131072.00,85.031,0.054,0.109,0.000,-0.054,110.400,106.500,-0.085,0.000,28.454,0.00,0.00,72.82,0.00,
49.889,16,0.0,1.3,0.0,0.0,201,3258,2,2971,3007,108,31.5,31.5,31.5,32.0,32.0,0,13.96,13.96,14.8,33.0,72,0.99,84.0,81.0,-0.6,1.05,16,25,93,-0.474,-14.75,0,3,0.00,0.036,297.4218,25.100,0.000,0.000,0.000,0.000,0.000,0.000,2.754,31.7600,31.76,1.0450,2.0,53.80,52.000,0,0.00,0.00,131072.00,87.687,0.050,0.109,0.000,-0.058,105.400,103.000,0.000,0.000,18.524,0.00,0.00,72.67,0.00,
49.969,15,0.0,1.4,0.0,0.0,201,3194,2,3162,3222,108,34.5,34.5,34.0,34.5,33.5,0,13.40,13.40,13.2,28.5,72,0.99,72.0,74.9,-0.4,1.04,14,25,93,-0.402,-14.75,0,3,0.00,0.031,304.6289,25.500,0.000,0.000,0.000,0.000,0.000,0.000,2.536,29.8000,27.47,1.0502,2.0,39.10,35.300,0,0.00,0.00,131072.00,81.937,0.044,0.109,0.000,-0.064,100.900,99.300,-0.036,0.372,6.781,0.00,0.00,72.67,0.00,
50.039,28,0.0,1.4,0.0,0.0,201,3186,2,3361,3378,108,33.7,34.0,34.0,34.0,34.0,0,13.05,13.05,14.4,32.2,72,0.99,80.0,63.8,-0.5,1.03,14,25,93,-0.907,-14.75,0,3,0.00,0.060,294.8510,29.400,0.000,0.000,0.000,0.000,0.000,0.000,4.060,61.4000,49.87,1.0514,2.0,53.20,70.300,0,0.00,0.00,131072.00,105.375,0.025,0.113,0.000,-0.087,98.000,97.200,0.439,0.781,15.606,0.00,0.00,73.11,0.00,
50.108,51,0.0,0.8,3.6,11.1,200,3296,2,3614,3515,108,13.5,14.0,16.5,14.0,18.5,0,13.10,13.10,26.9,75.0,72,0.99,172.0,119.7,-0.6,1.01,36,25,99,0.073,-14.75,0,3,0.00,20.514,257.3217,49.300,0.000,0.000,0.000,0.000,0.000,0.000,7.123,171.6300,81.79,1.0598,2.0,130.40,162.100,0,0.00,0.00,131072.00,270.187,9.212,1.794,0.000,7.417,94.800,102.500,7.006,0.000,-177.905,0.00,0.00,72.09,0.00,
50.179,74,0.0,0.5,21.6,22.3,200,3421,2,4050,4343,108,2.2,2.3,2.1,2.3,3.3,0,13.75,13.85,36.3,83.2,72,0.99,220.0,212.2,0.2,1.01,90,25,99,1.219,-14.75,0,3,0.00,21.204,254.1357,44.000,0.000,0.000,0.000,0.000,0.000,0.000,9.753,200.1400,93.55,1.0854,2.0,139.70,179.000,0,0.00,0.00,131072.00,460.093,18.796,6.839,0.000,11.957,101.100,106.900,6.353,0.000,-95.501,0.00,0.00,70.93,0.00,
50.249,86,0.0,1.9,18.9,19.8,200,3413,2,4535,4699,108,4.5,4.7,3.9,4.7,2.5,0,13.85,13.80,42.5,96.7,72,0.99,256.0,244.4,1.5,1.00,96,26,99,2.730,-14.75,0,3,0.00,19.586,242.5781,44.400,0.000,0.000,0.000,0.000,0.000,0.000,9.850,201.2300,102.17,1.1193,2.0,189.20,211.600,0,0.00,0.00,131072.00,537.875,21.496,9.125,0.000,12.371,103.400,107.500,6.353,0.000,-95.501,0.00,0.00,69.48,0.00,
50.329,99,0.0,3.6,15.9,18.9,200,3398,2,4781,4909,108,10.5,11.0,11.0,11.0,10.5,0,13.49,13.41,45.3,105.7,72,0.99,284.0,272.9,3.2,1.00,98,26,99,4.781,-14.75,0,3,0.00,18.997,233.6352,44.500,0.000,0.000,0.000,0.000,0.000,0.000,9.850,200.7200,111.32,1.1622,2.0,233.90,241.800,0,0.00,0.00,131072.00,566.031,22.439,9.781,0.000,12.658,103.300,107.300,6.353,0.000,-95.501,0.00,0.00,67.45,0.00,
50.399,99,0.0,5.6,4.6,0.0,200,3381,2,5014,5083,108,-22.5,-23.0,12.5,-23.0,-23.0,0,13.18,13.18,50.7,114.7,72,0.99,316.0,315.2,5.1,1.00,99,26,72,7.173,-14.75,0,3,0.00,-0.001,233.5253,45.300,0.000,0.000,0.000,0.000,0.000,0.000,9.850,169.6200,120.54,1.2041,2.0,35.70,40.100,0,0.00,0.00,131072.00,538.406,0.000,1.546,0.000,-1.650,103.700,107.100,2.221,0.000,199.993,0.00,0.00,64.99,0.00,
50.480,99,0.0,9.2,0.0,0.0,200,3163,2,5060,5226,107,-22.5,-23.0,-23.0,-23.0,-23.0,0,13.35,13.35,70.7,134.2,72,0.99,352.0,387.8,8.5,1.00,99,27,73,10.751,-14.75,0,3,0.00,-0.001,218.0566,47.000,0.000,0.000,0.000,0.000,0.000,0.000,9.850,170.9400,141.27,1.2483,2.0,57.90,61.000,0,0.00,0.00,131072.00,496.156,0.000,0.445,0.000,-1.160,101.700,106.500,-2.441,0.000,-24.584,0.00,0.00,61.51,0.00,
50.549,99,0.0,11.8,0.0,0.0,200,3171,2,5060,5144,107,-22.5,-23.0,-23.0,-23.0,-23.0,0,15.10,15.10,85.1,147.0,72,0.99,380.0,412.4,11.1,1.00,99,27,74,12.658,-14.75,0,3,0.00,-0.001,209.5532,49.100,0.000,0.000,0.000,0.000,0.000,0.000,9.850,168.4000,153.74,1.2804,2.0,70.60,77.300,0,0.00,0.00,131072.00,479.968,0.000,0.406,0.000,-1.115,101.600,106.200,-0.024,0.000,11.999,0.00,0.00,59.48,0.00,
50.619,99,0.0,13.8,0.0,0.0,200,3344,2,5060,5157,107,-22.5,-23.0,-23.0,-22.5,-22.5,0,16.49,16.49,91.0,162.0,72,0.99,432.0,451.5,13.3,1.07,99,27,73,14.736,-14.75,0,3,0.00,-0.001,194.8535,51.700,0.000,0.000,0.000,0.000,0.000,0.000,9.850,170.4400,167.81,1.3165,2.0,86.20,90.000,0,0.00,0.00,131072.00,485.843,0.000,0.419,0.000,-1.191,100.700,105.700,-0.164,0.323,10.473,0.00,0.00,57.45,0.00,
50.699,99,0.0,15.9,0.0,0.0,200,3528,2,5060,5126,107,-22.5,-22.5,-22.5,-22.5,-22.5,0,15.88,15.74,99.6,178.5,72,0.99,500.0,511.3,15.3,1.09,95,26,73,17.532,-14.75,0,3,0.00,-0.001,177.2534,54.600,0.000,0.000,0.000,0.000,0.000,0.000,9.850,172.4100,186.37,1.3680,2.0,106.10,110.700,0,0.00,0.00,131072.00,513.000,0.000,0.488,0.000,-1.365,101.600,105.600,-0.262,0.817,9.844,0.00,0.00,54.69,0.00,
50.770,99,0.0,20.2,0.0,0.0,200,3622,2,5060,5162,107,-22.5,-22.5,-22.5,-22.5,-22.5,0,14.97,14.83,99.6,189.0,72,0.99,540.0,559.8,16.5,1.12,34,26,72,18.168,-14.75,0,3,0.00,-0.001,170.0903,54.700,0.000,0.000,0.000,0.000,0.000,0.000,9.850,173.2200,189.40,1.4243,2.0,110.70,113.700,0,0.00,0.00,131072.00,532.437,0.000,0.541,0.000,-1.464,102.100,105.600,-0.097,1.208,8.807,0.00,0.00,53.97,0.00,
50.839,99,0.0,25.7,0.0,0.0,200,3541,2,5060,5141,107,-22.5,-22.5,-22.5,-22.5,-22.5,0,14.31,14.31,99.6,183.0,72,0.99,520.0,480.7,15.8,1.11,24,26,72,16.154,-14.75,0,3,0.00,-0.001,178.9892,53.900,0.000,0.000,0.000,0.000,0.000,0.000,9.850,173.1100,180.05,1.4937,2.0,111.30,116.700,0,0.00,0.00,131072.00,534.750,0.000,0.546,0.000,-1.433,104.200,105.500,0.000,1.544,7.666,0.00,0.00,56.00,0.00,
50.919,99,0.0,27.3,0.0,0.0,200,3377,2,5060,5131,107,-22.5,-22.5,-22.5,-22.5,-22.5,0,13.81,13.80,99.6,177.0,72,0.99,480.0,424.6,15.1,1.07,21,27,72,14.632,-14.75,0,3,0.00,-0.001,190.7446,50.600,0.000,0.000,0.000,0.000,0.000,0.000,9.850,172.5700,174.81,1.5541,2.0,111.60,107.900,0,0.00,0.00,131072.00,517.375,0.000,0.500,0.000,-1.306,103.500,105.500,-0.140,1.684,-1.245,0.00,0.00,57.59,0.00,
50.999,99,0.0,27.3,0.0,0.0,200,3334,2,5060,5079,107,-22.5,-22.5,-22.5,-22.5,-22.5,0,13.86,13.86,99.6,172.5,72,0.99,460.0,390.2,14.6,1.03,20,27,73,13.603,-14.75,0,3,0.00,-0.001,195.4028,50.700,0.000,0.000,0.000,0.000,0.000,0.000,9.850,172.8200,172.05,1.6019,2.0,105.10,100.600,0,0.00,0.00,131072.00,503.062,0.000,0.460,0.000,-1.244,103.700,105.500,-0.048,1.464,-5.682,0.00,0.00,58.61,0.00,
51.079,99,0.0,26.7,0.0,0.0,200,3425,2,5060,5097,107,-22.5,-22.5,-22.5,-22.5,-22.5,0,14.22,14.22,99.2,171.0,72,0.99,456.0,383.1,13.9,1.03,20,27,73,12.912,-14.75,0,3,0.00,-0.001,197.7978,49.500,0.000,0.000,0.000,0.000,0.000,0.000,9.850,173.7600,171.71,1.6422,2.0,90.30,87.700,0,0.00,0.00,131072.00,504.906,0.000,0.464,0.000,-1.277,103.900,105.500,0.067,1.263,-2.807,0.00,0.00,59.33,0.00,
51.149,99,0.0,25.4,0.0,0.0,200,3513,2,5060,5046,106,-22.5,-22.5,-22.5,-22.5,-22.5,0,14.12,14.10,99.2,173.2,72,0.99,476.0,411.2,14.0,1.00,22,27,72,13.340,-14.75,0,3,0.00,-0.001,198.3032,49.000,0.000,0.000,0.000,0.000,0.000,0.000,9.850,174.7200,173.73,1.6768,2.0,88.20,90.800,0,0.00,0.00,131072.00,515.187,0.000,0.492,0.000,-1.347,104.400,105.500,0.000,1.220,0.415,0.00,0.00,58.90,0.00,
51.219,99,0.0,25.0,0.0,0.0,200,3561,2,5060,5070,106,-22.5,-22.5,-22.5,-22.5,-22.5,0,14.20,14.20,99.2,174.0,72,0.99,484.0,430.8,14.0,0.99,23,27,72,13.723,-14.75,0,3,0.00,-0.001,198.8525,49.000,0.000,0.000,0.000,0.000,0.000,0.000,9.850,175.4300,175.16,1.7133,2.0,90.90,91.300,0,0.00,0.00,131072.00,524.531,0.000,0.517,0.000,-1.392,104.600,105.500,0.042,1.336,5.242,0.00,0.00,58.46,0.00,
51.299,99,0.0,25.1,0.0,0.0,200,3534,2,5060,5042,106,-22.5,-22.5,-22.5,-22.5,-22.5,0,14.51,14.54,99.6,176.2,72,0.99,488.0,443.7,14.4,1.00,23,27,72,14.219,-14.75,0,3,0.00,-0.001,196.1938,50.300,0.000,0.000,0.000,0.000,0.000,0.000,9.850,176.0500,177.30,1.7583,2.0,97.10,97.300,0,0.00,0.00,131072.00,526.531,0.000,0.523,0.000,-1.388,104.900,105.500,-0.024,1.605,5.328,0.00,0.00,58.03,0.00,
51.369,99,0.0,25.4,0.0,0.0,200,3483,2,5060,5064,106,-22.5,-22.5,-22.5,-22.5,-22.5,0,14.73,14.73,99.6,176.2,72,0.99,480.0,433.2,14.4,1.02,22,27,72,14.113,-14.75,0,3,0.00,-0.001,195.7324,50.000,0.000,0.000,0.000,0.000,0.000,0.000,9.850,175.8800,176.01,1.7915,2.0,104.20,103.800,0,0.00,0.00,131072.00,522.468,0.000,0.511,0.000,-1.359,105.100,105.500,-0.238,1.782,1.977,0.00,0.00,58.03,0.00,
51.449,99,0.0,25.7,0.0,0.0,200,3479,2,5060,5062,106,-22.5,-22.5,-22.5,-22.5,-22.5,0,14.55,14.52,99.6,174.7,72,0.99,476.0,421.1,14.3,1.02,22,28,72,13.816,-14.75,0,3,0.00,-0.001,195.8862,49.800,0.000,0.000,0.000,0.000,0.000,0.000,9.850,175.8100,174.82,1.8234,2.0,98.20,97.900,0,0.00,0.00,131072.00,518.718,0.000,0.501,0.000,-1.343,104.200,105.500,0.042,1.879,2.496,0.00,0.00,58.32,0.00,
51.519,99,0.0,25.8,0.0,0.0,200,3514,2,5060,5062,106,-22.5,-22.5,-22.5,-22.5,-22.5,0,14.37,14.35,99.2,174.0,72,0.99,476.0,421.3,14.1,1.02,22,27,72,13.587,-14.75,0,3,0.00,-0.001,196.8090,49.600,0.000,0.000,0.000,0.000,0.000,0.000,9.850,176.0100,174.68,1.8483,2.0,90.30,90.300,0,0.00,0.00,131072.00,520.250,0.000,0.505,0.000,-1.363,105.400,105.500,0.000,1.928,1.147,0.00,0.00,58.61,0.00,
51.599,99,0.0,25.7,0.0,0.0,200,3553,2,5060,5072,106,-22.5,-22.5,-22.5,-22.5,-22.5,0,14.31,14.31,98.8,174.0,72,0.99,480.0,422.4,14.0,1.01,22,28,72,13.685,-14.75,0,3,0.00,-0.001,197.9736,49.200,0.000,0.000,0.000,0.000,0.000,0.000,9.850,176.2800,175.31,1.8775,2.0,89.80,90.100,0,0.00,0.00,131072.00,524.875,0.000,0.519,0.000,-1.390,105.400,105.500,-0.073,2.124,9.313,0.00,0.00,58.46,0.00,
51.669,99,0.0,25.4,0.0,0.0,200,3549,2,5060,5049,106,-22.5,-22.5,-22.5,-22.5,-22.5,0,14.35,14.37,99.2,175.5,72,0.99,484.0,435.3,14.2,1.00,23,28,72,13.836,-14.75,0,3,0.00,-0.001,197.8637,49.400,0.000,0.000,0.000,0.000,0.000,0.000,9.850,176.5600,176.43,1.9006,2.0,95.00,95.100,0,0.00,0.00,131072.00,526.625,0.000,0.523,0.000,-1.392,105.200,105.500,0.018,2.380,6.158,0.00,0.00,58.32,0.00,
51.739,99,0.0,25.4,0.0,0.0,200,3543,2,5060,5055,106,-22.5,-22.5,-22.5,-22.5,-22.5,0,14.50,14.53,99.6,177.0,72,0.99,484.0,435.8,14.3,1.01,23,28,72,13.877,-14.75,0,3,0.00,-0.001,196.1499,50.100,0.000,0.000,0.000,0.000,0.000,0.000,9.850,176.8200,177.08,1.9216,2.0,95.60,95.800,0,0.00,0.00,131072.00,526.125,0.000,0.523,0.000,-1.390,105.100,105.500,-0.097,2.532,3.027,0.00,0.00,58.32,0.00,
51.819,99,0.0,25.3,0.0,0.0,200,3553,2,5060,5044,106,-22.5,-22.5,-22.5,-22.5,-22.5,0,14.54,14.52,99.6,176.2,72,0.99,484.0,432.7,14.3,1.02,23,28,72,14.011,-14.75,0,3,0.00,-0.001,195.6884,50.000,0.000,0.000,0.000,0.000,0.000,0.000,9.850,176.3600,176.24,1.9459,2.0,95.00,94.900,0,0.00,0.00,131072.00,526.031,0.000,0.521,0.000,-1.390,104.700,105.500,-0.048,2.673,2.191,0.00,0.00,58.17,0.00,
51.889,99,0.0,25.3,0.0,0.0,200,3556,2,5060,5060,104,-22.5,-22.5,-22.5,-22.5,-22.5,0,14.36,14.34,99.2,174.7,72,0.99,480.0,432.0,14.1,1.01,23,28,72,13.959,-14.75,0,3,0.00,-0.001,197.1166,49.600,0.000,0.000,0.000,0.000,0.000,0.000,9.850,176.4300,175.00,1.9632,2.0,90.80,89.500,0,0.00,0.00,131072.00,525.937,0.000,0.521,0.000,-1.390,105.400,105.500,0.000,2.758,2.087,0.00,0.00,58.17,0.00,
51.969,99,0.0,25.3,0.0,0.0,200,3555,2,5060,5070,104,-22.5,-22.5,-22.5,-22.5,-22.5,0,14.42,14.44,98.8,174.0,72,0.99,480.0,434.3,14.0,1.01,23,28,72,14.106,-14.75,0,3,0.00,-0.001,197.4682,49.500,0.000,0.000,0.000,0.000,0.000,0.000,9.850,176.3200,175.13,1.9797,2.0,89.20,89.300,0,0.00,0.00,131072.00,525.968,0.000,0.521,0.000,-1.390,105.200,105.500,0.000,2.850,1.873,0.00,0.00,58.03,0.00,
52.069,99,0.0,25.3,0.0,0.0,200,3586,2,5060,5050,104,-22.5,-22.5,-22.5,-22.5,-22.5,0,14.66,14.70,99.2,175.5,72,0.99,488.0,439.4,14.2,1.02,23,28,71,14.249,-14.75,0,3,0.00,-0.001,194.1503,50.100,0.000,0.000,0.000,0.000,0.000,0.000,9.850,176.3600,176.19,1.9995,2.0,94.10,94.200,0,0.00,0.00,131072.00,528.406,0.000,0.527,0.000,-1.412,105.000,105.500,0.000,2.935,0.518,0.00,0.00,57.88,0.00,
52.139,99,0.0,25.4,0.0,0.0,200,3623,2,5060,5041,104,-22.5,-22.5,-22.5,-22.5,-22.5,0,14.48,14.44,99.6,175.5,72,0.99,492.0,444.8,14.2,1.03,23,28,71,14.301,-14.75,0,3,0.00,-0.001,193.6230,50.100,0.000,0.000,0.000,0.000,0.000,0.000,9.850,176.2900,176.18,2.0150,2.0,93.60,94.000,0,0.00,0.00,131072.00,532.156,0.000,0.537,0.000,-1.433,105.500,105.500,0.018,3.009,2.825,0.00,0.00,57.88,0.00,
52.229,99,0.0,25.6,0.0,0.0,200,3610,2,5060,5062,104,-22.5,-22.5,-22.5,-22.5,-22.5,0,14.30,14.30,99.6,176.2,72,0.99,492.0,446.6,14.2,1.00,23,28,71,14.573,-14.75,0,3,0.00,-0.001,196.8310,49.700,0.000,0.000,0.000,0.000,0.000,0.000,9.850,176.3200,177.18,2.0336,2.0,94.70,95.000,0,0.00,0.00,131072.00,532.937,0.000,0.539,0.000,-1.429,105.400,105.500,0.000,3.125,3.033,0.00,0.00,57.59,0.00,
52.301,99,0.0,25.8,0.0,0.0,200,3575,2,5060,5072,104,-22.5,-22.5,-22.5,-22.5,-22.5,0,14.44,14.47,99.6,177.0,72,0.99,488.0,444.6,14.4,1.01,23,28,71,14.464,-14.75,0,3,0.00,-0.001,195.8422,50.100,0.000,0.000,0.000,0.000,0.000,0.000,9.850,176.2900,176.56,2.0452,2.0,95.20,94.900,0,0.00,0.00,131072.00,530.437,0.000,0.533,0.000,-1.414,105.700,105.500,0.115,3.186,1.983,0.00,0.00,57.74,0.00,
52.369,99,0.0,26.0,0.0,0.0,200,3596,2,5060,5083,104,-22.5,-22.5,-22.5,-22.5,-22.5,0,14.70,14.74,99.6,175.5,72,0.99,488.0,440.7,14.2,1.02,23,28,71,14.240,-14.75,0,3,0.00,-0.001,194.6118,49.700,0.000,0.000,0.000,0.000,0.000,0.000,9.850,176.2900,175.67,2.0559,2.0,93.80,93.800,0,0.00,0.00,131072.00,530.062,0.000,0.531,0.000,-1.419,105.600,105.500,0.000,3.204,0.000,0.00,0.00,58.03,0.00,
52.440,99,0.0,26.1,0.0,0.0,200,3632,2,5060,5039,104,-22.5,-22.5,-22.5,-22.5,-22.5,0,14.49,14.45,99.2,174.7,72,0.99,492.0,438.8,14.0,1.03,23,28,71,14.036,-14.75,0,3,0.00,-0.001,194.3261,49.600,0.000,0.000,0.000,0.000,0.000,0.000,9.850,176.2100,175.01,2.0645,2.0,87.10,86.900,0,0.00,0.00,131072.00,532.625,0.000,0.539,0.000,-1.437,105.600,105.500,0.018,3.271,2.825,0.00,0.00,58.17,0.00,
52.529,99,0.0,26.2,0.0,0.0,200,3645,2,5060,5054,104,-22.5,-22.5,-22.5,-22.5,-22.5,0,14.26,14.26,99.2,174.7,72,0.99,492.0,441.3,14.0,1.00,23,28,71,14.093,-14.75,0,3,0.00,-0.001,197.8637,49.200,0.000,0.000,0.000,0.000,0.000,0.000,9.850,176.1400,174.89,2.0756,2.0,86.90,86.800,0,0.00,0.00,131072.00,535.625,0.000,0.546,0.000,-1.453,105.900,105.500,-0.097,3.417,2.722,0.00,0.00,58.17,0.00,
52.600,99,0.0,26.1,0.0,0.0,200,3649,2,5060,5052,104,-22.5,-22.5,-22.5,-22.5,-22.5,0,14.43,14.47,98.8,174.0,72,0.99,492.0,440.5,13.9,0.99,23,28,71,14.106,-14.75,0,3,0.00,-0.001,197.0068,49.500,0.000,0.000,0.000,0.000,0.000,0.000,9.850,176.1000,174.53,2.0832,2.0,86.10,86.100,0,0.00,0.00,131072.00,536.468,0.000,0.548,0.000,-1.455,106.300,105.500,-0.213,3.625,7.330,0.00,0.00,58.03,0.00,
52.679,99,0.0,26.0,0.0,0.0,201,3622,2,5060,5050,104,-22.5,-22.5,-22.5,-22.5,-22.5,0,14.60,14.58,98.8,175.5,72,0.99,492.0,448.0,14.1,1.01,23,29,71,14.362,-14.75,0,3,0.00,-0.001,194.8315,49.700,0.000,0.000,0.000,0.000,0.000,0.000,9.850,175.9900,176.37,2.0913,2.0,91.20,92.400,0,0.00,0.00,131072.00,534.875,0.000,0.544,0.000,-1.445,105.200,105.500,0.042,3.790,1.983,0.00,0.00,57.88,0.00,
52.749,99,0.0,25.9,0.0,0.0,201,3648,2,5060,5062,104,-22.5,-22.5,-22.5,-22.5,-22.5,0,14.57,14.57,99.6,176.2,72,0.99,496.0,448.2,14.2,1.02,23,29,71,14.469,-14.75,0,3,0.00,-0.001,194.5458,50.100,0.000,0.000,0.000,0.000,0.000,0.000,9.850,176.0300,176.50,2.0982,2.0,92.30,92.400,0,0.00,0.00,131072.00,535.562,0.000,0.546,0.000,-1.453,105.500,105.500,0.000,3.814,0.939,0.00,0.00,57.74,0.00,
52.840,99,0.0,26.0,0.0,0.0,201,3662,2,5060,5059,104,-22.5,-22.5,-22.5,-22.5,-22.5,0,14.42,14.41,99.6,176.2,72,0.99,496.0,450.0,14.2,1.01,23,29,71,14.305,-14.75,0,3,0.00,-0.001,195.3369,49.900,0.000,0.000,0.000,0.000,0.000,0.000,9.850,175.8900,175.57,2.1077,2.0,87.80,87.800,0,0.00,0.00,131072.00,537.781,0.000,0.552,0.000,-1.468,106.300,105.500,0.018,3.875,1.776,0.00,0.00,57.88,0.00,
52.919,99,0.0,26.2,0.0,0.0,201,3687,2,5060,5065,104,-22.5,-22.5,-22.5,-22.5,-22.5,0,14.41,14.42,99.6,174.7,72,0.99,496.0,447.4,14.1,1.00,23,29,71,14.208,-14.75,0,3,0.00,-0.001,196.6552,49.500,0.000,0.000,0.000,0.000,0.000,0.000,9.850,175.8900,175.11,2.1145,2.0,87.60,87.500,0,0.00,0.00,131072.00,539.875,0.000,0.556,0.000,-1.478,105.700,105.500,-0.024,3.948,0.939,0.00,0.00,58.03,0.00,
52.990,99,0.0,26.2,0.0,0.0,201,3666,2,5060,5044,104,-22.5,-22.5,-22.5,-22.5,-22.5,0,14.49,14.47,99.2,174.7,72,0.99,496.0,446.7,14.1,1.01,23,29,71,14.260,-14.75,0,3,0.00,-0.001,196.5234,49.700,0.000,0.000,0.000,0.000,0.000,0.000,9.850,175.8100,175.23,2.1206,2.0,87.50,86.900,0,0.00,0.00,131072.00,539.656,0.000,0.556,0.000,-1.470,104.900,105.500,-0.073,4.010,0.939,0.00,0.00,57.88,0.00,
53.069,99,0.0,26.2,0.0,0.0,201,3660,2,5060,5060,104,-22.5,-22.5,-22.5,-22.5,-22.5,0,14.49,14.47,99.6,174.7,72,0.99,496.0,444.6,14.1,1.00,23,29,71,14.077,-14.75,0,3,0.00,-0.001,197.0068,49.800,0.000,0.000,0.000,0.000,0.000,0.000,9.850,175.8100,174.63,2.1257,2.0,86.70,86.600,0,0.00,0.00,131072.00,538.250,0.000,0.554,0.000,-1.464,105.800,105.500,0.000,4.022,-0.421,0.00,0.00,58.17,0.00,
53.141,99,0.0,26.2,0.0,0.0,201,3690,2,5060,5079,104,-22.5,-22.5,-22.5,-22.5,-22.5,0,14.49,14.50,98.8,174.0,72,0.99,496.0,442.8,14.0,1.01,23,29,71,13.884,-14.75,0,3,0.00,-0.001,196.3916,49.400,0.000,0.000,0.000,0.000,0.000,0.000,9.850,175.7800,174.05,2.1288,2.0,81.70,82.100,0,0.00,0.00,131072.00,539.218,0.000,0.554,0.000,-1.478,105.700,105.500,-0.024,4.022,-0.213,0.00,0.00,58.32,0.00,
53.229,99,0.0,26.2,0.0,0.0,201,3702,2,5060,5047,104,-22.5,-22.5,-22.5,-22.5,-22.5,0,14.48,14.47,98.4,173.2,72,0.99,496.0,443.5,13.8,1.00,23,29,71,13.739,-14.75,0,3,0.00,16.659,187.2729,50.100,0.000,0.000,0.000,0.000,0.000,0.000,9.850,187.8500,174.45,2.1332,0.0,370.40,280.600,0,131072.00,131072.00,131072.00,550.906,0.000,1.179,0.000,-1.431,105.600,105.900,5.798,0.000,199.993,0.00,0.00,58.46,0.00,
53.299,99,0.0,22.1,0.0,18.3,201,4181,2,5060,5042,103,7.5,7.5,7.5,7.5,7.5,0,14.46,14.46,79.6,183.0,72,0.99,584.0,473.8,15.2,1.00,30,29,23,14.342,-14.75,0,3,0.00,19.122,171.5405,53.000,0.000,0.000,0.000,0.000,0.000,0.000,9.850,205.7400,186.90,2.1184,0.0,379.60,291.100,0,131072.00,131072.00,131072.00,642.125,5.058,7.003,0.000,-1.945,107.800,107.300,-4.809,0.000,199.993,0.00,0.00,57.88,0.00,
53.369,99,0.0,16.7,0.4,19.5,202,4256,2,5060,5060,103,6.0,6.5,6.5,6.5,6.5,0,13.59,13.40,83.2,187.5,72,0.99,624.0,514.6,16.1,1.00,54,29,24,14.725,-14.75,0,3,0.00,19.742,172.2216,52.200,0.000,0.000,0.000,0.000,0.000,0.000,9.850,209.0100,181.48,2.1016,0.0,383.70,300.600,0,131072.00,131072.00,131072.00,711.625,17.015,11.003,0.000,6.011,110.800,108.400,-15.301,0.000,-200.000,0.00,0.00,57.45,0.00,
53.449,99,0.0,14.2,5.1,20.4,202,4224,2,5060,5088,103,7.5,7.5,7.5,7.5,7.0,0,12.73,12.75,77.3,173.2,72,0.99,568.0,488.5,14.3,1.00,82,30,65,12.903,-14.75,0,3,0.00,20.827,184.2626,49.500,0.000,0.000,0.000,0.000,0.000,0.000,9.850,212.9400,167.38,2.0746,0.0,363.60,308.300,0,131072.00,131072.00,131072.00,741.718,25.494,13.031,0.000,12.462,110.500,108.500,1.287,0.000,-200.000,0.00,0.00,59.33,0.00,
53.529,99,0.0,12.5,8.0,21.1,202,4163,2,5060,5050,103,8.2,8.5,8.5,8.5,8.5,0,13.29,13.33,73.4,162.0,72,0.99,520.0,463.6,12.3,1.00,94,31,75,11.913,-14.75,0,3,0.00,21.358,194.1943,48.500,0.000,0.000,0.000,0.000,0.000,0.000,9.850,215.7000,159.36,2.0510,0.0,341.10,314.300,0,131072.00,131072.00,131072.00,753.062,29.242,14.062,0.000,15.179,109.600,108.200,5.242,0.000,-200.000,0.00,0.00,60.35,0.00,
53.599,99,0.0,11.9,9.4,21.6,202,4123,2,5060,5049,103,9.0,9.0,9.0,9.0,9.0,0,13.48,13.50,70.3,157.5,72,0.99,504.0,464.3,11.8,1.00,98,32,79,12.409,-14.75,0,3,0.00,21.775,196.0620,48.300,0.000,0.000,0.000,0.000,0.000,0.000,9.850,218.3900,160.33,2.0590,0.0,335.70,317.200,0,131072.00,131072.00,131072.00,756.000,29.337,14.527,0.000,14.810,109.400,108.100,4.687,0.000,12.182,0.00,0.00,59.77,0.00,
53.669,99,0.0,13.4,9.1,21.9,202,4230,2,5060,5042,103,8.2,8.6,7.8,8.6,8.2,0,13.66,13.70,71.0,166.5,72,0.99,532.0,505.2,12.8,1.00,99,33,81,14.480,-14.75,0,3,0.00,22.000,183.0102,50.100,0.000,0.000,-3.000,0.000,0.000,0.000,9.850,220.3700,171.51,2.0933,0.0,344.10,316.200,0,131072.00,131072.00,131072.00,772.062,29.546,15.160,0.000,14.386,109.000,108.200,0.378,0.000,-8.526,0.00,0.00,57.74,0.00,
53.740,99,0.0,15.5,7.1,22.0,202,4418,2,5060,5042,103,6.7,7.1,7.5,7.1,5.0,0,13.69,13.65,79.2,180.7,72,0.99,604.0,566.1,14.8,1.00,99,34,76,16.612,-14.75,0,3,0.00,22.036,163.9599,53.300,0.000,0.000,-3.000,0.000,0.000,0.000,9.850,221.2900,186.90,2.1408,0.0,368.60,312.200,0,131072.00,131072.00,131072.00,803.187,27.080,16.072,0.000,11.007,108.000,109.300,-0.311,0.000,47.894,0.00,0.00,55.56,0.00,
53.819,99,0.0,18.1,4.7,22.0,202,4573,2,5060,5054,103,5.2,5.8,6.4,5.7,3.5,0,13.27,13.23,85.1,191.2,72,0.99,692.0,628.7,17.4,0.99,99,34,67,18.454,-14.75,0,3,0.00,21.864,145.4370,54.800,0.000,0.000,-3.000,0.000,0.000,0.000,9.850,221.2500,201.84,2.2102,0.0,373.40,308.800,0,131072.00,131072.00,131072.00,841.593,23.951,17.082,0.000,6.869,108.500,110.600,0.720,0.000,64.239,0.00,0.00,53.68,0.00,
53.889,99,0.0,19.0,2.8,21.6,202,4643,2,5060,5085,103,4.5,4.8,4.9,4.3,2.0,0,12.84,12.82,90.6,191.2,72,0.99,736.0,652.2,18.7,0.98,100,35,57,18.882,-14.75,0,3,0.00,21.347,142.3828,54.500,0.000,0.000,-3.000,0.000,0.000,0.000,9.850,218.6100,204.21,2.2529,0.0,370.10,309.600,0,131072.00,131072.00,131072.00,859.250,22.587,17.427,0.000,5.160,109.900,111.000,-0.775,0.000,8.654,0.00,0.00,53.39,0.00,
53.969,99,0.0,18.7,2.0,20.7,202,4683,2,5060,5097,103,4.5,4.6,4.5,4.6,2.0,0,12.81,12.81,90.6,191.2,72,0.99,732.0,631.8,18.5,0.98,100,36,57,18.026,-14.75,0,3,0.00,20.318,144.2944,53.800,0.000,0.000,-3.000,0.000,0.000,0.000,9.850,212.4300,199.82,2.2889,2.0,370.80,313.600,0,131072.00,131072.00,131072.00,854.562,20.435,16.900,0.000,3.535,110.900,111.100,-0.146,0.000,11.260,0.00,0.00,54.11,0.00,
54.042,99,0.0,17.8,2.0,20.1,202,4760,2,5060,5100,103,5.2,5.3,5.5,5.6,3.5,0,12.70,12.69,87.5,191.2,72,0.99,720.0,622.6,17.6,0.97,100,37,57,17.353,-14.75,0,3,0.00,20.023,148.4252,52.700,0.000,0.000,-3.000,0.000,0.000,0.000,9.850,210.0300,194.55,2.3105,2.0,369.40,319.000,0,131072.00,131072.00,131072.00,851.250,20.572,16.496,0.000,4.076,111.300,111.300,-0.213,0.225,0.750,0.00,0.00,54.84,0.00,
54.119,99,0.0,17.0,2.5,19.8,202,4867,2,5060,5028,103,6.0,6.4,6.6,6.4,4.0,0,12.72,12.73,86.3,191.2,72,0.99,716.0,614.8,16.9,0.97,100,37,58,16.428,-14.75,0,3,0.00,19.577,142.3608,53.600,0.000,0.000,-3.000,0.000,0.000,0.000,9.850,206.6100,188.01,2.3286,2.0,367.70,321.600,0,131072.00,131072.00,131072.00,856.187,20.894,16.335,0.000,4.558,111.500,111.900,0.079,-0.079,-6.390,0.00,0.00,55.71,0.00,
54.195,99,0.0,16.3,2.9,19.3,203,5005,2,5060,5072,103,7.5,8.0,8.0,8.0,5.0,0,12.67,12.67,83.9,185.2,72,0.99,716.0,612.6,16.1,0.99,100,38,57,15.796,-14.75,0,3,0.00,19.142,144.5581,52.200,0.000,0.000,-3.000,0.000,0.000,0.000,9.850,203.6300,183.58,2.3423,2.0,362.20,322.700,0,131072.00,131072.00,131072.00,863.750,20.578,16.357,0.000,4.220,113.200,112.400,0.305,-0.170,5.670,0.00,0.00,56.43,0.00,
54.280,99,0.0,15.5,3.2,18.9,203,5101,2,5060,5026,103,8.2,8.5,8.5,8.5,5.5,0,12.01,12.01,83.2,180.0,72,0.99,708.0,608.7,15.3,0.96,100,39,57,15.098,-14.75,0,3,0.00,18.937,155.7421,51.300,0.000,0.000,-3.000,0.000,0.000,0.000,9.850,201.4500,177.75,2.3551,2.0,359.80,326.100,0,131072.00,131072.00,131072.00,871.968,20.400,16.447,0.000,3.953,112.900,112.700,-0.250,0.183,-0.280,0.00,0.00,57.16,0.00,
54.349,99,0.0,15.0,3.7,19.0,203,5175,2,5060,5018,103,9.0,9.0,9.0,9.0,6.0,0,12.53,12.56,80.8,175.5,72,0.99,700.0,608.2,14.7,0.97,100,40,59,14.654,-14.75,0,3,0.00,19.085,155.7202,50.700,0.000,0.000,-3.000,0.000,0.000,0.000,9.850,201.6700,174.13,2.3604,2.0,348.90,328.300,0,131072.00,131072.00,131072.00,880.687,21.521,16.712,0.000,4.808,113.400,112.700,-0.671,0.000,-35.736,0.00,0.00,57.59,0.00,
54.419,99,0.0,14.7,4.4,19.3,203,5253,2,5060,5016,103,9.0,9.5,9.5,9.5,6.5,0,12.43,12.41,80.0,173.2,72,0.99,700.0,606.2,14.4,0.97,100,40,66,14.557,-14.75,0,3,0.00,19.571,157.6977,50.500,0.000,0.000,-3.000,0.000,0.000,0.000,9.850,203.9200,173.41,2.3674,2.0,344.60,330.000,0,131072.00,131072.00,131072.00,897.750,24.535,17.414,0.000,7.121,113.100,112.700,0.396,0.000,-45.568,0.00,0.00,57.59,0.00,
54.503,99,0.0,14.9,4.7,19.7,203,5330,2,5060,5004,103,9.0,9.5,9.5,9.5,6.5,0,12.41,12.42,80.8,173.2,72,0.99,716.0,627.5,14.5,0.96,100,41,71,15.223,-14.75,0,3,0.00,19.939,154.7753,51.500,0.000,0.000,-3.000,0.000,0.000,0.000,9.850,205.8900,175.51,2.3934,2.0,344.60,330.300,0,131072.00,131072.00,131072.00,920.125,27.458,18.382,0.000,9.076,114.000,113.300,0.085,0.000,-35.064,0.00,0.00,57.01,0.00,
54.569,99,0.0,16.3,4.0,20.0,203,5432,2,5060,5079,103,8.2,8.5,8.5,9.0,5.5,0,12.38,12.39,82.8,181.5,72,0.99,760.0,670.7,15.8,0.96,100,42,70,16.761,-14.75,0,3,0.00,20.008,145.6347,51.500,0.000,0.000,-2.300,0.000,0.000,0.000,9.850,206.0300,184.23,2.4384,2.0,353.00,328.200,0,131072.00,131072.00,131072.00,945.343,26.701,19.462,0.000,7.238,113.900,113.500,0.964,0.000,51.763,0.00,0.00,55.42,0.00,
54.643,99,0.0,17.6,2.6,19.9,203,5537,2,5060,5129,103,7.5,7.5,7.5,7.5,5.2,0,12.37,12.38,88.6,189.0,72,0.99,804.0,705.9,17.1,0.96,100,42,60,17.745,-14.75,0,3,0.00,19.878,135.5932,51.400,0.000,0.000,-2.300,0.000,0.000,0.000,9.850,204.7200,193.16,2.4813,2.0,351.10,325.700,0,131072.00,131072.00,131072.00,961.593,23.685,20.064,0.000,3.621,112.600,113.500,-0.866,0.000,28.076,0.00,0.00,54.40,0.00,
54.719,99,0.0,18.0,1.5,19.6,204,5627,2,5060,5060,103,6.7,7.0,7.0,7.0,4.7,0,12.47,12.47,91.4,191.2,72,0.99,836.0,718.1,17.8,0.96,100,43,52,17.459,-14.75,0,3,0.00,19.526,130.4736,52.200,0.000,0.000,-2.300,0.000,0.000,0.000,9.850,201.8900,192.00,2.5108,2.0,350.60,325.700,0,131072.00,131072.00,131072.00,972.718,22.138,20.257,0.000,1.880,112.900,113.500,-0.372,0.000,9.356,0.00,0.00,54.69,0.00,
54.789,99,0.0,17.4,1.8,19.4,204,5710,2,5060,5079,103,7.5,8.0,8.0,8.0,5.2,0,12.41,12.40,89.0,186.7,72,0.99,824.0,704.8,17.0,0.96,100,44,52,16.655,-14.75,0,3,0.00,19.385,139.7460,50.400,0.000,0.000,-2.300,0.000,0.000,0.000,9.850,200.1400,183.43,2.5220,2.0,347.80,329.100,0,131072.00,131072.00,131072.00,977.812,22.767,20.289,0.000,2.478,113.200,113.900,-0.720,-0.061,-10.009,0.00,0.00,55.56,0.00,
54.869,99,0.0,16.5,2.4,19.3,204,5761,2,5060,5034,103,8.2,8.5,9.0,9.0,6.7,0,12.29,12.29,87.5,182.2,72,0.99,808.0,682.8,16.3,0.95,100,45,55,15.651,-14.75,0,3,0.00,19.345,145.0195,50.400,0.000,0.000,-2.300,0.000,0.000,0.000,9.850,198.9800,176.70,2.5274,2.0,346.30,332.800,0,131072.00,131072.00,131072.00,982.562,23.935,20.349,0.000,3.585,114.200,114.300,-0.939,0.000,-33.190,0.00,0.00,56.58,0.00,
54.940,99,0.0,15.5,3.6,19.4,204,5852,2,5060,5028,103,9.7,10.0,10.0,10.0,7.7,0,12.53,12.53,83.2,173.2,72,0.99,784.0,670.4,15.2,0.95,99,45,61,15.128,-14.75,0,3,0.00,19.662,151.4794,48.900,0.000,0.000,-2.300,0.000,0.000,0.000,9.850,199.7000,172.63,2.5322,2.0,330.90,329.800,0,0.00,0.00,131072.00,992.656,26.087,20.677,0.000,5.410,114.400,114.400,-0.433,0.000,-48.980,0.00,0.00,57.01,0.00,
55.019,99,0.0,15.5,4.2,19.9,204,5941,2,5060,5028,103,10.5,10.5,10.5,10.0,8.2,0,12.37,12.38,82.8,171.7,72,0.99,788.0,680.4,15.1,0.95,100,46,68,15.332,-14.75,0,3,0.00,20.213,150.0292,48.900,0.000,0.000,-2.300,0.000,0.000,0.000,9.850,201.4500,173.01,2.5513,2.0,328.60,328.000,0,0.00,0.00,131072.00,1013.625,29.828,21.486,0.000,8.341,114.700,114.400,0.054,0.000,-48.693,0.00,0.00,56.87,0.00,
55.099,99,0.0,16.5,4.1,20.5,204,6035,2,5060,5044,103,10.5,10.5,10.5,10.5,8.2,0,12.50,12.50,85.1,175.5,72,0.99,816.0,708.5,15.9,0.95,100,47,72,16.653,-14.75,0,3,0.00,20.691,140.8886,49.800,0.000,0.000,-2.300,-3.000,0.000,0.000,9.850,202.8300,178.92,2.5964,2.0,335.10,337.300,0,131072.00,131072.00,131072.00,1037.468,31.361,22.472,0.000,8.888,114.400,114.400,0.506,0.000,-1.782,0.00,0.00,55.56,0.00,
55.169,99,0.0,18.1,3.2,20.7,205,6122,2,5060,5009,103,9.0,9.5,6.5,9.5,7.2,0,12.33,12.33,87.1,183.0,72,0.99,864.0,748.3,17.4,0.94,100,47,68,18.017,-14.75,0,3,0.00,20.898,130.7373,51.000,0.000,0.000,-1.500,-3.000,0.000,0.000,9.850,202.8300,184.85,2.6522,2.0,337.10,332.600,0,131072.00,131072.00,131072.00,1053.937,29.480,23.150,0.000,6.330,114.200,114.400,0.219,0.000,46.411,0.00,0.00,54.11,0.00,
55.250,99,0.0,18.8,2.4,21.0,205,6204,2,5060,5019,103,9.0,9.0,6.0,9.0,7.5,0,12.46,12.48,90.2,186.7,72,0.99,892.0,771.0,18.2,0.95,100,48,63,18.581,-14.75,0,3,0.00,20.847,123.3105,51.300,0.000,0.000,-1.500,-3.000,0.000,0.000,9.850,201.0900,188.21,2.7030,2.0,336.30,330.300,0,262144.00,262144.00,262144.00,1068.968,28.017,23.726,0.000,4.291,113.800,114.400,-0.207,0.000,20.776,0.00,0.00,53.68,0.00,
55.329,99,0.0,19.1,1.5,20.6,205,6301,2,5060,5034,103,9.0,9.0,6.0,9.0,7.5,0,12.56,12.56,91.4,188.2,72,0.99,916.0,784.4,18.7,0.95,100,49,59,18.547,-14.75,0,3,0.00,20.345,121.3110,51.400,0.000,0.000,-1.500,-3.000,0.000,0.000,9.850,196.5800,185.86,2.7466,2.0,337.90,326.700,0,262144.00,262144.00,262144.00,1069.593,26.105,23.607,0.000,2.498,114.300,114.400,-0.402,0.000,10.461,0.00,0.00,53.68,0.00,
55.399,99,0.0,19.0,1.3,20.0,205,6376,2,5060,5034,103,9.0,9.5,6.5,10.0,8.0,0,12.40,12.41,89.8,185.2,72,0.99,912.0,775.3,18.5,0.95,100,49,55,18.030,-14.75,0,3,0.00,19.887,122.4975,51.000,0.000,0.000,-1.500,-3.000,0.000,0.000,9.850,192.5800,182.20,2.7714,2.0,335.20,324.100,0,262144.00,262144.00,262144.00,1062.281,24.660,23.144,0.000,1.515,114.500,114.400,-0.769,0.000,24.420,0.00,0.00,54.11,0.00,
55.480,99,0.0,18.4,1.3,19.6,205,6441,2,5060,5074,103,9.7,10.0,7.0,10.0,8.5,0,12.54,12.51,88.2,180.7,72,0.99,900.0,760.8,17.9,0.96,100,50,54,17.332,-14.75,0,3,0.00,19.327,127.2875,50.500,0.000,0.000,-1.500,-3.000,0.000,0.000,9.850,187.9900,176.71,2.7854,2.0,331.50,322.200,0,262144.00,262144.00,262144.00,1051.093,24.337,22.480,0.000,1.857,114.800,114.400,-0.347,0.042,6.152,0.00,0.00,54.84,0.00,
55.549,99,0.0,17.4,1.6,19.1,205,6530,2,5060,5006,103,11.2,11.5,8.5,11.5,10.0,0,12.51,12.51,85.1,174.0,72,0.99,880.0,749.2,17.1,0.96,100,51,55,16.537,-14.75,0,3,0.00,18.980,131.0449,49.700,0.000,0.000,-1.500,-3.000,0.000,0.000,9.850,184.7200,170.62,2.7888,2.0,321.40,318.600,0,0.00,0.00,262144.00,1043.031,24.404,21.968,0.000,2.435,114.400,114.400,-0.311,-0.201,-11.541,0.00,0.00,55.71,0.00,
55.619,99,0.0,16.3,2.0,18.7,205,6624,2,5060,5067,103,11.2,11.7,9.0,11.3,10.5,0,12.46,12.46,82.8,168.0,72,0.99,860.0,747.2,16.1,0.96,100,51,56,15.898,-14.75,0,3,0.00,18.654,135.0659,48.900,0.000,0.000,-1.500,-3.000,0.000,0.000,9.850,181.6700,166.56,2.7877,2.0,306.20,305.900,0,0.00,0.00,262144.00,1037.718,24.527,21.582,0.000,2.945,114.500,114.400,-0.518,-0.750,-19.531,0.00,0.00,56.29,0.00,
55.699,99,0.0,16.2,2.4,18.5,205,6681,3,5060,5123,103,11.2,11.7,10.0,11.9,11.5,0,12.51,12.51,79.6,162.7,72,0.99,840.0,735.1,15.4,0.96,79,52,56,15.307,-14.75,0,3,0.00,18.471,137.6586,47.600,0.000,0.000,-1.500,-3.000,0.000,0.000,9.850,179.5200,161.92,2.7827,2.0,294.90,-16.500,0,4.00,4.00,262144.00,1033.156,24.449,21.255,0.000,3.193,114.200,114.400,-0.189,-1.422,-9.588,0.00,0.00,56.87,0.00,
55.769,99,0.0,15.7,2.5,18.2,206,6208,3,5060,5435,103,11.2,11.5,9.0,11.5,11.0,0,12.58,12.58,78.9,165.0,72,0.99,808.0,709.4,14.9,1.00,78,52,97,15.067,-14.75,0,3,0.00,18.078,0.0000,31.000,0.000,0.000,-1.500,-3.000,0.000,0.000,9.850,179.7800,163.96,2.7751,2.0,11.70,15.200,0,4.00,4.00,262144.00,996.343,23.123,20.164,0.000,2.958,120.000,114.400,0.555,0.000,-200.000,0.00,0.00,57.16,0.00,
55.840,99,0.0,14.4,2.9,18.1,206,5565,3,5060,4597,103,0.0,0.0,-0.2,-7.1,-7.1,0,19.11,19.11,77.3,160.5,72,0.99,712.0,576.1,14.3,1.00,75,53,99,13.628,-14.75,0,3,0.00,18.761,0.0000,31.900,0.000,0.000,-1.500,-3.000,0.000,0.000,9.850,184.4300,155.18,2.7831,2.0,-8.60,-12.700,0,4.00,4.00,262144.00,924.093,22.490,17.974,0.000,4.515,117.700,114.100,6.884,0.000,-200.000,0.00,0.00,58.61,0.00,
55.910,99,0.0,13.7,5.4,19.9,206,4756,3,5060,5391,103,10.5,10.5,7.5,10.5,9.0,0,19.11,19.11,71.8,152.2,72,0.99,576.0,515.8,13.3,1.00,73,54,99,13.388,-14.75,0,3,0.00,20.742,0.0000,41.300,0.000,0.000,-1.500,-3.000,0.000,0.000,9.850,194.9800,151.08,2.8042,2.0,39.00,207.600,0,4.00,4.00,131072.00,843.343,26.326,15.810,0.000,10.515,116.200,112.900,10.223,0.000,-65.423,0.00,0.00,58.75,0.00,
55.979,99,0.0,14.7,7.1,21.6,206,4418,3,5060,4924,104,9.0,9.0,6.5,9.0,8.0,0,19.11,19.11,68.3,157.5,72,0.99,540.0,531.4,13.8,1.00,71,54,89,16.562,-14.75,0,3,0.00,22.080,181.0327,51.900,-3.000,-3.000,-4.500,-3.000,0.000,0.000,9.850,205.5900,175.00,2.8287,2.0,328.70,341.300,0,0.00,0.00,131072.00,790.406,26.800,15.201,0.000,11.599,111.500,111.100,-1.293,0.000,-36.401,0.00,0.00,55.71,0.00,
56.060,99,0.0,19.1,4.4,22.0,206,4600,3,5060,5320,104,4.5,5.0,4.5,5.0,3.0,0,16.82,14.87,83.2,191.2,72,0.99,664.0,649.8,17.7,1.00,68,54,79,21.297,-14.75,0,3,0.00,21.781,144.9536,56.400,-3.000,-3.000,-4.500,-3.000,0.000,0.000,9.850,213.8100,211.96,2.8433,2.0,351.30,360.000,0,0.00,0.00,131072.00,809.656,19.183,16.027,0.000,3.156,107.000,110.900,0.555,0.000,120.086,0.00,0.00,50.92,0.00,
56.129,99,0.0,22.8,0.0,21.5,206,4642,3,5060,5287,104,0.7,1.0,1.0,1.0,-0.5,0,13.16,13.17,93.7,191.2,72,0.99,800.0,718.5,21.6,0.94,66,55,59,22.353,-14.75,0,3,0.00,21.623,137.0214,56.000,-3.000,-3.000,-4.500,-3.000,0.000,0.000,9.850,219.0500,224.61,2.8350,0.0,370.30,379.800,0,0.00,0.00,262144.00,841.375,16.843,16.843,0.000,0.000,108.500,111.100,-0.823,0.000,6.726,0.00,0.00,49.91,0.00,
56.217,99,0.0,23.6,0.0,21.5,206,4618,3,5060,5261,104,0.7,1.0,1.0,1.0,-0.5,0,13.82,13.82,99.6,191.2,72,0.99,796.0,700.9,21.5,0.98,49,56,60,21.678,-14.75,0,3,0.00,21.608,128.9794,56.700,-3.000,-3.000,-4.500,-3.000,0.000,0.000,9.850,221.2700,221.27,2.8122,0.0,371.80,373.400,0,0.00,0.00,131072.00,857.687,17.273,17.273,0.000,0.000,108.500,111.200,-0.152,0.000,1.342,0.00,0.00,50.49,0.00,
56.290,99,0.0,22.7,0.0,21.7,206,4687,3,5060,5182,104,0.7,1.0,1.0,1.0,-0.5,0,12.84,12.75,96.4,191.2,72,0.99,784.0,672.7,20.8,0.96,52,56,60,20.724,-14.75,0,3,0.00,21.835,134.4067,55.400,-3.000,-3.000,-4.500,-3.000,0.000,0.000,9.850,223.1900,217.38,2.7838,2.0,358.20,361.100,0,0.00,0.00,131072.00,877.375,18.039,18.039,0.000,0.000,109.500,111.200,0.018,0.006,-0.860,0.00,0.00,51.50,0.00,
56.369,99,0.0,21.1,0.2,21.9,205,4723,3,5060,5159,104,0.7,1.0,1.0,1.0,-0.5,0,12.81,12.81,96.4,191.2,72,0.99,780.0,673.0,20.2,0.96,68,57,60,20.506,-14.75,0,3,0.00,22.040,135.9008,54.600,-3.000,-3.000,-4.500,-3.000,0.000,0.000,9.850,224.4000,213.38,2.7621,2.0,353.50,355.000,0,0.00,0.00,131072.00,892.875,19.390,18.738,0.000,0.652,109.700,111.200,-0.152,0.189,-2.136,0.00,0.00,51.65,0.00,
56.440,99,0.0,20.7,1.2,21.9,205,4785,3,5060,5111,104,0.7,1.0,1.0,1.0,-0.5,0,12.85,12.86,94.1,191.2,72,0.99,780.0,668.1,19.8,0.96,73,57,61,19.920,-14.75,0,3,0.00,21.931,134.6484,54.800,-3.000,-3.000,-4.500,-2.300,0.000,0.000,9.850,223.5000,209.70,2.7449,2.0,349.40,350.900,0,0.00,0.00,131072.00,903.968,20.876,19.193,0.000,1.683,109.700,111.700,0.061,-0.054,-6.353,0.00,0.00,52.23,0.00,
56.519,99,0.0,20.0,1.6,21.8,204,4814,3,5060,5050,104,0.7,1.0,1.7,1.0,-0.5,0,12.78,12.78,93.3,191.2,72,0.99,772.0,662.6,19.3,0.96,77,58,61,19.618,-14.75,0,3,0.00,21.875,137.1313,54.200,-3.000,-3.000,-4.500,-2.300,0.000,0.000,9.850,222.7800,206.73,2.7302,2.0,346.40,347.000,0,0.00,0.00,131072.00,911.843,22.029,19.484,0.000,2.544,111.300,111.900,0.085,-0.537,-10.101,0.00,0.00,52.52,0.00,
56.589,99,0.0,19.7,2.0,21.8,203,4834,3,5060,5031,104,1.5,1.5,2.2,1.5,0.0,0,12.70,12.70,92.1,191.2,72,0.99,768.0,668.0,19.1,0.96,81,58,61,19.297,-14.75,0,3,0.00,21.869,137.1533,54.600,-3.000,-3.000,-4.500,-2.300,0.000,0.000,9.850,222.2200,205.15,2.7197,2.0,348.70,348.800,0,0.00,0.00,131072.00,915.093,22.447,19.599,0.000,2.847,110.900,112.000,0.604,-0.720,5.511,0.00,0.00,52.95,0.00,
56.669,99,0.0,19.5,2.1,21.8,202,4902,3,5060,5059,104,1.5,1.5,2.2,1.5,0.0,0,12.74,12.74,92.1,191.2,72,0.99,772.0,664.0,19.0,0.96,86,59,59,18.979,-14.75,0,3,0.00,21.806,135.5932,54.000,-3.000,-3.000,-4.500,-2.300,0.000,0.000,9.850,221.0500,203.18,2.7126,2.0,346.00,344.400,0,0.00,0.00,131072.00,921.812,22.888,19.820,0.000,3.068,110.800,112.000,-0.299,-0.146,9.002,0.00,0.00,53.24,0.00,
56.749,99,0.0,19.0,2.4,21.8,202,4940,3,5060,5090,104,1.5,2.0,2.7,2.0,0.5,0,12.48,12.44,91.7,191.2,72,0.99,772.0,664.1,18.8,0.95,91,59,59,18.601,-14.75,0,3,0.00,21.793,139.7021,53.400,-3.000,-3.000,-4.500,-2.300,0.000,0.000,9.850,220.5200,200.55,2.7052,2.0,346.60,345.300,0,0.00,0.00,131072.00,927.812,23.568,20.033,0.000,3.535,111.500,112.000,-0.213,0.103,1.708,0.00,0.00,53.53,0.00,
56.830,99,0.0,18.9,2.7,21.7,201,4979,3,5060,5113,104,1.5,2.0,3.2,2.0,0.5,0,12.55,12.57,90.6,191.2,72,0.99,772.0,659.7,18.6,0.96,95,60,59,18.189,-14.75,0,3,0.00,21.706,139.1528,52.900,-3.000,-3.000,-4.500,-2.300,0.000,0.000,9.850,219.7400,197.82,2.6979,2.0,347.00,346.300,0,0.00,0.00,131072.00,932.750,23.857,20.193,0.000,3.664,111.300,112.600,-0.195,0.170,1.617,0.00,0.00,53.97,0.00,
56.899,99,0.0,18.5,3.2,21.6,199,5026,3,5060,5032,104,3.0,3.0,3.7,3.0,1.5,0,12.43,12.41,89.8,191.2,72,0.99,764.0,656.3,18.0,0.95,97,60,60,17.847,-14.75,0,3,0.00,21.639,139.9658,52.800,-3.000,-3.000,-4.500,-2.300,0.000,0.000,9.850,219.0800,197.47,2.6917,2.0,345.70,346.000,0,0.00,0.00,131072.00,937.500,23.972,20.333,0.000,3.638,111.800,112.700,0.146,-0.091,-6.579,0.00,0.00,54.40,0.00,
56.981,99,0.0,18.1,3.3,21.6,198,5061,3,5060,5037,104,3.0,3.7,3.7,3.7,2.2,0,12.50,12.51,90.2,191.2,72,0.99,764.0,658.5,17.8,0.96,99,61,60,17.751,-14.75,0,3,0.00,21.572,141.2182,52.900,-2.300,-2.300,-3.800,-2.300,0.000,0.000,9.850,218.2800,193.50,2.6869,2.0,348.90,345.700,0,0.00,0.00,131072.00,942.875,24.232,20.492,0.000,3.740,112.300,112.700,-0.311,-0.329,-9.692,0.00,0.00,54.40,0.00,
57.059,99,0.0,17.9,3.6,21.5,196,5091,3,5060,5029,104,3.7,4.2,4.2,4.2,2.7,0,12.42,12.42,88.6,191.2,72,0.99,756.0,658.1,17.5,0.95,99,61,61,17.443,-14.75,0,3,0.00,21.563,142.8442,52.500,-2.300,-2.300,-3.800,-2.300,0.000,0.000,9.850,217.7000,192.03,2.6813,2.0,347.00,345.600,0,0.00,0.00,131072.00,947.031,24.613,20.623,0.000,3.990,112.500,112.700,-0.091,-0.982,-13.488,0.00,0.00,54.69,0.00,
57.129,99,0.0,17.7,3.7,21.4,196,5137,3,5060,5062,104,4.5,4.7,4.7,4.7,3.2,0,12.48,12.47,87.8,191.2,72,0.99,760.0,658.3,17.4,0.96,99,62,62,17.307,-14.75,0,3,0.00,21.483,143.3276,52.200,-2.300,-2.300,-3.800,-1.500,0.000,0.000,9.850,216.8800,191.68,2.6798,2.0,348.80,348.000,0,0.00,0.00,131072.00,951.218,24.828,20.753,0.000,4.074,112.900,112.700,0.000,-1.409,-7.666,0.00,0.00,54.84,0.00,
57.199,99,0.0,17.6,3.7,21.4,195,5182,3,5060,5082,104,4.5,4.7,5.5,4.7,3.2,0,12.46,12.45,87.8,191.2,72,0.99,764.0,658.0,17.3,0.95,100,62,62,17.296,-14.75,0,3,0.00,21.402,143.7890,51.800,-2.300,-2.300,-3.800,-1.500,0.000,0.000,9.850,216.1400,191.05,2.6811,2.0,348.20,347.300,0,0.00,0.00,131072.00,956.687,24.994,20.916,0.000,4.078,113.000,112.700,0.091,-1.672,-4.388,0.00,0.00,54.84,0.00,
57.290,99,0.0,17.6,3.6,21.2,194,5218,3,5060,5047,104,4.5,4.7,5.5,4.7,3.2,0,12.46,12.46,88.2,190.5,72,0.99,768.0,670.3,17.3,0.95,100,63,62,17.520,-14.75,0,3,0.00,21.192,141.7236,52.400,-2.300,-2.300,-3.800,-1.500,0.000,0.000,9.850,214.5400,191.46,2.6851,2.0,346.90,347.400,0,0.00,0.00,131072.00,959.906,24.710,20.947,0.000,3.763,112.600,112.700,0.439,-1.806,8.056,0.00,0.00,54.69,0.00,
57.369,99,0.0,17.9,3.3,21.1,193,5253,3,5060,5070,104,4.5,4.7,5.5,4.7,3.2,0,12.56,12.56,88.6,191.2,72,0.99,776.0,673.3,17.4,0.96,100,63,60,17.552,-14.75,0,3,0.00,21.152,138.0322,52.800,-2.300,-2.300,-3.800,-1.500,0.000,0.000,9.850,214.2500,193.35,2.6889,2.0,344.00,345.300,0,0.00,0.00,131072.00,963.437,24.470,20.988,0.000,3.482,112.900,112.700,0.164,-1.177,16.796,0.00,0.00,54.69,0.00,
57.440,99,0.0,17.7,3.2,21.1,193,5286,3,5060,5049,104,3.7,4.2,5.0,4.2,2.7,0,12.42,12.38,89.4,191.2,72,0.99,784.0,676.0,17.5,0.96,100,64,59,17.486,-14.75,0,3,0.00,21.101,140.9985,52.400,-2.300,-2.300,-3.800,-1.500,0.000,0.000,9.850,213.8100,191.86,2.6913,2.0,345.50,346.600,0,0.00,0.00,131072.00,967.968,24.779,21.089,0.000,3.689,112.500,112.700,-0.439,-0.866,-1.843,0.00,0.00,54.69,0.00,
57.524,99,0.0,17.9,3.2,21.0,192,5343,3,5060,5050,104,3.7,4.2,5.5,4.2,3.2,0,12.42,12.42,89.0,191.2,72,0.99,792.0,680.2,17.5,0.96,100,64,60,17.434,-14.75,0,3,0.00,21.001,138.0981,52.500,-2.300,-2.300,-3.800,-1.500,0.000,0.000,9.850,213.0900,190.97,2.6923,2.0,342.00,345.800,0,0.00,0.00,131072.00,974.093,24.814,21.226,0.000,3.587,113.200,113.400,0.061,-0.946,-0.097,0.00,0.00,54.69,0.00,
57.599,99,0.0,17.6,3.3,20.8,190,5417,3,5060,5060,104,5.2,5.5,5.5,5.5,4.0,0,12.37,12.36,88.6,189.7,72,0.99,792.0,682.6,17.2,0.95,100,65,60,17.280,-14.75,0,3,0.00,20.911,141.0205,51.900,-1.500,-1.500,-3.000,-1.500,0.000,0.000,9.850,212.0700,189.92,2.6961,2.0,346.40,344.700,0,0.00,0.00,131072.00,983.031,25.060,21.417,0.000,3.642,113.800,113.500,0.128,-1.141,-5.023,0.00,0.00,54.98,0.00,
57.679,99,0.0,17.7,3.2,20.9,189,5400,3,5060,5034,104,5.2,5.5,5.5,5.5,4.0,0,12.44,12.45,88.6,190.5,72,0.99,796.0,681.7,17.3,0.95,100,65,60,17.183,-14.75,0,3,0.00,21.025,141.1743,52.200,-1.500,-1.500,-3.000,-1.500,0.000,0.000,9.850,212.2900,189.57,2.6994,2.0,346.80,346.400,0,0.00,0.00,131072.00,985.500,25.404,21.511,0.000,3.892,113.800,113.500,-0.543,-1.446,-12.799,0.00,0.00,54.98,0.00,
57.749,99,0.0,17.3,3.5,20.9,189,5446,3,5060,5070,104,6.0,6.0,6.0,5.5,4.5,0,12.44,12.43,88.2,187.5,72,0.99,788.0,680.1,16.9,0.95,100,66,62,17.108,-14.75,0,3,0.00,20.945,142.8881,51.400,-1.500,-1.500,-3.000,-1.500,0.000,0.000,9.850,211.5600,188.52,2.7023,2.0,345.60,347.300,0,0.00,0.00,131072.00,988.875,25.580,21.611,0.000,3.968,114.300,113.500,0.292,-2.026,-15.020,0.00,0.00,55.13,0.00,
57.820,99,0.0,17.7,3.5,20.8,189,5506,3,5060,5082,104,6.0,6.5,7.2,6.5,4.5,0,12.50,12.50,88.2,187.5,72,0.99,796.0,684.2,17.1,0.95,100,66,62,17.208,-14.75,0,3,0.00,20.925,139.8339,51.100,-1.500,-1.500,-3.000,-0.800,0.000,0.000,9.850,210.8300,187.85,2.7078,2.0,346.40,345.600,0,0.00,0.00,131072.00,994.562,25.605,21.750,0.000,3.855,113.300,113.500,0.842,-2.282,4.852,0.00,0.00,54.98,0.00,
57.899,99,0.0,17.5,3.2,20.8,188,5546,3,5060,5052,104,6.0,6.5,7.2,6.5,5.0,0,12.47,12.47,89.0,188.2,72,0.99,808.0,691.3,17.2,0.95,100,67,61,17.199,-14.75,0,3,0.00,20.882,141.1962,51.200,-1.500,-1.500,-3.000,-0.800,0.000,0.000,9.850,210.1000,187.28,2.7170,2.0,347.70,347.200,0,0.00,0.00,131072.00,1000.687,25.871,21.919,0.000,3.951,113.700,113.500,-0.250,-2.075,1.806,0.00,0.00,54.98,0.00,
57.979,99,0.0,17.6,3.2,20.9,187,5561,3,5060,5090,104,6.0,6.0,6.7,6.0,4.5,0,12.47,12.49,88.2,187.5,72,0.99,808.0,691.5,17.2,0.95,100,67,61,17.348,-14.75,0,3,0.00,20.947,140.1196,51.000,-1.500,-1.500,-3.000,-0.800,0.000,0.000,9.850,210.0300,188.42,2.7257,2.0,346.90,346.900,0,0.00,0.00,131072.00,1004.406,25.976,22.058,0.000,3.917,113.700,113.500,-0.207,-2.172,-3.924,0.00,0.00,54.84,0.00,
58.061,99,0.0,17.5,3.1,20.9,186,5608,3,5060,5044,104,6.0,6.0,6.7,6.0,4.5,0,12.47,12.49,89.4,187.5,72,0.99,812.0,697.8,17.3,0.95,100,68,61,17.471,-14.75,0,3,0.00,20.925,138.1860,51.100,-1.500,-1.500,-3.000,-0.800,0.000,0.000,9.850,209.3800,188.25,2.7354,2.0,344.90,345.300,0,0.00,0.00,131072.00,1009.687,26.042,22.220,0.000,3.822,113.300,113.500,-0.115,-2.111,-2.001,0.00,0.00,54.69,0.00,
58.129,99,0.0,17.7,3.0,20.9,186,5659,3,5060,5085,104,6.0,6.0,6.7,6.5,5.0,0,12.46,12.46,89.0,187.5,72,0.99,820.0,706.3,17.3,0.95,100,68,60,17.416,-14.75,0,3,0.00,20.954,139.0429,50.600,-1.500,-1.500,-3.000,-0.800,0.000,0.000,9.850,208.9400,187.08,2.7439,2.0,344.40,344.300,0,0.00,0.00,131072.00,1015.343,26.167,22.388,0.000,3.779,114.000,113.500,-0.341,-1.922,0.494,0.00,0.00,54.84,0.00,
58.209,99,0.0,17.8,3.0,21.0,186,5679,3,5060,5077,104,6.0,6.5,7.2,6.5,5.0,0,12.40,12.40,89.8,188.2,72,0.99,824.0,706.1,17.5,0.95,100,69,60,17.557,-14.75,0,3,0.00,20.934,138.9111,50.700,-0.800,-0.800,-2.300,-0.800,0.000,0.000,9.850,208.2900,187.18,2.7531,2.0,345.40,342.800,0,0.00,0.00,262144.00,1019.625,26.443,22.533,0.000,3.910,113.700,113.500,-0.164,-2.044,-4.986,0.00,0.00,54.69,0.00,
58.289,99,0.0,17.9,2.9,20.8,185,5735,3,5060,5034,104,6.7,7.2,7.2,7.2,5.7,0,12.52,12.53,89.0,187.5,72,0.99,832.0,708.6,17.5,0.95,100,69,61,17.464,-14.75,0,3,0.00,20.726,136.3403,51.000,-0.800,-0.800,-2.300,-0.800,0.000,0.000,9.850,206.2500,186.11,2.7623,2.0,345.40,344.400,0,0.00,0.00,262144.00,1021.812,26.044,22.539,0.000,3.505,113.900,114.200,-0.091,-2.081,6.744,0.00,0.00,54.69,0.00,
58.369,99,0.0,17.6,3.0,20.6,185,5779,3,5060,5026,104,7.5,7.7,7.7,7.7,6.2,0,12.41,12.41,89.0,184.5,72,0.99,824.0,715.5,17.2,0.95,100,70,61,17.418,-14.75,0,3,0.00,20.577,139.3066,50.900,-0.800,-0.800,-2.300,-0.800,0.000,0.000,9.850,204.2900,185.31,2.7709,2.0,343.20,342.200,0,0.00,0.00,262144.00,1021.437,25.845,22.431,0.000,3.414,114.600,114.300,0.280,-1.989,2.136,0.00,0.00,54.84,0.00,
58.449,99,0.0,17.9,2.5,20.5,185,5805,3,5060,5050,104,7.5,7.7,8.5,7.7,6.2,1,12.57,12.57,89.4,186.0,72,0.99,832.0,717.3,17.5,0.96,100,70,59,17.307,-14.75,0,3,0.00,20.387,138.5156,50.800,-0.800,-0.800,-2.300,-3.000,0.000,0.000,9.850,202.3900,183.56,2.7788,2.0,340.40,342.200,0,0.00,0.00,262144.00,1018.531,25.582,22.251,0.000,3.330,114.500,114.400,-0.457,-1.611,2.984,0.00,0.00,54.84,0.00,
58.539,99,0.0,17.6,2.6,20.3,185,5864,3,5060,5070,104,7.5,8.2,6.0,8.2,6.7,0,12.37,12.37,88.2,182.2,72,0.99,824.0,718.1,17.1,0.95,100,71,59,17.305,-14.75,0,3,0.00,20.233,139.8559,50.100,-0.800,-0.800,-2.300,-3.000,0.000,0.000,9.850,200.2900,183.01,2.7826,2.0,337.80,339.200,0,0.00,0.00,262144.00,1016.093,25.146,22.064,0.000,3.082,114.700,114.400,0.103,-1.519,4.071,0.00,0.00,54.84,0.00,
58.609,99,0.0,17.8,2.4,20.2,185,5905,3,5060,5070,104,7.5,8.2,6.5,8.2,7.2,0,12.61,12.57,88.2,183.0,72,0.99,836.0,715.6,17.4,0.96,100,71,59,17.142,-14.75,0,3,0.00,20.149,138.2739,50.200,-0.800,-0.800,-2.300,-3.000,0.000,0.000,9.850,198.9000,182.53,2.7858,2.0,340.10,340.300,0,0.00,0.00,262144.00,1015.531,24.845,21.966,0.000,2.878,114.300,114.400,-0.421,-1.147,4.528,0.00,0.00,55.13,0.00,
58.679,99,0.0,17.4,2.5,20.0,185,5917,3,5060,5064,104,9.0,9.2,7.0,8.7,7.2,0,12.39,12.38,88.2,180.7,72,0.99,828.0,711.2,17.1,0.95,100,72,59,16.981,-14.75,0,3,0.00,19.941,142.6245,49.600,-0.800,-0.800,-2.300,-3.000,0.000,0.000,9.850,197.0100,179.68,2.7865,2.0,339.20,339.000,0,0.00,0.00,262144.00,1012.125,24.892,21.771,0.000,3.121,114.500,114.400,-0.042,-1.184,-3.320,0.00,0.00,55.27,0.00,
58.749,99,0.0,17.1,2.6,19.8,185,5953,3,5060,5046,104,9.0,9.2,7.0,9.2,7.7,0,12.54,12.57,86.7,178.5,72,0.99,820.0,710.6,16.8,0.96,100,72,59,16.698,-14.75,0,3,0.00,19.722,142.7783,49.700,-0.800,-0.800,-2.300,-3.000,0.000,0.000,9.850,195.1900,177.35,2.7848,2.0,334.70,333.100,0,0.00,0.00,262144.00,1008.656,24.814,21.562,0.000,3.251,115.100,114.400,-0.024,-1.385,-5.694,0.00,0.00,55.56,0.00,
58.829,99,0.0,16.9,2.6,19.6,185,5996,3,5060,5060,104,9.0,9.2,7.0,9.2,7.7,0,12.53,12.52,85.9,176.2,72,0.99,820.0,712.5,16.6,0.96,100,73,59,16.501,-14.75,0,3,0.00,19.537,143.8110,49.500,-0.800,-0.800,-2.300,-3.000,0.000,0.000,9.850,193.3000,175.71,2.7813,2.0,330.70,331.600,0,0.00,0.00,262144.00,1005.875,24.576,21.353,0.000,3.222,114.600,114.400,0.036,-1.599,-2.844,0.00,0.00,55.71,0.00,
58.900,99,0.0,16.6,2.8,19.4,185,6031,4,5060,5055,104,9.0,9.5,8.0,9.5,9.5,0,12.52,12.53,84.7,174.0,72,0.99,812.0,711.0,16.3,0.97,100,73,59,16.397,-14.75,0,3,0.00,19.490,143.5693,49.400,0.000,0.000,-1.500,-3.000,0.000,0.000,9.850,192.2100,173.86,2.7778,2.0,327.00,329.200,0,0.00,0.00,262144.00,1004.343,24.486,21.226,0.000,3.259,114.800,114.400,0.079,-1.708,-2.648,0.00,0.00,55.85,0.00,
58.979,99,0.0,16.7,2.7,19.3,185,6052,4,5060,5054,104,10.5,10.8,8.5,10.5,10.0,0,12.53,12.51,84.3,170.2,72,0.99,800.0,709.1,15.8,0.97,77,73,59,16.403,-14.75,0,3,0.00,19.363,0.0000,34.800,0.000,0.000,-1.500,-3.000,0.000,0.000,9.850,190.9800,173.31,2.7719,2.0,81.00,81.800,0,4.00,4.00,262144.00,998.468,24.099,20.984,0.000,3.115,115.200,114.400,-11.907,0.000,-162.115,0.00,0.00,55.85,0.00,
59.049,99,0.0,17.1,2.3,19.2,185,5507,4,5060,5110,104,-0.7,-1.4,0.7,-1.5,-1.5,0,13.23,15.19,84.3,176.2,72,0.99,764.0,682.3,16.2,1.00,75,74,71,16.757,-14.75,0,3,0.00,19.089,172.7050,35.100,0.000,0.000,-1.500,-3.000,0.000,0.000,9.850,192.7900,181.77,2.7694,2.0,99.70,105.800,0,4.00,4.00,262144.00,952.906,22.085,19.681,0.000,2.404,116.900,114.000,0.585,0.000,15.686,0.00,0.00,55.42,0.00,
59.119,99,0.0,16.9,1.9,19.2,185,4846,4,5060,5013,104,8.2,8.5,5.5,9.0,7.5,0,19.11,19.11,85.1,177.7,72,0.99,676.0,605.3,16.2,1.00,71,74,64,16.807,-14.75,0,3,0.00,19.709,157.5659,53.900,-3.000,0.000,-1.500,-3.000,0.000,0.000,9.850,197.9600,177.56,2.7746,2.0,364.80,359.700,0,0.00,0.00,131072.00,876.906,19.228,16.939,0.000,2.289,113.100,112.900,-3.186,0.000,54.205,0.00,0.00,55.42,0.00,
59.189,99,0.0,17.1,2.9,20.4,186,4902,4,5060,5249,104,5.2,5.5,6.0,5.5,7.5,0,19.11,15.74,81.2,178.5,72,0.99,672.0,608.9,16.4,1.00,69,75,62,16.449,-14.75,0,3,0.00,20.499,158.4228,50.300,-3.000,-3.000,-4.500,-3.000,0.000,0.000,9.850,202.3200,178.18,2.7432,2.0,348.70,357.400,0,0.00,0.00,131072.00,853.156,20.845,16.398,0.000,4.447,111.300,112.300,-1.794,-0.219,-34.863,0.00,0.00,55.71,0.00,
59.274,99,0.0,16.9,3.4,20.4,186,4898,4,5060,5095,104,5.2,5.5,5.5,5.5,4.0,0,12.74,12.74,82.0,180.0,72,0.99,684.0,614.9,16.2,1.00,71,75,66,16.673,-14.75,0,3,0.00,20.131,152.6220,51.900,-3.000,-3.000,-4.500,-3.000,0.000,0.000,9.850,204.6500,183.66,2.7145,2.0,351.80,356.700,0,0.00,0.00,131072.00,856.437,20.814,16.607,0.000,4.207,110.800,112.100,0.982,0.012,11.700,0.00,0.00,55.56,0.00,
59.349,99,0.0,17.2,2.8,19.9,186,4948,4,5060,5100,104,4.5,5.0,5.0,5.0,3.5,0,12.50,12.46,84.7,186.0,72,0.99,708.0,631.3,16.4,1.00,72,76,60,16.913,-14.75,0,3,0.00,19.995,147.4584,52.400,-3.000,-3.000,-4.500,-3.000,0.000,0.000,9.850,207.1900,187.66,2.6958,2.0,351.40,353.900,0,0.00,0.00,131072.00,869.562,19.451,16.966,0.000,2.484,111.200,112.000,-0.085,0.000,14.947,0.00,0.00,55.27,0.00,
59.419,99,0.0,17.3,2.5,20.1,186,4955,4,5060,5119,104,4.5,4.5,4.5,4.5,3.0,0,12.33,12.33,85.5,188.2,72,0.99,720.0,628.5,16.8,1.00,82,76,59,16.945,-14.75,0,3,0.00,20.289,145.3051,51.600,-3.000,-3.000,-4.500,-3.000,0.000,0.000,9.850,209.8100,186.98,2.6746,2.0,352.10,354.600,0,0.00,0.00,262144.00,883.687,20.812,17.535,0.000,3.277,111.400,112.600,-0.891,-0.018,-10.101,0.00,0.00,55.27,0.00,
59.500,99,0.0,17.1,3.1,20.3,186,4971,4,5060,5064,104,4.5,4.5,4.5,4.5,3.0,0,12.12,12.12,85.9,189.0,72,0.99,724.0,624.6,16.7,0.96,91,76,63,16.725,-14.75,0,3,0.00,20.494,148.0517,52.100,-3.000,-3.000,-4.500,-3.000,0.000,0.000,9.850,212.2100,188.56,2.6521,2.0,351.60,352.700,0,0.00,0.00,262144.00,899.093,22.634,18.216,0.000,4.417,112.000,112.700,-0.659,0.000,-30.072,0.00,0.00,55.42,0.00,
59.579,99,0.0,17.2,3.4,20.6,187,5008,4,5060,5075,104,4.5,5.0,5.0,5.0,3.5,0,12.43,12.42,85.9,188.2,72,0.99,728.0,632.9,16.8,0.97,97,77,66,17.174,-14.75,0,3,0.00,20.896,145.7006,52.200,-3.000,-3.000,-4.500,-3.000,0.000,0.000,9.850,214.3900,190.71,2.6443,2.0,347.70,349.000,0,0.00,0.00,131072.00,915.031,24.302,18.978,0.000,5.324,112.500,112.700,-0.311,0.000,-15.435,0.00,0.00,54.98,0.00,
59.649,99,0.0,17.7,3.4,21.1,187,5039,4,5060,5041,104,4.5,4.5,4.5,4.5,3.0,0,12.28,12.30,87.1,191.2,72,0.99,744.0,648.5,17.2,0.96,99,77,68,17.770,-14.75,0,3,0.00,21.304,144.0307,52.700,-3.000,-3.000,-4.500,-2.300,0.000,0.000,9.850,216.6500,193.48,2.6489,2.0,347.00,346.800,0,0.00,0.00,131072.00,929.968,25.982,19.751,0.000,6.230,112.900,112.700,0.427,0.000,-10.778,0.00,0.00,54.40,0.00,
59.729,99,0.0,18.5,3.2,21.4,187,5061,4,5060,5115,104,3.0,3.5,4.2,3.5,2.5,0,12.41,12.41,88.6,191.2,72,0.99,768.0,674.8,17.9,0.96,99,77,68,18.907,-14.75,0,3,0.00,21.478,135.5273,53.400,-3.000,-3.000,-4.500,-2.300,0.000,0.000,9.850,218.0300,201.35,2.6647,2.0,347.20,346.900,0,0.00,0.00,131072.00,945.781,25.431,20.558,0.000,4.873,112.300,112.700,1.635,0.000,37.976,0.00,0.00,53.24,0.00,
59.809,99,0.0,19.5,2.0,21.5,187,5088,4,5060,5064,104,2.2,2.5,3.2,2.5,1.0,0,12.41,12.41,92.9,191.2,72,0.99,804.0,696.5,19.1,0.96,99,78,62,19.516,-14.75,0,3,0.00,21.491,131.0009,54.000,-3.000,-3.000,-4.500,-2.300,0.000,0.000,9.850,217.8400,206.63,2.6865,2.0,346.10,346.800,0,0.00,0.00,131072.00,955.031,24.080,21.000,0.000,3.080,111.300,112.700,-0.244,0.000,20.343,0.00,0.00,52.66,0.00,
59.879,99,0.0,19.9,1.5,21.4,188,5115,4,5060,5042,104,1.5,2.0,2.7,2.0,0.5,0,12.39,12.40,94.5,191.2,72,0.99,820.0,695.8,19.5,0.95,99,78,59,19.603,-14.75,0,3,0.00,21.429,128.4301,54.400,-3.000,-3.000,-4.500,-2.300,0.000,0.000,9.850,217.6700,207.51,2.6984,2.0,344.00,344.100,0,0.00,0.00,131072.00,959.906,23.564,21.195,0.000,2.369,112.300,112.700,-0.384,0.000,10.687,0.00,0.00,52.66,0.00,
59.949,99,0.0,19.7,1.5,21.3,188,5138,4,5060,5077,104,1.5,2.0,2.7,2.0,0.5,0,12.41,12.41,94.9,191.2,72,0.99,820.0,695.2,19.4,0.95,99,78,58,19.326,-14.75,0,3,0.00,21.357,130.5395,53.900,-3.000,-3.000,-4.500,-2.300,0.000,0.000,9.850,217.1800,205.62,2.7053,2.0,344.10,346.000,0,0.00,0.00,131072.00,963.375,23.634,21.269,0.000,2.365,112.400,112.700,-0.256,0.201,6.134,0.00,0.00,52.81,0.00,
60.029,99,0.0,19.4,1.7,21.3,188,5170,4,5060,5062,104,2.2,2.5,3.2,2.5,1.0,0,12.39,12.39,94.5,191.2,72,0.99,812.0,689.7,19.1,0.95,99,78,58,19.052,-14.75,0,3,0.00,21.231,131.9458,53.300,-3.000,-3.000,-4.500,-2.300,0.000,0.000,9.850,216.3000,203.05,2.7105,2.0,342.10,341.300,0,0.00,0.00,131072.00,967.718,23.951,21.355,0.000,2.595,112.300,112.700,-0.024,0.341,2.447,0.00,0.00,53.10,0.00,
60.100,99,0.0,19.0,2.0,21.1,188,5216,4,5060,5102,104,3.0,3.0,3.7,3.0,1.5,0,12.43,12.43,93.3,191.2,72,0.99,812.0,686.3,18.6,0.95,99,79,58,18.603,-14.75,0,3,0.00,21.215,135.0439,52.800,-3.000,-3.000,-4.500,-2.300,0.000,0.000,9.850,216.0800,201.42,2.7142,2.0,343.90,343.800,0,0.00,0.00,131072.00,972.625,24.117,21.449,0.000,2.667,112.600,112.700,-0.024,0.384,1.031,0.00,0.00,53.53,0.00,
60.169,99,0.0,18.8,2.2,21.2,188,5156,4,5060,5069,104,3.0,3.7,3.7,3.7,1.5,0,12.40,12.40,92.9,191.2,72,0.99,800.0,679.7,18.5,0.94,99,80,59,18.388,-14.75,0,3,0.00,21.340,136.8676,52.800,-2.300,-2.300,-3.800,-2.300,0.000,0.000,9.850,216.5800,199.26,2.7157,2.0,346.70,344.500,0,0.00,0.00,131072.00,970.125,24.632,21.410,0.000,3.222,112.800,112.700,-0.238,0.286,-7.513,0.00,0.00,53.82,0.00,
60.258,99,0.0,18.5,2.5,21.2,188,5211,4,5060,5095,104,3.7,4.2,4.2,4.2,2.7,0,12.46,12.46,91.7,191.2,72,0.99,796.0,675.7,18.2,0.94,99,80,59,17.903,-14.75,0,3,0.00,21.221,139.4384,51.700,-2.300,-2.300,-3.800,-2.300,0.000,0.000,9.850,215.4900,195.06,2.7153,2.0,348.70,346.700,0,0.00,0.00,131072.00,972.593,25.070,21.462,0.000,3.607,113.300,112.700,-0.067,-0.268,-12.567,0.00,0.00,54.26,0.00,
60.343,99,0.0,18.0,3.0,21.0,188,5257,4,5060,5042,104,4.5,4.7,4.7,4.7,3.2,0,12.41,12.46,90.2,191.2,72,0.99,784.0,673.0,17.6,0.94,99,80,60,17.668,-14.75,0,3,0.00,21.114,140.2514,52.500,-2.300,-2.300,-3.800,-2.300,0.000,0.000,9.850,214.2500,193.36,2.7154,2.0,347.60,347.300,0,0.00,0.00,131072.00,974.875,24.814,21.472,0.000,3.341,113.100,112.700,0.189,-0.811,-2.758,0.00,0.00,54.55,0.00,
60.419,99,0.0,17.8,2.9,21.1,189,5290,4,5060,5046,104,4.5,4.7,4.7,4.7,3.2,0,12.58,12.57,89.8,191.2,72,0.99,788.0,672.6,17.7,0.95,99,80,59,17.679,-14.75,0,3,0.00,21.096,139.8120,52.100,-2.300,-2.300,-3.800,-2.300,0.000,0.000,9.850,213.7400,192.75,2.7161,2.0,345.40,346.100,0,0.00,0.00,131072.00,978.093,25.007,21.544,0.000,3.462,112.900,112.900,0.079,-0.726,1.800,0.00,0.00,54.55,0.00,
60.489,99,0.0,17.9,3.2,21.0,188,5329,4,5060,5087,104,4.5,5.2,5.2,5.2,3.7,0,12.39,12.39,89.0,191.2,72,0.99,788.0,674.2,17.4,0.94,99,81,60,17.364,-14.75,0,3,0.00,21.059,142.9101,51.800,-2.300,-2.300,-3.800,-2.300,0.000,0.000,9.850,213.1600,190.75,2.7166,2.0,347.70,348.400,0,0.00,0.00,131072.00,981.500,25.308,21.615,0.000,3.693,113.500,113.400,-0.134,-0.872,-7.525,0.00,0.00,54.84,0.00,
60.580,99,0.0,17.7,3.3,21.0,189,5308,4,5060,5032,104,4.5,5.2,5.2,5.2,3.7,0,12.52,12.52,89.0,189.0,72,0.99,776.0,669.2,17.3,0.95,100,81,61,17.332,-14.75,0,3,0.00,21.188,142.7124,52.000,-2.300,-2.300,-3.800,-2.300,0.000,0.000,9.850,213.2300,190.56,2.7160,2.0,346.60,347.900,0,0.00,0.00,131072.00,981.468,25.589,21.634,0.000,3.955,113.700,113.500,0.085,-1.464,-10.333,0.00,0.00,54.84,0.00,
60.649,99,0.0,17.5,3.6,21.1,188,5337,4,5060,5046,106,4.5,5.2,5.2,5.7,4.2,0,12.48,12.48,87.8,188.2,72,0.99,776.0,668.1,17.1,0.95,100,82,63,17.373,-14.75,0,3,0.00,21.172,144.4482,51.700,-2.300,-2.300,-3.800,-1.500,0.000,0.000,9.850,212.7200,188.47,2.7164,2.0,347.30,348.700,0,0.00,0.00,131072.00,982.531,26.048,21.691,0.000,4.357,113.800,113.500,0.726,-2.117,-13.500,0.00,0.00,54.84,0.00,
60.732,99,0.0,17.7,3.3,21.1,188,5374,4,5060,5069,106,4.5,5.2,6.0,5.2,3.7,0,12.51,12.51,87.8,189.7,72,0.99,788.0,675.0,17.4,0.95,100,82,62,17.439,-14.75,0,3,0.00,21.208,142.5805,51.900,-2.300,-2.300,-3.800,-1.500,0.000,0.000,9.850,212.5000,189.53,2.7208,2.0,346.50,346.600,0,0.00,0.00,131072.00,985.750,26.074,21.802,0.000,4.271,114.000,113.500,-0.213,-2.288,-0.207,0.00,0.00,54.69,0.00,
60.829,99,0.0,18.1,3.2,21.2,188,5388,4,5060,5065,106,4.5,4.7,5.5,4.7,3.2,0,12.47,12.47,89.0,190.5,72,0.99,792.0,689.8,17.6,0.95,100,82,62,17.955,-14.75,0,3,0.00,21.318,138.6474,52.400,-2.300,-2.300,-3.800,-1.500,0.000,0.000,9.850,212.5800,192.45,2.7314,2.0,342.10,341.900,0,0.00,0.00,131072.00,989.875,25.669,21.951,0.000,3.718,113.800,113.500,0.415,-1.934,10.955,0.00,0.00,54.26,0.00,
60.929,99,0.0,18.4,3.1,21.3,188,5429,4,5060,5083,106,4.5,4.7,5.5,4.7,3.2,0,12.50,12.49,89.4,191.2,72,0.99,800.0,693.4,17.8,0.95,100,83,61,18.060,-14.75,0,3,0.00,21.260,139.1528,51.800,-2.300,-2.300,-3.800,-1.500,0.000,0.000,9.850,211.8500,193.08,2.7410,2.0,341.90,343.900,0,0.00,0.00,131072.00,995.218,25.759,22.115,0.000,3.644,113.900,113.500,-0.115,-1.544,4.309,0.00,0.00,54.11,0.00,
60.999,24,0.0,18.3,2.9,11.8,188,5444,4,5060,5052,106,3.7,4.2,5.0,4.2,2.7,0,12.47,12.47,90.2,191.2,72,0.99,808.0,698.2,17.9,0.95,100,83,70,18.286,-14.75,0,3,0.00,8.332,137.4169,52.100,-2.300,-2.300,-3.800,-1.500,0.000,0.000,9.347,140.9200,191.00,2.7528,2.0,331.90,318.500,0,0.00,0.00,131072.00,877.343,13.464,16.033,0.000,-2.568,113.500,113.200,15.148,0.000,199.993,0.00,0.00,53.97,0.00,
61.079,0,0.0,19.5,0.0,1.5,188,5440,4,5060,5047,106,-2.2,-2.3,-2.4,-2.0,-2.0,0,12.51,12.53,88.6,170.2,72,0.99,756.0,698.4,16.6,0.96,35,84,45,10.483,-14.75,0,3,0.00,0.065,200.0390,40.400,-3.800,-3.800,-3.800,-3.800,0.000,0.000,5.096,15.4200,74.72,2.6804,2.0,286.00,216.900,0,0.00,0.00,131072.00,463.750,2.435,3.267,0.000,-0.832,112.200,111.200,-0.427,-0.677,-47.900,0.00,0.00,61.65,0.00,
61.190,0,0.0,24.2,0.0,0.0,188,5318,4,4842,5313,106,33.7,34.2,29.2,34.2,26.7,0,12.23,12.23,13.6,19.5,72,0.99,80.0,227.4,1.9,1.00,2,84,46,0.440,-14.75,0,3,0.00,0.003,316.7578,6.100,0.000,0.000,0.000,0.000,0.000,0.000,2.276,15.2200,13.83,1.8048,2.0,-23.40,-28.600,0,0.00,0.00,131072.00,142.687,0.019,0.259,0.000,-0.240,119.700,116.400,0.213,-1.947,-10.327,0.00,0.00,71.80,0.00,
61.261,0,0.0,14.9,0.0,0.2,188,5311,4,4920,4794,106,13.5,14.0,14.0,14.0,14.0,0,14.20,14.33,6.2,15.0,72,0.99,60.0,140.4,-2.5,1.10,6,84,47,-0.280,-14.75,0,3,0.00,0.712,0.0000,24.000,0.000,0.000,0.000,0.000,0.000,0.000,3.005,20.0000,20.00,1.3325,2.0,-42.70,-47.600,0,0.00,0.00,131072.00,104.437,0.000,0.169,0.000,-0.181,119.500,115.100,0.360,-1.983,9.155,0.00,0.00,72.53,0.00,
61.329,0,0.0,13.6,0.0,0.7,188,5444,4,4936,4707,106,11.2,11.5,11.5,11.5,11.5,0,15.78,16.11,8.9,21.0,72,0.99,88.0,166.2,-0.3,1.00,10,84,45,0.739,-14.75,0,3,0.00,0.718,0.0000,24.800,0.000,0.000,0.000,0.000,0.000,0.000,2.793,20.0000,21.67,1.1197,2.0,-47.60,-48.200,0,0.00,0.00,131072.00,95.218,0.000,0.158,0.000,-0.169,119.200,114.600,-0.280,-1.190,11.791,0.00,0.00,71.51,0.00,
61.410,0,0.0,10.8,0.0,0.7,188,5375,4,4948,4758,106,10.5,11.0,11.0,11.0,11.0,0,19.11,19.11,9.7,21.0,72,0.99,84.0,168.2,0.5,1.00,8,84,46,0.868,-14.75,0,3,0.00,0.718,0.0000,25.900,0.000,0.000,0.000,0.000,0.000,0.000,2.425,20.0000,20.12,1.0331,2.0,-47.20,-47.400,0,0.00,0.00,131072.00,91.250,0.000,0.152,0.000,-0.166,118.500,114.500,-0.164,-0.964,-2.856,0.00,0.00,71.37,0.00,
61.489,0,0.0,8.0,0.0,0.7,187,5338,4,4958,4817,106,11.2,11.5,11.5,11.5,11.5,0,19.11,19.11,9.3,19.5,72,0.99,80.0,157.2,-0.3,1.00,8,84,99,0.664,-14.75,0,3,0.00,0.718,0.0000,25.800,0.000,0.000,0.000,0.000,0.000,0.000,2.397,20.0000,19.61,1.0247,2.0,-47.70,-47.500,0,0.00,0.00,131072.00,89.656,0.000,0.152,0.000,-0.164,117.800,114.400,5.297,0.000,-200.000,0.00,0.00,71.51,0.00,
61.559,0,0.0,7.1,0.0,0.7,188,5383,4,4965,4852,106,12.0,12.0,12.0,12.0,12.0,0,19.11,19.11,8.9,19.5,72,0.99,80.0,111.4,-0.3,1.00,10,83,99,1.117,-14.75,0,3,0.00,0.719,0.0000,26.200,0.000,0.000,0.000,0.000,0.000,0.000,2.411,20.0000,20.26,1.0279,2.0,-48.50,-48.400,0,0.00,0.00,131072.00,89.468,0.000,0.152,0.000,-0.164,116.800,114.400,5.181,0.000,-200.000,0.00,0.00,71.08,0.00,
61.629,0,0.0,6.4,0.0,0.7,188,5355,4,4970,4911,106,11.2,11.5,11.5,11.5,11.5,0,19.11,19.11,9.3,19.5,72,0.99,80.0,103.5,-0.2,1.00,9,83,99,1.081,-14.75,0,3,0.00,0.719,0.0000,25.000,0.000,0.000,0.000,0.000,0.000,0.000,2.386,20.0000,19.62,1.0346,2.0,-48.50,-48.300,0,0.00,0.00,131072.00,89.312,0.000,0.152,0.000,-0.164,116.600,114.400,4.272,-0.158,-46.582,0.00,0.00,71.08,0.00,
61.709,0,0.0,5.9,0.0,0.7,187,5324,4,4973,4919,106,11.2,11.5,11.5,11.5,11.5,0,19.11,19.11,8.9,18.7,72,0.99,80.0,117.8,-0.3,1.00,10,83,99,1.092,-14.75,0,3,0.00,0.721,0.0000,25.000,0.000,0.000,0.000,0.000,0.000,0.000,2.377,20.0000,19.50,1.0443,2.0,-48.40,-48.300,0,0.00,0.00,131072.00,88.843,0.000,0.152,0.000,-0.162,116.300,114.400,4.272,-0.158,-46.582,0.00,0.00,71.08,0.00,
61.792,0,0.0,5.4,0.0,0.7,188,5343,4,4976,4930,106,12.0,12.0,12.0,12.0,12.0,0,19.11,19.11,8.9,19.5,72,0.99,80.0,91.9,-0.1,1.00,10,83,99,1.049,-14.75,0,3,0.00,0.721,0.0000,25.000,0.000,0.000,0.000,0.000,0.000,0.000,2.397,20.0000,19.55,1.0521,2.0,-48.40,-48.400,0,0.00,0.00,131072.00,88.843,0.000,0.152,0.000,-0.162,116.200,114.400,4.272,-0.158,-46.582,0.00,0.00,71.08,0.00,
61.870,0,0.0,5.1,0.0,0.7,188,5323,4,4978,4940,106,11.2,11.5,11.5,11.5,11.5,0,19.11,19.11,8.9,18.7,72,0.99,80.0,92.1,0.0,1.00,10,83,99,0.904,-14.75,0,3,0.00,0.719,0.0000,25.000,0.000,0.000,0.000,0.000,0.000,0.000,2.397,20.0000,19.40,1.0576,2.0,-48.10,-47.900,0,0.00,0.00,131072.00,88.656,0.000,0.152,0.000,-0.162,115.700,114.400,4.272,-0.158,-46.582,0.00,0.00,71.22,0.00,
61.949,0,0.0,4.7,0.0,0.7,188,5307,4,4979,4949,106,11.2,11.5,11.5,11.5,11.5,0,19.11,19.11,8.9,18.7,72,0.99,76.0,86.6,0.0,1.00,10,83,99,0.775,-14.75,0,3,0.00,0.719,0.0000,25.000,0.000,0.000,0.000,0.000,0.000,0.000,2.411,20.0000,19.38,1.0617,2.0,-48.00,-47.900,0,0.00,0.00,131072.00,88.406,0.000,0.152,0.000,-0.162,115.600,114.400,4.272,-0.158,-46.582,0.00,0.00,71.37,0.00,
62.019,0,0.0,4.4,0.0,0.7,188,5299,4,4980,4955,106,11.2,11.5,11.5,11.5,11.5,0,19.11,19.11,8.9,18.7,72,0.99,76.0,80.5,0.0,1.00,11,82,99,0.709,-14.75,0,3,0.00,0.721,0.0000,25.000,0.000,0.000,0.000,0.000,0.000,0.000,2.411,20.0000,19.50,1.0646,2.0,-48.80,-47.600,0,0.00,0.00,131072.00,88.218,0.000,0.152,0.000,-0.162,115.600,114.400,4.272,-0.158,-46.582,0.00,0.00,71.51,0.00,
62.091,0,0.0,4.2,0.0,0.7,188,5282,4,4981,4962,106,11.2,11.5,11.5,11.5,11.5,0,19.11,19.11,8.9,19.5,72,0.99,76.0,69.2,0.1,1.00,11,82,99,0.680,-14.75,0,3,0.00,0.721,0.0000,25.000,0.000,0.000,0.000,0.000,0.000,0.000,2.411,20.0000,19.55,1.0673,2.0,-48.70,-48.600,0,0.00,0.00,131072.00,88.031,0.000,0.152,0.000,-0.162,115.300,114.400,4.272,-0.158,-46.582,0.00,0.00,71.51,0.00,
62.179,0,0.0,4.0,0.0,0.7,188,5287,4,4981,4970,106,11.2,11.5,11.5,11.5,11.5,0,19.11,19.11,8.9,19.5,72,0.99,76.0,65.8,0.1,1.00,11,82,99,0.526,-14.75,0,3,0.00,0.721,0.0000,25.000,0.000,0.000,0.000,0.000,0.000,0.000,2.425,20.0000,19.41,1.0692,2.0,-48.50,-48.400,0,0.00,0.00,131072.00,87.968,0.000,0.152,0.000,-0.162,115.400,114.400,4.272,-0.158,-46.582,0.00,0.00,71.66,0.00,
62.270,0,0.0,3.8,0.0,0.7,188,5272,4,4981,4977,106,11.2,11.5,11.5,11.5,11.5,0,19.11,19.11,8.9,18.7,72,0.99,76.0,71.7,0.0,1.00,11,82,99,0.379,-14.75,0,3,0.00,0.721,0.0000,24.900,0.000,0.000,0.000,0.000,0.000,0.000,2.440,20.0000,19.45,1.0709,2.0,-48.30,-48.200,0,0.00,0.00,131072.00,87.812,0.000,0.152,0.000,-0.162,115.200,114.400,4.272,-0.158,-46.582,0.00,0.00,71.80,0.00,
62.340,0,0.0,3.6,0.0,0.7,188,5254,4,4981,4985,106,11.2,11.5,11.5,11.5,11.5,0,19.11,19.11,8.9,19.5,72,0.99,76.0,67.9,0.0,1.00,11,82,99,0.290,-14.75,0,3,0.00,0.721,0.0000,24.900,0.000,0.000,0.000,0.000,0.000,0.000,2.459,20.0000,19.52,1.0728,2.0,-47.30,-47.500,0,0.00,0.00,131072.00,87.531,0.000,0.152,0.000,-0.162,114.700,114.400,4.272,-0.158,-46.582,0.00,0.00,71.95,0.00,
62.420,0,0.0,3.4,0.0,0.7,188,5251,4,4983,4990,106,11.2,11.5,11.5,11.5,11.5,0,19.11,19.11,8.9,18.7,72,0.99,76.0,64.4,0.0,1.00,11,82,99,0.213,-14.75,0,3,0.00,0.721,0.0000,24.900,0.000,0.000,0.000,0.000,0.000,0.000,2.473,20.0000,19.55,1.0745,2.0,-47.10,-47.100,0,0.00,0.00,131072.00,87.406,0.000,0.152,0.000,-0.152,114.600,114.400,4.272,-0.158,-46.582,0.00,0.00,71.95,0.00,
62.500,0,0.0,3.3,0.0,0.7,188,5226,4,4983,4994,106,11.2,11.5,11.5,11.5,11.5,0,19.11,19.11,8.9,19.5,72,0.99,76.0,67.1,0.0,1.00,11,81,99,0.168,-14.75,0,3,0.00,0.721,0.0000,24.900,0.000,0.000,0.000,0.000,0.000,0.000,2.473,20.0000,19.53,1.0755,2.0,-46.80,-46.700,0,0.00,0.00,131072.00,87.093,0.005,0.152,0.000,-0.146,114.700,114.400,4.272,-0.158,-46.582,0.00,0.00,72.09,0.00,
62.580,0,0.0,3.2,0.0,0.7,188,5223,4,4983,5001,106,11.2,11.5,11.5,11.5,11.5,0,19.11,19.11,8.9,19.5,72,0.99,76.0,66.4,0.0,1.00,11,81,99,0.130,-14.75,0,3,0.00,0.720,0.0000,24.900,0.000,0.000,0.000,0.000,0.000,0.000,2.488,20.0000,19.57,1.0755,2.0,-48.10,-48.000,0,0.00,0.00,131072.00,86.937,0.011,0.152,0.000,-0.140,114.800,114.400,4.272,-0.158,-46.582,0.00,0.00,72.09,0.00,
62.650,0,0.0,3.1,0.0,0.7,188,5224,4,4983,5004,106,11.2,11.5,11.5,11.5,11.5,0,19.11,19.11,8.9,19.5,72,0.99,76.0,66.5,0.0,1.00,12,81,99,0.095,-14.75,0,3,0.00,0.723,0.0000,24.900,0.000,0.000,0.000,0.000,0.000,0.000,2.503,20.0000,19.60,1.0755,2.0,-47.90,-47.800,0,0.00,0.00,131072.00,86.937,0.017,0.152,0.000,-0.134,114.700,114.400,4.272,-0.158,-46.582,0.00,0.00,72.09,0.00,
62.719,0,0.0,3.0,0.0,0.7,188,5196,4,4983,5009,106,10.5,11.0,11.0,11.0,11.0,0,19.11,19.11,8.9,19.5,72,0.99,76.0,65.9,0.0,1.00,12,81,99,0.061,-14.75,0,3,0.00,0.723,0.0000,24.900,0.000,0.000,0.000,0.000,0.000,0.000,2.503,20.0000,19.57,1.0755,2.0,-47.20,-47.400,0,0.00,0.00,131072.00,86.656,0.023,0.152,0.000,-0.128,114.700,114.400,4.272,-0.158,-46.582,0.00,0.00,72.09,0.00,
62.809,0,0.0,3.0,0.0,0.7,188,5196,4,4983,5015,106,10.5,11.0,11.0,11.0,11.0,0,19.11,19.11,8.9,19.5,72,0.99,76.0,66.8,0.0,1.00,12,81,99,0.021,-14.75,0,3,0.00,0.723,0.0000,24.900,0.000,0.000,0.000,0.000,0.000,0.000,2.522,20.0000,19.65,1.0755,2.0,-46.70,-46.700,0,0.00,0.00,131072.00,86.500,0.027,0.152,0.000,-0.125,114.400,114.400,4.272,-0.158,-46.582,0.00,0.00,72.24,0.00,
62.889,0,0.0,2.9,0.0,0.7,188,5199,4,4983,5019,106,10.5,11.0,11.0,11.0,11.0,0,19.11,19.11,8.9,19.5,72,0.99,76.0,69.1,0.0,1.00,12,81,99,-0.015,-14.75,0,3,0.00,0.723,0.0000,24.900,0.000,0.000,0.000,0.000,0.000,0.000,2.536,20.0000,19.75,1.0755,2.0,-46.70,-46.700,0,0.00,0.00,131072.00,86.468,0.029,0.152,0.000,-0.123,114.200,114.400,4.272,-0.158,-46.582,0.00,0.00,72.24,0.00,
62.969,0,0.0,2.9,0.0,0.7,188,5183,4,4983,5024,106,10.5,11.0,11.0,11.0,11.0,0,19.11,19.11,8.9,19.5,72,0.99,76.0,69.4,0.0,1.00,12,81,99,-0.035,-14.75,0,3,0.00,0.723,0.0000,24.900,0.000,0.000,0.000,0.000,0.000,0.000,2.536,20.0000,19.75,1.0755,2.0,-46.70,-46.700,0,0.00,0.00,131072.00,86.281,0.033,0.152,0.000,-0.119,114.400,114.400,4.272,-0.158,-46.582,0.00,0.00,72.24,0.00,
63.041,0,0.0,2.8,0.0,0.7,188,5176,4,4983,5028,106,10.5,11.0,11.0,11.0,11.0,0,19.11,19.11,8.9,19.5,72,0.99,76.0,69.7,0.0,1.00,12,80,99,-0.046,-14.75,0,3,0.00,0.723,0.0000,24.900,0.000,0.000,0.000,0.000,0.000,0.000,2.536,20.0000,19.75,1.0755,2.0,-46.70,-46.700,0,0.00,0.00,131072.00,86.125,0.037,0.152,0.000,-0.115,114.300,114.400,4.272,-0.158,-46.582,0.00,0.00,72.24,0.00,
63.109,0,0.0,2.8,0.0,0.7,188,5154,4,4983,5032,106,10.5,10.5,10.5,10.5,10.5,0,19.11,19.11,8.9,19.5,72,0.99,76.0,68.1,0.0,1.00,12,80,99,-0.046,-14.75,0,3,0.00,0.723,0.0000,24.900,0.000,0.000,0.000,0.000,0.000,0.000,2.536,20.0000,19.76,1.0755,2.0,-46.50,-46.500,0,0.00,0.00,131072.00,85.843,0.039,0.152,0.000,-0.113,114.500,114.400,4.272,-0.158,-46.582,0.00,0.00,72.24,0.00,
63.179,0,0.0,2.7,0.0,0.7,188,5160,4,4983,5036,106,10.5,10.5,10.5,10.5,10.5,0,19.11,19.11,8.9,19.5,72,0.99,76.0,67.8,0.0,1.00,12,80,99,-0.046,-14.75,0,3,0.00,0.723,0.0000,24.900,0.000,0.000,0.000,0.000,0.000,0.000,2.536,20.0000,19.73,1.0755,2.0,-46.70,-46.600,0,0.00,0.00,131072.00,85.718,0.041,0.152,0.000,-0.111,114.300,114.400,4.272,-0.158,-46.582,0.00,0.00,72.24,0.00,
63.265,0,0.0,2.7,0.0,0.7,188,5151,4,4983,5039,106,10.5,10.5,10.5,10.5,10.5,0,19.11,19.11,8.9,19.5,72,0.99,76.0,67.7,0.0,1.00,12,80,99,-0.060,-14.75,0,3,0.00,0.723,0.0000,24.900,0.000,0.000,0.000,0.000,0.000,0.000,2.536,20.0000,19.75,1.0755,2.0,-46.70,-46.700,0,0.00,0.00,131072.00,85.656,0.042,0.152,0.000,-0.109,114.500,114.400,4.272,-0.158,-46.582,0.00,0.00,72.24,0.00,
63.342,0,0.0,2.7,0.0,0.7,188,5145,4,4983,5042,106,10.5,10.5,10.5,10.5,10.5,0,19.11,19.11,8.9,19.5,72,0.99,76.0,68.6,0.0,1.00,12,80,99,-0.080,-14.75,0,3,0.00,0.723,0.0000,24.900,0.000,0.000,0.000,0.000,0.000,0.000,2.551,20.0000,19.83,1.0755,2.0,-46.80,-46.800,0,0.00,0.00,131072.00,85.500,0.044,0.150,0.000,-0.105,114.500,114.400,4.272,-0.158,-46.582,0.00,0.00,72.24,0.00,
63.419,0,0.0,2.6,0.0,0.7,188,5142,4,4983,5047,106,10.5,10.5,10.5,10.5,10.5,0,19.11,19.11,8.9,19.5,72,0.99,76.0,68.3,-0.1,1.00,12,80,99,-0.112,-14.75,0,3,0.00,0.723,0.0000,24.700,0.000,0.000,0.000,0.000,0.000,0.000,2.551,20.0000,19.82,1.0755,2.0,-46.80,-46.700,0,0.00,0.00,131072.00,85.437,0.046,0.150,0.000,-0.103,114.400,114.400,4.272,-0.158,-46.582,0.00,0.00,72.38,0.00,
63.499,0,0.0,2.6,0.0,0.7,188,5120,4,4983,5050,106,10.5,10.5,10.5,10.5,10.5,0,19.11,19.11,8.9,19.5,72,0.99,76.0,67.6,0.0,1.00,12,80,99,-0.139,-14.75,0,3,0.00,0.723,0.0000,24.700,0.000,0.000,0.000,0.000,0.000,0.000,2.551,20.0000,19.88,1.0755,2.0,-46.50,-46.600,0,0.00,0.00,131072.00,85.156,0.048,0.150,0.000,-0.101,114.200,114.400,4.272,-0.158,-46.582,0.00,0.00,72.38,0.00,
63.579,0,0.0,2.6,0.0,0.7,188,5106,4,4983,5054,106,10.5,10.5,10.5,10.5,10.5,0,19.11,19.11,8.9,19.5,72,0.99,76.0,68.6,-0.1,1.00,12,79,99,-0.116,-14.75,0,3,0.00,0.723,0.0000,24.700,0.000,0.000,0.000,0.000,0.000,0.000,2.551,20.0000,19.88,1.0755,2.0,-46.60,-46.500,0,0.00,0.00,131072.00,84.937,0.048,0.150,0.000,-0.101,114.400,114.400,4.272,-0.158,-46.582,0.00,0.00,72.38,0.00,
63.650,0,0.0,2.6,0.0,0.7,188,5105,4,4983,5057,106,10.5,10.5,10.5,10.5,10.5,0,19.11,19.11,8.9,19.5,72,0.99,76.0,69.1,0.0,1.00,12,79,99,-0.096,-14.75,0,3,0.00,0.723,0.0000,24.700,0.000,0.000,0.000,0.000,0.000,0.000,2.551,20.0000,19.95,1.0755,2.0,-46.60,-46.600,0,0.00,0.00,131072.00,84.875,0.050,0.150,0.000,-0.099,114.200,114.400,4.272,-0.158,-46.582,0.00,0.00,72.24,0.00,
63.724,0,0.0,2.6,0.0,0.7,188,5092,4,4983,5060,106,10.5,10.5,10.5,10.5,10.5,0,19.11,19.11,8.9,19.5,72,0.99,76.0,67.8,0.0,1.00,12,79,99,-0.101,-14.75,0,3,0.00,0.723,0.0000,24.700,0.000,0.000,0.000,0.000,0.000,0.000,2.551,20.0000,20.05,1.0755,2.0,-46.50,-46.500,0,0.00,0.00,131072.00,84.718,0.050,0.150,0.000,-0.099,114.400,114.400,4.272,-0.158,-46.582,0.00,0.00,72.24,0.00,
63.799,0,0.0,2.5,0.0,0.7,187,5077,4,4983,5064,106,9.7,10.0,10.5,10.0,10.0,0,19.11,19.11,8.9,19.5,72,0.99,76.0,68.3,0.0,1.00,12,79,99,-0.116,-14.75,0,3,0.00,0.723,0.0000,24.700,0.000,0.000,0.000,0.000,0.000,0.000,2.536,20.0000,20.00,1.0755,2.0,-46.30,-46.300,0,0.00,0.00,131072.00,84.468,0.052,0.150,0.000,-0.097,114.400,114.400,4.272,-0.158,-46.582,0.00,0.00,72.38,0.00,
63.881,0,0.0,2.5,0.0,0.7,187,5063,4,4983,5067,106,9.7,10.0,10.0,10.0,10.0,0,19.11,19.11,8.9,19.5,72,0.99,76.0,67.5,0.0,1.00,12,79,99,-0.080,-14.75,0,3,0.00,0.723,0.0000,24.700,0.000,0.000,0.000,0.000,0.000,0.000,2.522,20.0000,19.91,1.0755,2.0,-46.20,-46.200,0,0.00,0.00,131072.00,84.187,0.052,0.150,0.000,-0.097,114.300,114.400,4.272,-0.158,-46.582,0.00,0.00,72.24,0.00,
63.949,0,0.0,2.5,0.0,0.7,187,5057,4,4983,5070,106,9.7,10.0,10.0,10.0,10.0,0,19.11,19.11,8.9,19.5,72,0.99,76.0,66.8,0.0,1.00,12,79,99,-0.080,-14.75,0,3,0.00,0.723,0.0000,24.700,0.000,0.000,0.000,0.000,0.000,0.000,2.522,20.0000,19.91,1.0755,2.0,-46.20,-46.200,0,0.00,0.00,131072.00,84.000,0.054,0.150,0.000,-0.095,114.400,114.400,4.272,-0.158,-46.582,0.00,0.00,72.24,0.00,
64.019,0,0.0,2.5,0.0,0.7,187,5056,4,4983,5072,106,9.7,10.0,10.0,10.0,10.0,0,19.11,19.11,8.9,19.5,72,0.99,76.0,67.7,0.0,1.00,12,78,99,-0.101,-14.75,0,3,0.00,0.723,0.0000,24.700,0.000,0.000,0.000,0.000,0.000,0.000,2.522,20.0000,19.93,1.0755,2.0,-46.00,-46.200,0,0.00,0.00,131072.00,83.968,0.056,0.150,0.000,-0.093,114.200,114.400,4.272,-0.158,-46.582,0.00,0.00,72.24,0.00,
64.099,0,0.0,2.5,0.0,0.7,187,5040,4,4983,5075,106,9.7,10.0,10.0,10.0,10.0,0,19.11,19.11,8.9,19.5,72,0.99,76.0,66.8,0.0,1.00,12,78,99,-0.092,-14.75,0,3,0.00,0.723,0.0000,24.700,0.000,0.000,0.000,0.000,0.000,0.000,2.522,20.0000,19.97,1.0755,2.0,-45.70,-45.800,0,0.00,0.00,131072.00,83.781,0.056,0.150,0.000,-0.093,114.200,114.400,4.272,-0.158,-46.582,0.00,0.00,72.24,0.00,
64.182,0,0.0,2.5,0.0,0.7,187,5015,4,4983,5079,106,9.7,10.0,10.0,10.0,10.0,0,19.11,19.11,8.9,19.5,72,0.99,76.0,67.6,-0.1,1.00,12,78,99,-0.096,-14.75,0,3,0.00,0.723,0.0000,24.700,0.000,0.000,0.000,0.000,0.000,0.000,2.503,20.0000,19.88,1.0755,2.0,-45.80,-45.800,0,0.00,0.00,131072.00,83.468,0.058,0.150,0.000,-0.091,114.300,114.400,4.272,-0.158,-46.582,0.00,0.00,72.24,0.00,
64.271,0,0.0,2.5,0.0,0.7,187,5016,4,4983,5082,106,9.7,10.0,10.0,10.0,10.0,0,19.11,19.11,8.9,19.5,72,0.99,76.0,68.1,-0.1,1.00,12,78,99,-0.080,-14.75,0,3,0.00,0.723,0.0000,24.700,0.000,0.000,0.000,0.000,0.000,0.000,2.503,20.0000,19.91,1.0755,2.0,-45.80,-45.800,0,0.00,0.00,131072.00,83.312,0.056,0.148,0.000,-0.091,114.400,114.400,4.272,-0.158,-46.582,0.00,0.00,72.24,0.00,
64.349,0,0.0,2.5,0.0,0.7,187,4993,4,4983,5083,106,9.0,9.5,10.0,9.5,9.5,0,19.11,19.11,8.9,19.5,72,0.99,76.0,66.1,0.0,1.00,12,78,99,-0.107,-14.75,0,3,0.00,0.723,0.0000,24.700,0.000,0.000,0.000,0.000,0.000,0.000,2.503,20.0000,19.96,1.0755,2.0,-45.50,-45.500,0,0.00,0.00,131072.00,83.031,0.056,0.148,0.000,-0.091,114.500,114.400,4.272,-0.158,-46.582,0.00,0.00,72.24,0.00,
64.430,0,0.0,2.4,0.0,0.7,187,4975,4,4983,5087,106,9.0,9.5,9.5,9.5,9.5,0,19.11,19.11,8.9,19.5,72,0.99,76.0,65.1,-0.1,1.00,12,77,99,-0.087,-14.75,0,3,0.00,0.723,0.0000,24.700,0.000,0.000,0.000,0.000,0.000,0.000,2.488,20.0000,19.90,1.0755,2.0,-45.30,-45.300,0,0.00,0.00,131072.00,82.687,0.060,0.148,0.000,-0.087,114.400,114.400,4.272,-0.158,-46.582,0.00,0.00,72.24,0.00,
64.509,0,0.0,2.4,0.0,0.7,187,4960,4,4983,5088,106,9.0,9.5,9.5,9.5,9.5,0,19.11,19.11,8.9,19.5,72,0.99,76.0,66.5,-0.1,1.00,12,77,99,-0.103,-14.75,0,3,0.00,0.723,0.0000,24.700,0.000,0.000,0.000,0.000,0.000,0.000,2.488,20.0000,19.90,1.0755,2.0,-45.20,-45.200,0,0.00,0.00,131072.00,82.406,0.062,0.148,0.000,-0.085,114.300,114.400,4.272,-0.158,-46.582,0.00,0.00,72.24,0.00,
64.592,0,0.0,2.4,0.0,0.7,186,4943,4,4983,5092,106,9.0,9.5,9.5,9.5,9.5,0,19.11,19.11,8.9,19.5,72,0.99,76.0,68.0,-0.1,1.00,12,77,99,-0.103,-14.75,0,3,0.00,0.723,0.0000,24.700,0.000,0.000,0.000,0.000,0.000,0.000,2.488,20.0000,19.96,1.0755,2.0,-45.10,-45.200,0,0.00,0.00,131072.00,82.187,0.060,0.148,0.000,-0.087,114.000,114.400,4.272,-0.158,-46.582,0.00,0.00,72.24,0.00,
64.670,0,0.0,2.4,0.0,0.7,186,4940,4,4983,5095,106,9.0,9.5,9.5,9.5,9.5,0,19.11,19.11,8.9,19.5,72,0.99,76.0,66.3,-0.1,1.00,12,77,99,-0.116,-14.75,0,3,0.00,0.723,0.0000,24.900,0.000,0.000,0.000,0.000,0.000,0.000,2.488,20.0000,20.00,1.0755,2.0,-44.90,-44.900,0,0.00,0.00,131072.00,82.000,0.062,0.148,0.000,-0.085,114.200,114.400,4.272,-0.158,-46.582,0.00,0.00,72.38,0.00,
64.749,0,0.0,2.4,0.0,0.7,186,4914,4,4983,5097,106,9.0,9.0,9.0,9.5,9.0,0,19.11,19.11,8.9,19.5,72,0.99,72.0,65.5,-0.1,1.00,12,76,99,-0.092,-14.75,0,3,0.00,0.723,0.0000,24.900,0.000,0.000,0.000,0.000,0.000,0.000,2.473,20.0000,19.97,1.0755,2.0,-44.60,-44.700,0,0.00,0.00,131072.00,81.718,0.062,0.148,0.000,-0.085,114.200,114.400,4.272,-0.158,-46.582,0.00,0.00,72.24,0.00,
64.829,0,0.0,2.3,0.0,0.7,186,4898,4,4983,5100,106,9.0,9.0,9.0,9.0,9.0,0,19.11,19.11,8.9,19.5,72,0.99,72.0,65.2,-0.1,1.00,12,76,99,-0.083,-14.75,0,3,0.00,0.723,0.0000,24.900,0.000,0.000,0.000,0.000,0.000,0.000,2.464,20.0000,19.98,1.0755,2.0,-44.50,-44.600,0,0.00,0.00,131072.00,81.406,0.064,0.148,0.000,-0.083,114.300,114.400,4.272,-0.158,-46.582,0.00,0.00,72.24,0.00,
64.909,0,0.0,2.3,0.0,0.7,186,4878,4,4983,5102,106,9.0,9.0,9.0,9.0,9.0,0,19.11,19.11,8.9,19.5,72,0.99,72.0,65.4,0.0,1.00,12,76,99,-0.083,-14.75,0,3,0.00,0.723,0.0000,24.900,0.000,0.000,0.000,0.000,0.000,0.000,2.459,20.0000,19.98,1.0755,2.0,-44.20,-44.300,0,0.00,0.00,131072.00,81.093,0.064,0.148,0.000,-0.083,114.100,114.400,4.272,-0.158,-46.582,0.00,0.00,72.24,0.00,
64.990,0,0.0,2.3,0.0,0.7,186,4865,4,4983,5103,106,9.0,9.0,9.0,9.0,9.0,0,19.11,19.11,8.9,19.5,72,0.99,72.0,65.3,-0.1,1.00,12,76,99,-0.062,-14.75,0,3,0.00,0.721,0.0000,24.900,0.000,0.000,0.000,0.000,0.000,0.000,2.440,20.0000,19.88,1.0755,2.0,-44.20,-44.200,0,0.00,0.00,131072.00,80.812,0.066,0.148,0.000,-0.082,114.100,114.400,4.272,-0.158,-46.582,0.00,0.00,72.24,0.00,
65.073,0,0.0,2.3,0.0,0.7,186,4848,4,4983,5105,106,9.0,9.0,9.0,9.0,9.0,0,19.11,19.11,8.9,19.5,72,0.99,72.0,64.8,-0.1,1.00,12,75,99,-0.080,-14.75,0,3,0.00,0.721,0.0000,25.000,0.000,0.000,0.000,0.000,0.000,0.000,2.440,20.0000,19.91,1.0755,2.0,-44.00,-44.000,0,0.00,0.00,131072.00,80.593,0.068,0.148,0.000,-0.080,114.500,114.400,4.272,-0.158,-46.582,0.00,0.00,72.24,0.00,
65.150,0,0.0,2.3,0.0,0.7,186,4831,4,4983,5108,106,8.2,8.5,8.5,8.5,8.5,0,19.11,19.11,8.9,19.5,72,0.99,72.0,65.4,-0.1,1.00,12,75,99,-0.080,-14.75,0,3,0.00,0.721,0.0000,25.000,0.000,0.000,0.000,0.000,0.000,0.000,2.435,20.0000,19.95,1.0755,2.0,-43.80,-43.800,0,0.00,0.00,131072.00,80.250,0.066,0.148,0.000,-0.082,114.100,114.400,4.272,-0.158,-46.582,0.00,0.00,72.24,0.00,
65.229,0,0.0,2.3,0.0,0.7,186,4811,4,4983,5111,106,8.2,8.5,8.5,8.5,8.5,0,19.11,19.11,8.9,19.5,72,0.99,72.0,64.3,-0.1,1.00,12,75,99,-0.064,-14.75,0,3,0.00,0.721,0.0000,25.000,0.000,0.000,0.000,0.000,0.000,0.000,2.420,20.0000,19.90,1.0755,2.0,-43.60,-43.700,0,0.00,0.00,131072.00,79.968,0.068,0.148,0.000,-0.080,114.200,114.400,4.272,-0.158,-46.582,0.00,0.00,72.24,0.00,
65.319,0,0.0,2.3,0.0,0.7,186,4803,4,4983,5113,106,8.2,8.5,8.5,8.5,8.5,0,19.11,19.11,8.9,19.5,72,0.99,72.0,64.7,-0.1,1.00,12,75,99,-0.060,-14.75,0,3,0.00,0.721,0.0000,25.000,0.000,0.000,0.000,0.000,0.000,0.000,2.425,20.0000,20.00,1.0752,2.0,-43.50,-43.400,0,0.00,0.00,131072.00,79.687,0.068,0.148,0.000,-0.080,114.300,114.400,4.272,-0.158,-46.582,0.00,0.00,72.24,0.00,
65.399,0,0.0,2.3,0.0,0.7,185,4784,4,4983,5115,106,8.2,8.5,8.5,8.5,8.5,0,19.11,19.11,8.9,19.5,72,0.99,72.0,64.6,-0.1,1.00,12,74,99,-0.067,-14.75,0,3,0.00,0.721,0.0000,25.300,0.000,0.000,0.000,0.000,0.000,0.000,2.420,20.0000,19.98,1.0751,2.0,-43.30,-43.300,0,0.00,0.00,131072.00,79.437,0.070,0.148,0.000,-0.078,114.300,114.400,4.272,-0.158,-46.582,0.00,0.00,72.24,0.00,
65.479,0,0.0,2.3,0.0,0.7,185,4766,4,4983,5116,106,7.5,8.0,8.5,8.5,8.5,0,19.11,19.11,8.9,19.5,72,0.99,72.0,64.8,-0.1,1.00,12,74,99,-0.051,-14.75,0,3,0.00,0.721,0.0000,25.300,0.000,0.000,0.000,0.000,0.000,0.000,2.397,20.0000,19.88,1.0751,2.0,-43.20,-43.200,0,0.00,0.00,131072.00,79.187,0.072,0.148,0.000,-0.076,114.300,114.400,4.272,-0.158,-46.582,0.00,0.00,72.24,0.00,
65.560,0,0.0,2.3,0.0,0.7,185,4744,4,4983,5119,106,7.5,7.5,8.0,7.5,7.5,0,19.11,19.11,8.9,19.5,72,0.99,72.0,64.1,-0.1,1.00,12,74,99,-0.024,-14.75,0,3,0.00,0.721,0.0000,25.300,0.000,0.000,0.000,0.000,0.000,0.000,2.397,20.0000,20.00,1.0751,2.0,-42.90,-42.900,0,0.00,0.00,131072.00,78.843,0.072,0.148,0.000,-0.076,114.600,114.400,4.272,-0.158,-46.582,0.00,0.00,72.24,0.00,
65.640,0,0.0,2.2,0.0,0.7,185,4722,4,4983,5121,106,7.5,7.5,7.5,7.5,7.5,0,19.11,19.11,8.9,19.5,72,0.99,72.0,62.7,0.0,1.00,12,74,99,-0.046,-14.75,0,3,0.00,0.721,0.0000,25.300,0.000,0.000,0.000,0.000,0.000,0.000,2.377,20.0000,19.85,1.0746,2.0,-42.80,-42.800,0,0.00,0.00,131072.00,78.468,0.074,0.148,0.000,-0.074,114.300,114.400,4.272,-0.158,-46.582,0.00,0.00,72.24,0.00,
65.719,0,0.0,2.2,0.0,0.7,185,4720,4,4983,5123,106,7.5,7.5,7.5,7.5,7.5,0,19.11,19.11,8.9,19.5,72,0.99,72.0,64.4,0.0,1.00,12,73,99,-0.024,-14.75,0,3,0.00,0.721,0.0000,25.400,0.000,0.000,0.000,0.000,0.000,0.000,2.377,20.0000,19.86,1.0731,2.0,-42.70,-42.700,0,0.00,0.00,131072.00,78.312,0.074,0.148,0.000,-0.074,114.300,114.400,4.272,-0.158,-46.582,0.00,0.00,72.24,0.00,
65.800,0,0.0,2.2,0.0,0.7,185,4683,4,4983,5126,106,6.7,7.0,7.0,7.0,7.0,0,19.11,19.11,8.9,19.5,72,0.99,72.0,64.3,0.0,1.00,12,73,99,-0.030,-14.75,0,3,0.00,0.721,0.0000,25.400,0.000,0.000,0.000,0.000,0.000,0.000,2.363,20.0000,19.88,1.0723,2.0,-42.40,-42.300,0,0.00,0.00,131072.00,77.875,0.072,0.148,0.000,-0.076,114.100,114.100,4.272,-0.158,-46.582,0.00,0.00,72.24,0.00,
65.869,0,0.0,2.2,0.0,0.7,185,4667,4,4983,5126,106,6.7,7.0,7.0,7.0,7.0,0,19.11,19.11,8.9,19.5,72,0.99,68.0,63.4,0.0,1.00,12,73,99,-0.026,-14.75,0,3,0.00,0.721,0.0000,25.400,0.000,0.000,0.000,0.000,0.000,0.000,2.363,20.0000,19.83,1.0723,2.0,-42.30,-42.300,0,0.00,0.00,131072.00,77.562,0.076,0.148,0.000,-0.072,113.700,114.000,4.272,-0.158,-46.582,0.00,0.00,72.24,0.00,
65.939,0,0.0,2.2,0.0,0.7,185,4660,4,4983,5128,106,6.7,7.0,7.0,7.0,7.0,0,19.11,19.11,8.9,19.5,72,0.99,68.0,62.3,0.0,1.00,12,72,99,-0.039,-14.75,0,3,0.00,0.721,0.0000,25.400,0.000,0.000,0.000,0.000,0.000,0.000,2.363,20.0000,19.88,1.0723,2.0,-42.20,-42.200,0,0.00,0.00,131072.00,77.406,0.076,0.148,0.000,-0.072,113.700,114.100,4.272,-0.158,-46.582,0.00,0.00,72.24,0.00,
66.019,0,0.0,2.2,0.0,0.7,185,4631,4,4983,5131,106,6.7,7.0,7.0,7.0,7.0,0,19.11,19.11,8.9,19.5,72,0.99,68.0,63.2,0.0,1.00,12,72,99,-0.010,-14.75,0,3,0.00,0.721,0.0000,25.500,0.000,0.000,0.000,0.000,0.000,0.000,2.348,20.0000,19.86,1.0723,2.0,-42.00,-42.000,0,0.00,0.00,131072.00,77.000,0.074,0.148,0.000,-0.074,114.100,113.800,4.272,-0.158,-46.582,0.00,0.00,72.24,0.00,
66.099,0,0.0,2.2,0.0,0.7,184,4625,4,4983,5133,106,6.7,7.0,7.0,7.0,7.0,0,19.11,19.11,8.5,19.5,72,0.99,68.0,63.1,0.0,1.00,12,72,99,-0.003,-14.75,0,3,0.00,0.721,0.0000,25.500,0.000,0.000,0.000,0.000,0.000,0.000,2.348,20.0000,19.86,1.0711,2.0,-41.80,-41.800,0,0.00,0.00,131072.00,76.781,0.076,0.148,0.000,-0.072,113.800,113.600,4.272,-0.158,-46.582,0.00,0.00,72.24,0.00,
66.169,0,0.0,2.2,0.0,0.7,184,4602,4,4983,5134,106,6.0,6.5,6.5,6.5,6.5,0,19.11,19.11,8.5,19.5,72,0.99,68.0,63.6,0.0,1.00,12,71,99,0.000,-14.75,0,3,0.00,0.721,0.0000,25.300,0.000,0.000,0.000,0.000,0.000,0.000,2.348,20.0000,19.91,1.0701,2.0,-41.60,-41.500,0,0.00,0.00,131072.00,76.531,0.076,0.148,0.000,-0.072,113.500,113.600,4.272,-0.158,-46.582,0.00,0.00,72.24,0.00,
66.250,0,0.0,2.2,0.0,0.7,184,4575,4,4983,5136,106,6.0,6.5,6.5,6.5,6.5,0,19.11,19.11,8.5,19.5,72,0.99,68.0,62.9,0.0,1.00,12,71,99,0.021,-14.75,0,3,0.00,0.721,0.0000,25.400,0.000,0.000,0.000,0.000,0.000,0.000,2.333,20.0000,19.86,1.0701,2.0,-41.30,-41.200,0,0.00,0.00,131072.00,76.062,0.076,0.148,0.000,-0.072,113.700,113.600,4.272,-0.158,-46.582,0.00,0.00,72.24,0.00,
66.339,0,0.0,2.2,0.0,0.7,184,4573,4,4983,5138,106,6.0,6.5,6.5,6.5,6.5,0,19.11,19.11,8.5,19.5,72,0.99,68.0,62.7,0.0,1.00,12,71,99,-0.003,-14.75,0,3,0.00,0.719,0.0000,25.300,0.000,0.000,0.000,0.000,0.000,0.000,2.333,20.0000,19.82,1.0702,2.0,-41.30,-41.300,0,0.00,0.00,131072.00,75.843,0.076,0.148,0.000,-0.072,113.400,113.500,4.272,-0.158,-46.582,0.00,0.00,72.24,0.00,
66.420,0,0.0,2.1,0.0,0.7,184,4555,4,4983,5139,106,6.0,6.5,6.5,6.5,6.5,0,19.11,19.11,8.5,19.5,72,0.99,68.0,62.9,0.0,1.00,12,71,99,0.009,-14.75,0,3,0.00,0.718,0.0000,25.400,0.000,0.000,0.000,0.000,0.000,0.000,2.333,20.0000,19.87,1.0702,2.0,-41.00,-40.900,0,0.00,0.00,131072.00,75.625,0.080,0.148,0.000,-0.068,113.200,113.500,4.272,-0.158,-46.582,0.00,0.00,72.24,0.00,
66.499,0,0.0,2.1,0.0,0.7,184,4515,4,4983,5141,106,6.0,6.0,6.0,6.0,6.0,0,19.11,19.11,8.5,19.5,72,0.99,68.0,61.4,0.0,1.00,12,70,99,0.009,-14.75,0,3,0.00,0.718,0.0000,25.400,0.000,0.000,0.000,0.000,0.000,0.000,2.314,20.0000,19.81,1.0692,2.0,-40.70,-40.700,0,0.00,0.00,131072.00,75.125,0.078,0.146,0.000,-0.068,113.100,113.500,4.272,-0.158,-46.582,0.00,0.00,72.24,0.00,
66.588,0,0.0,2.1,0.0,0.7,184,4495,4,4983,5143,106,5.2,5.5,5.5,6.0,5.5,0,19.11,19.11,8.5,19.5,72,0.99,68.0,61.2,0.0,1.00,12,70,99,0.009,-14.75,0,3,0.00,0.718,0.0000,25.600,0.000,0.000,0.000,0.000,0.000,0.000,2.314,20.0000,19.88,1.0679,2.0,-40.40,-40.300,0,0.00,0.00,131072.00,74.687,0.076,0.144,0.000,-0.068,113.300,113.500,4.272,-0.158,-46.582,0.00,0.00,72.24,0.00,
66.670,0,0.0,2.1,0.0,0.7,184,4460,4,4983,5144,106,4.5,5.0,5.5,5.0,5.5,0,19.11,19.11,8.5,19.5,72,0.99,68.0,61.9,0.0,1.00,12,69,99,-0.030,-14.75,0,3,0.00,0.718,0.0000,25.600,0.000,0.000,0.000,0.000,0.000,0.000,2.300,20.0000,19.85,1.0678,2.0,-40.20,-40.200,0,0.00,0.00,131072.00,74.187,0.076,0.144,0.000,-0.068,113.200,113.500,4.272,-0.158,-46.582,0.00,0.00,72.24,0.00,
66.742,0,0.0,2.1,0.0,0.7,184,4431,4,4983,5146,106,4.5,5.0,5.0,5.0,5.0,0,19.11,19.11,8.5,19.5,72,0.99,68.0,60.2,0.0,1.00,12,69,99,-0.024,-14.75,0,3,0.00,0.718,0.0000,25.600,0.000,0.000,0.000,0.000,0.000,0.000,2.300,20.0000,19.82,1.0666,2.0,-40.10,-39.900,0,0.00,0.00,131072.00,73.781,0.076,0.144,0.000,-0.068,113.700,113.500,4.272,-0.158,-46.582,0.00,0.00,72.24,0.00,
66.819,0,0.0,2.1,0.0,0.7,184,4436,4,4983,5148,106,4.5,5.0,5.0,5.0,5.0,0,19.11,19.11,8.5,19.5,72,0.99,64.0,60.3,-0.1,1.00,12,69,99,-0.062,-14.75,0,3,0.00,0.718,0.0000,25.600,0.000,0.000,0.000,0.000,0.000,0.000,2.300,20.0000,19.81,1.0651,2.0,-40.10,-40.000,0,0.00,0.00,131072.00,73.562,0.076,0.144,0.000,-0.068,113.000,113.500,4.272,-0.158,-46.582,0.00,0.00,72.24,0.00,
66.899,0,0.0,2.1,0.0,0.7,184,4420,4,4983,5149,106,4.5,5.0,5.0,5.0,5.0,0,19.11,19.11,8.5,19.5,72,0.99,68.0,58.7,0.0,1.00,12,68,99,-0.054,-14.75,0,3,0.00,0.719,0.0000,25.700,0.000,0.000,0.000,0.000,0.000,0.000,2.300,20.0000,19.88,1.0650,2.0,-39.80,-39.700,0,0.00,0.00,131072.00,73.375,0.076,0.144,0.000,-0.068,113.400,113.500,4.272,-0.158,-46.582,0.00,0.00,72.24,0.00,
66.969,0,0.0,2.1,0.0,0.7,184,4383,4,4962,5151,106,4.5,5.0,5.0,5.0,5.0,0,19.11,19.11,8.5,19.5,72,0.99,64.0,59.4,0.0,1.00,12,68,99,-0.045,-14.75,0,3,0.00,0.719,0.0000,25.300,0.000,0.000,0.000,0.000,0.000,0.000,2.261,19.6500,19.63,1.0650,2.0,-39.70,-39.700,0,0.00,0.00,131072.00,72.468,0.078,0.144,0.000,-0.066,113.700,113.500,4.272,-0.158,-46.582,0.00,0.00,72.24,0.00,
67.049,0,0.0,2.1,0.0,0.7,184,4358,4,4696,5153,106,4.5,4.5,4.5,4.5,4.5,0,19.11,19.11,8.5,18.7,72,0.99,64.0,58.4,0.0,1.00,12,68,99,-0.013,-14.75,0,3,0.00,0.719,0.0000,23.400,0.000,0.000,0.000,0.000,0.000,0.000,2.208,19.3400,19.23,1.0640,2.0,-39.60,-39.600,0,0.00,0.00,131072.00,70.937,0.080,0.144,0.000,-0.064,113.200,114.100,4.272,-0.158,-46.582,0.00,0.00,72.24,0.00,
67.130,0,0.0,2.1,0.0,0.7,184,4344,4,4281,5154,106,4.5,5.0,5.0,5.0,4.5,0,19.11,19.11,8.5,18.7,72,0.99,64.0,57.4,0.0,1.00,11,67,99,-0.046,-14.75,0,3,0.00,0.718,0.0000,23.200,0.000,0.000,0.000,0.000,0.000,0.000,2.194,19.2500,19.10,1.0626,2.0,-39.60,-39.500,0,0.00,0.00,131072.00,69.843,0.078,0.144,0.000,-0.066,114.500,114.300,4.272,-0.158,-46.582,0.00,0.00,72.24,0.00,
67.219,0,0.0,2.1,0.0,0.7,183,4325,4,3933,5156,106,4.5,4.5,4.5,4.5,4.5,0,19.11,19.11,8.2,18.7,72,0.99,60.0,56.6,0.0,1.00,11,67,99,-0.033,-14.75,0,3,0.00,0.719,0.0000,20.600,0.000,0.000,0.000,0.000,0.000,0.000,2.121,18.7400,18.62,1.0610,2.0,-39.60,-39.600,0,0.00,0.00,131072.00,68.437,0.078,0.144,0.000,-0.066,114.200,114.500,4.272,-0.158,-46.582,0.00,0.00,72.24,0.00,
67.299,0,0.0,2.1,0.0,0.7,183,4281,4,3429,5157,106,4.5,4.5,4.5,4.5,4.5,0,19.11,19.11,8.2,18.0,72,0.99,60.0,54.4,0.0,1.00,11,67,99,-0.024,-14.75,0,3,0.00,0.719,0.0000,18.000,0.000,0.000,0.000,0.000,0.000,0.000,2.059,18.2500,18.12,1.0596,2.0,-39.50,-39.400,0,0.00,0.00,131072.00,66.250,0.080,0.142,0.000,-0.062,114.200,115.000,4.272,-0.158,-46.582,0.00,0.00,72.24,0.00,
67.379,0,0.0,2.1,0.0,0.7,183,4271,4,2804,5157,106,4.5,4.5,4.5,4.5,4.5,0,19.11,19.11,7.8,18.0,72,0.99,56.0,52.6,-0.1,1.00,11,66,99,-0.045,-14.75,0,3,0.00,0.717,0.0000,18.900,0.000,0.000,0.000,0.000,0.000,0.000,2.068,18.3200,18.26,1.0582,2.0,-39.50,-39.400,0,0.00,0.00,131072.00,65.156,0.082,0.142,0.000,-0.060,115.800,115.100,4.272,-0.158,-46.582,0.00,0.00,72.24,0.00,
67.459,0,0.0,2.1,0.0,0.7,183,4259,4,2521,5159,106,4.5,4.5,4.5,4.5,4.5,0,19.11,19.11,7.8,18.0,72,0.99,56.0,53.4,0.0,1.00,11,66,99,0.031,-14.75,0,3,0.00,0.717,0.0000,17.400,0.000,0.000,0.000,0.000,0.000,0.000,2.013,17.9200,18.02,1.0568,2.0,-39.30,-39.200,0,0.00,0.00,131072.00,64.218,0.083,0.142,0.000,-0.058,115.300,115.200,4.272,-0.158,-46.582,0.00,0.00,72.24,0.00,
67.540,0,0.0,2.1,0.0,0.7,183,4215,4,2177,5162,106,3.7,4.0,4.0,4.0,4.0,0,19.11,19.11,7.8,17.2,72,0.99,56.0,51.3,-0.1,1.00,10,65,99,-0.033,-14.75,0,3,0.00,0.717,0.0000,17.300,0.000,0.000,0.000,0.000,0.000,0.000,1.950,17.4600,17.36,1.0554,2.0,-39.30,-39.300,0,0.00,0.00,131072.00,62.312,0.083,0.142,0.000,-0.058,114.700,115.700,4.272,-0.158,-46.582,0.00,0.00,72.24,0.00,
67.629,0,0.0,2.1,0.0,0.7,183,4197,4,2043,5162,106,3.0,3.5,3.5,4.0,3.5,0,19.11,19.11,7.4,16.5,72,0.99,52.0,48.3,0.0,1.00,10,65,99,-0.018,-14.75,0,3,0.00,0.717,0.0000,16.800,0.000,0.000,0.000,0.000,0.000,0.000,1.905,17.1800,16.98,1.0538,2.0,-39.20,-39.200,0,0.00,0.00,131072.00,60.625,0.085,0.142,0.000,-0.056,115.000,115.900,4.272,-0.158,-46.582,0.00,0.00,72.24,0.00,
67.719,0,0.0,2.0,0.0,0.7,183,4180,4,1982,5166,106,3.0,3.5,3.5,3.5,3.5,0,19.11,19.11,7.4,16.5,72,0.99,52.0,52.6,0.0,1.00,10,65,99,-0.024,-14.75,0,3,0.00,0.715,0.0000,16.700,0.000,0.000,0.000,0.000,0.000,0.000,1.882,16.9700,16.85,1.0524,2.0,-39.10,-39.100,0,0.00,0.00,131072.00,59.531,0.087,0.142,0.000,-0.054,115.400,116.000,4.272,-0.158,-46.582,0.00,0.00,72.24,0.00,
67.800,0,0.0,2.0,0.0,0.7,183,4160,4,1959,5167,106,3.0,3.5,3.5,3.5,3.5,0,19.11,19.11,7.4,16.5,72,0.99,52.0,49.6,0.0,1.00,10,65,99,-0.009,-14.75,0,3,0.00,0.715,0.0000,16.700,0.000,0.000,0.000,0.000,0.000,0.000,1.854,16.6800,16.66,1.0509,2.0,-39.10,-39.100,0,0.00,0.00,131072.00,58.312,0.087,0.140,0.000,-0.052,115.700,116.000,4.272,-0.158,-46.582,0.00,0.00,72.24,0.00,
67.879,0,0.0,2.0,0.0,0.7,183,4131,4,1950,5169,106,3.0,3.5,3.5,3.5,3.5,0,19.11,19.11,7.4,15.7,72,0.99,52.0,47.5,0.0,1.00,10,64,99,-0.018,-14.75,0,3,0.00,0.715,0.0000,16.700,0.000,0.000,0.000,0.000,0.000,0.000,1.814,16.3200,16.31,1.0496,2.0,-39.00,-39.000,0,0.00,0.00,131072.00,56.843,0.087,0.140,0.000,-0.052,115.600,116.000,4.272,-0.158,-46.582,0.00,0.00,72.24,0.00,
67.960,0,0.0,2.0,0.0,0.7,183,4110,4,1946,5169,106,3.0,3.5,3.5,3.5,3.5,0,19.11,19.11,7.0,15.7,72,0.99,48.0,45.0,-0.1,1.00,10,64,99,-0.029,-14.75,0,3,0.00,0.715,0.0000,16.700,0.000,0.000,0.000,0.000,0.000,0.000,1.764,15.9700,15.90,1.0482,2.0,-38.90,-38.800,0,0.00,0.00,131072.00,55.468,0.091,0.140,0.000,-0.048,115.800,116.000,4.272,-0.158,-46.582,0.00,0.00,72.24,0.00,
68.050,0,0.0,1.9,0.0,0.7,183,4074,4,1944,5171,106,3.0,3.5,3.5,3.5,3.5,0,19.11,19.11,6.6,15.0,72,0.99,48.0,41.9,0.0,1.00,10,63,99,0.031,-14.75,0,3,0.00,0.714,0.0000,16.700,0.000,0.000,0.000,0.000,0.000,0.000,1.728,15.6000,15.66,1.0467,2.0,-38.80,-38.800,0,0.00,0.00,131072.00,53.562,0.093,0.140,0.000,-0.046,117.300,116.600,4.272,-0.158,-46.582,0.00,0.00,72.24,0.00,
68.119,0,0.0,1.9,0.0,0.7,183,4081,4,1943,5172,106,3.0,3.5,3.5,3.5,3.5,0,19.11,19.11,6.6,15.0,72,0.99,48.0,41.8,-0.1,1.00,9,63,99,0.009,-14.75,0,3,0.00,0.712,0.0000,16.700,0.000,0.000,0.000,0.000,0.000,0.000,1.728,15.7200,15.77,1.0456,2.0,-39.00,-38.900,0,0.00,0.00,131072.00,53.218,0.093,0.140,0.000,-0.046,117.800,116.700,4.272,-0.158,-46.582,0.00,0.00,72.24,0.00,
68.219,0,0.0,1.9,0.0,0.7,182,4062,4,1943,5174,106,3.0,3.5,3.5,3.5,3.5,0,19.11,19.11,6.6,15.0,72,0.99,48.0,45.7,-0.1,1.00,9,63,99,0.050,-14.75,0,3,0.00,0.712,0.0000,16.700,0.000,0.000,0.000,0.000,0.000,0.000,1.669,15.1600,15.52,1.0439,2.0,-38.70,-38.700,0,0.00,0.00,131072.00,52.093,0.095,0.140,0.000,-0.044,116.900,116.700,4.272,-0.158,-46.582,0.00,0.00,72.09,0.00,
68.306,0,0.0,1.9,0.0,0.7,182,4003,4,1943,5174,106,3.0,3.0,3.0,3.0,3.0,0,19.11,19.11,6.6,14.2,72,0.99,44.0,40.2,-0.1,1.00,9,62,99,0.046,-14.75,0,3,0.00,0.710,0.0000,16.700,0.000,0.000,0.000,0.000,0.000,0.000,1.543,14.4200,14.32,1.0427,2.0,-38.60,-38.600,0,0.00,0.00,131072.00,49.625,0.097,0.140,0.000,-0.042,117.300,116.700,4.272,-0.158,-46.582,0.00,0.00,72.09,0.00,
68.390,0,0.0,1.8,0.0,0.7,182,3977,4,1943,5175,106,3.0,3.0,3.0,3.0,3.0,0,19.11,19.11,6.2,14.2,72,0.99,44.0,48.2,-0.1,1.00,9,62,99,0.037,-14.75,0,3,0.00,0.710,0.0000,16.700,0.000,0.000,0.000,0.000,0.000,0.000,1.543,14.3800,14.23,1.0411,2.0,-38.80,-38.800,0,0.00,0.00,131072.00,47.906,0.101,0.140,0.000,-0.039,117.200,117.400,4.272,-0.158,-46.582,0.00,0.00,72.09,0.00,
68.479,0,0.0,1.8,0.0,0.7,182,3988,4,1943,5179,106,3.0,3.0,3.0,3.0,3.0,0,19.11,19.11,6.2,13.5,72,0.99,40.0,46.2,0.0,1.00,9,62,99,0.067,-14.75,0,3,0.00,0.712,0.0000,16.700,0.000,0.000,0.000,0.000,0.000,0.000,1.552,14.3800,14.21,1.0396,2.0,-38.80,-38.700,0,0.00,0.00,131072.00,47.718,0.101,0.140,0.000,-0.039,117.900,117.100,4.272,-0.158,-46.582,0.00,0.00,72.10,0.00,
68.560,0,0.0,1.8,0.0,0.7,182,3955,4,1943,5180,106,3.0,3.0,3.0,3.0,3.0,0,19.11,19.11,6.2,13.5,72,0.99,40.0,42.6,0.0,1.00,9,61,99,0.088,-14.75,0,3,0.00,0.712,0.0000,16.700,0.000,0.000,0.000,0.000,0.000,0.000,1.489,13.9400,13.81,1.0382,2.0,-38.70,-38.700,0,0.00,0.00,131072.00,46.593,0.103,0.140,0.000,-0.037,117.100,117.500,4.272,-0.158,-46.582,0.00,0.00,72.10,0.00,
68.649,0,0.0,1.8,0.0,0.7,182,3927,4,1943,5182,106,3.0,3.5,3.5,3.5,3.5,0,19.11,19.11,5.8,13.5,72,0.99,40.0,49.0,0.0,1.00,8,61,99,0.043,-14.75,0,3,0.00,0.712,0.0000,16.700,0.000,0.000,0.000,0.000,0.000,0.000,1.489,13.9200,13.77,1.0368,2.0,-38.70,-38.800,0,0.00,0.00,131072.00,45.625,0.103,0.140,0.000,-0.037,118.500,117.500,4.272,-0.158,-46.582,0.00,0.00,72.10,0.00,
68.740,0,0.0,1.7,0.0,0.7,182,3898,4,1943,5182,106,3.0,3.5,3.5,3.5,3.5,0,19.11,19.11,5.8,13.5,72,0.99,40.0,47.1,-0.1,1.00,8,60,99,0.048,-14.75,0,3,0.00,0.710,0.0000,16.700,0.000,0.000,0.000,0.000,0.000,0.000,1.480,13.8800,13.71,1.0354,2.0,-38.60,-38.500,0,0.00,0.00,131072.00,45.062,0.105,0.140,0.000,-0.035,118.200,117.500,4.272,-0.158,-46.582,0.00,0.00,72.09,0.00,
68.830,0,0.0,1.7,0.0,0.7,182,3873,4,1943,5184,106,3.0,3.0,3.0,3.0,3.0,0,19.11,19.11,5.8,13.5,72,0.99,40.0,58.1,0.0,1.00,9,60,99,0.066,-14.75,0,3,0.00,0.710,0.0000,16.700,0.000,0.000,0.000,0.000,0.000,0.000,1.480,13.8700,13.78,1.0339,2.0,-38.50,-38.500,0,0.00,0.00,131072.00,44.625,0.105,0.140,0.000,-0.035,117.300,117.500,4.272,-0.158,-46.582,0.00,0.00,72.09,0.00,
68.919,0,0.0,1.6,0.0,0.7,182,3855,4,1943,5185,106,3.0,3.0,3.0,3.0,3.0,0,19.11,19.11,5.8,13.5,72,0.99,40.0,54.9,0.0,1.00,9,60,99,0.061,-14.75,0,3,0.00,0.710,0.0000,16.700,0.000,0.000,0.000,0.000,0.000,0.000,1.457,13.8400,13.76,1.0325,2.0,-38.40,-38.400,0,0.00,0.00,131072.00,44.312,0.107,0.140,0.000,-0.033,117.100,117.500,4.272,-0.158,-46.582,0.00,0.00,72.09,0.00,
69.003,0,0.0,1.6,0.0,0.7,182,3826,4,1943,5185,106,3.0,3.0,3.0,3.0,3.0,0,19.11,19.11,5.8,13.5,72,0.99,40.0,45.9,0.0,1.00,9,59,99,0.061,-14.75,0,3,0.00,0.710,0.0000,16.700,0.000,0.000,0.000,0.000,0.000,0.000,1.457,13.8100,13.81,1.0313,2.0,-38.30,-38.300,0,0.00,0.00,131072.00,43.937,0.107,0.140,0.000,-0.033,117.000,117.500,4.272,-0.158,-46.582,0.00,0.00,72.09,0.00,
69.090,0,0.0,1.6,0.0,0.7,182,3807,4,1943,5187,106,3.0,3.0,3.0,3.0,3.0,0,19.11,19.11,5.8,13.5,72,0.99,40.0,40.7,0.0,1.00,8,59,99,0.067,-14.75,0,3,0.00,0.712,0.0000,16.700,0.000,0.000,0.000,0.000,0.000,0.000,1.449,13.7900,13.75,1.0300,2.0,-38.30,-38.300,0,0.00,0.00,131072.00,43.625,0.109,0.140,0.000,-0.031,117.200,117.500,4.272,-0.158,-46.582,0.00,0.00,72.10,0.00,
69.182,0,0.0,1.6,0.0,0.7,182,3781,4,1943,5189,106,3.0,3.0,3.0,3.0,3.0,0,19.11,19.11,5.8,13.5,72,0.99,40.0,46.7,-0.1,1.00,8,59,99,0.056,-14.75,0,3,0.00,0.710,0.0000,16.700,0.000,0.000,0.000,0.000,0.000,0.000,1.434,13.7700,13.67,1.0298,2.0,-38.10,-38.100,0,0.00,0.00,131072.00,43.250,0.111,0.140,0.000,-0.029,117.600,117.500,4.272,-0.158,-46.582,0.00,0.00,72.10,0.00,
69.270,0,0.0,1.6,0.0,0.7,182,3756,4,1943,5190,106,3.0,3.0,3.0,3.0,3.0,0,19.11,19.11,5.8,13.5,72,0.99,40.0,44.4,-0.1,1.00,8,58,99,0.067,-14.75,0,3,0.00,0.710,0.0000,16.700,0.000,0.000,0.000,0.000,0.000,0.000,1.434,13.7400,13.71,1.0286,2.0,-38.00,-38.000,0,0.00,0.00,131072.00,42.906,0.111,0.140,0.000,-0.029,118.100,117.500,4.272,-0.158,-46.582,0.00,0.00,72.10,0.00,
69.359,0,0.0,1.6,0.0,0.7,182,3734,4,1943,5192,106,1.5,2.0,2.0,2.0,2.0,0,19.11,19.11,5.8,13.5,72,0.99,36.0,52.1,-0.1,1.00,8,58,99,0.067,-14.75,0,3,0.00,0.710,0.0000,16.800,0.000,0.000,0.000,0.000,0.000,0.000,1.421,13.7200,13.70,1.0286,2.0,-38.00,-38.000,0,0.00,0.00,131072.00,42.562,0.113,0.140,0.000,-0.027,118.100,117.500,4.272,-0.158,-46.582,0.00,0.00,72.10,0.00,
69.449,0,0.0,1.5,0.0,0.7,182,3707,4,1943,5194,106,1.5,2.0,2.0,2.0,2.0,0,19.11,19.11,5.8,13.5,72,0.99,36.0,45.5,-0.1,1.00,8,57,99,0.067,-14.75,0,3,0.00,0.710,0.0000,16.800,0.000,0.000,0.000,0.000,0.000,0.000,1.408,13.6800,13.60,1.0286,2.0,-37.90,-37.900,0,0.00,0.00,131072.00,42.156,0.113,0.140,0.000,-0.027,117.200,117.500,4.272,-0.158,-46.582,0.00,0.00,72.10,0.00,
69.529,0,0.0,1.5,0.0,0.7,182,3673,4,1943,5194,106,1.5,2.0,2.0,2.0,2.0,0,19.11,19.11,5.8,13.5,72,0.99,36.0,38.9,-0.1,1.00,8,57,99,0.063,-14.75,0,3,0.00,0.710,0.0000,16.800,0.000,0.000,0.000,0.000,0.000,0.000,1.408,13.6600,13.65,1.0279,2.0,-37.80,-37.800,0,0.00,0.00,131072.00,41.750,0.115,0.140,0.000,-0.025,117.600,117.500,4.272,-0.158,-46.582,0.00,0.00,72.10,0.00,
69.609,0,0.0,1.5,0.0,0.7,182,3664,4,1943,5194,106,2.2,2.5,2.5,2.5,2.5,0,19.11,19.11,5.8,12.7,72,0.99,36.0,46.4,0.0,1.00,8,57,99,0.061,-14.75,0,3,0.00,0.709,0.0000,16.800,0.000,0.000,0.000,0.000,0.000,0.000,1.389,13.6500,13.50,1.0275,2.0,-37.90,-38.000,0,0.00,0.00,131072.00,41.500,0.117,0.140,0.000,-0.023,118.000,117.500,4.272,-0.158,-46.582,0.00,0.00,72.09,0.00,
69.689,0,0.0,1.5,0.0,0.7,181,3644,4,1943,5195,106,2.2,2.5,2.5,2.5,2.5,0,19.11,19.11,5.8,12.7,72,0.99,36.0,48.1,0.0,1.00,8,57,99,0.050,-14.75,0,3,0.00,0.709,0.0000,16.800,0.000,0.000,0.000,0.000,0.000,0.000,1.389,13.6300,13.60,1.0275,2.0,-37.90,-37.900,0,0.00,0.00,131072.00,41.250,0.117,0.140,0.000,-0.023,117.500,117.500,4.272,-0.158,-46.582,0.00,0.00,72.09,0.00,
69.779,0,0.0,1.5,0.0,0.7,181,3615,4,1943,5197,106,1.5,1.5,1.5,1.5,1.5,0,19.11,19.11,5.8,13.5,72,0.99,36.0,37.0,-0.1,1.00,8,56,99,0.061,-14.75,0,3,0.00,0.709,0.0000,16.800,0.000,0.000,0.000,0.000,0.000,0.000,1.389,13.6000,13.63,1.0275,2.0,-37.80,-37.800,0,0.00,0.00,131072.00,40.875,0.117,0.140,0.000,-0.023,117.900,117.500,4.272,-0.158,-46.582,0.00,0.00,72.09,0.00,
69.869,0,0.0,1.4,0.0,0.7,181,3602,4,1943,5198,107,1.5,2.0,1.5,2.0,1.5,0,19.11,19.11,5.8,13.5,72,0.99,36.0,36.4,0.0,1.00,8,56,99,0.072,-14.75,0,3,0.00,0.710,0.0000,16.800,0.000,0.000,0.000,0.000,0.000,0.000,1.376,13.5900,13.53,1.0275,2.0,-37.70,-37.700,0,0.00,0.00,131072.00,40.593,0.117,0.140,0.000,-0.023,117.800,117.500,4.272,-0.158,-46.582,0.00,0.00,72.10,0.00,
69.949,0,0.0,1.4,0.0,0.7,181,3586,4,1943,5198,107,1.5,1.5,1.5,1.5,1.5,0,19.11,19.11,5.8,13.5,72,0.99,36.0,48.5,-0.1,1.00,8,56,99,0.058,-14.75,0,3,0.00,0.710,0.0000,16.800,0.000,0.000,0.000,0.000,0.000,0.000,1.372,13.5700,13.57,1.0275,2.0,-37.90,-37.800,0,0.00,0.00,131072.00,40.375,0.117,0.140,0.000,-0.023,117.700,117.500,4.272,-0.158,-46.582,0.00,0.00,72.10,0.00,
70.039,0,0.0,1.4,0.0,0.7,181,3550,4,1943,5200,107,1.5,2.0,2.0,2.0,2.0,0,19.11,19.11,5.8,13.5,72,0.99,36.0,50.8,0.0,1.00,8,55,99,0.061,-14.75,0,3,0.00,0.710,0.0000,16.800,0.000,0.000,0.000,0.000,0.000,0.000,1.363,13.5400,13.55,1.0270,2.0,-37.70,-37.700,0,0.00,0.00,131072.00,40.000,0.119,0.140,0.000,-0.021,118.200,117.500,4.272,-0.158,-46.582,0.00,0.00,72.10,0.00,
70.129,0,0.0,1.4,0.0,0.7,181,3527,4,1943,5200,107,1.5,2.0,1.5,2.0,1.5,0,19.11,19.11,5.8,12.7,72,0.99,36.0,39.3,0.0,1.00,8,55,99,0.080,-14.75,0,3,0.00,0.709,0.0000,16.800,0.000,0.000,0.000,0.000,0.000,0.000,1.340,13.5100,13.43,1.0266,2.0,-37.60,-37.600,0,0.00,0.00,131072.00,39.593,0.119,0.140,0.000,-0.021,118.300,117.500,4.272,-0.158,-46.582,0.00,0.00,72.09,0.00,
70.210,0,0.0,1.4,0.0,0.7,181,3505,4,1943,5202,107,1.5,2.0,2.0,2.0,2.0,0,19.11,19.11,5.8,12.7,72,0.99,36.0,49.2,0.0,1.00,8,55,99,0.066,-14.75,0,3,0.00,0.709,0.0000,16.800,0.000,0.000,0.000,0.000,0.000,0.000,1.340,13.5000,13.50,1.0266,2.0,-37.60,-37.600,0,0.00,0.00,131072.00,39.312,0.121,0.140,0.000,-0.019,118.100,117.500,4.272,-0.158,-46.582,0.00,0.00,72.09,0.00,
70.299,0,0.0,1.4,0.0,0.7,181,3503,4,1943,5202,107,1.5,2.0,2.0,2.0,2.0,0,19.11,19.11,5.8,12.7,72,0.99,36.0,49.8,0.0,1.00,8,54,99,0.086,-14.75,0,3,0.00,0.709,0.0000,16.800,0.000,0.000,0.000,0.000,0.000,0.000,1.332,13.4900,13.45,1.0266,2.0,-37.50,-37.500,0,0.00,0.00,131072.00,39.156,0.119,0.140,0.000,-0.021,118.200,117.500,4.272,-0.158,-46.582,0.00,0.00,72.09,0.00,
70.379,0,0.0,1.4,0.0,0.7,181,3474,4,1943,5205,107,0.7,1.0,1.0,1.0,1.0,0,19.11,19.11,5.8,12.7,72,0.99,36.0,55.7,0.0,1.00,8,54,99,0.086,-14.75,0,3,0.00,0.709,0.0000,16.800,0.000,0.000,0.000,0.000,0.000,0.000,1.315,13.4600,13.28,1.0266,2.0,-37.50,-37.500,0,0.00,0.00,131072.00,38.906,0.121,0.140,0.000,-0.019,117.800,117.500,4.272,-0.158,-46.582,0.00,0.00,72.09,0.00,
70.459,0,0.0,1.3,0.0,0.7,181,3456,4,1943,5205,107,0.7,1.0,1.0,1.0,1.0,0,19.11,19.11,5.8,12.7,72,0.99,32.0,46.8,0.0,1.00,8,54,99,0.082,-14.75,0,3,0.00,0.709,0.0000,16.800,0.000,0.000,0.000,0.000,0.000,0.000,1.319,13.4500,13.41,1.0261,2.0,-37.40,-37.400,0,0.00,0.00,131072.00,38.593,0.121,0.140,0.000,-0.019,117.900,117.500,4.272,-0.158,-46.582,0.00,0.00,72.09,0.00,
70.541,0,0.0,1.3,0.0,0.7,181,3455,4,1943,5207,107,0.7,1.0,1.0,1.0,1.0,0,19.11,19.11,5.8,12.7,72,0.99,32.0,47.6,0.0,1.00,8,53,99,0.064,-14.75,0,3,0.00,0.709,0.0000,16.800,0.000,0.000,0.000,0.000,0.000,0.000,1.319,13.4400,13.36,1.0257,2.0,-37.40,-37.400,0,0.00,0.00,131072.00,38.437,0.121,0.140,0.000,-0.019,117.900,117.500,4.272,-0.158,-46.582,0.00,0.00,72.09,0.00,
70.629,0,0.0,1.3,0.0,0.7,181,3427,4,1943,5207,107,0.7,1.0,1.0,1.0,1.0,0,19.11,19.11,5.8,12.7,72,0.99,32.0,47.0,0.0,1.00,8,53,99,0.080,-14.75,0,3,0.00,0.709,0.0000,16.800,0.000,0.000,0.000,0.000,0.000,0.000,1.307,13.4100,13.36,1.0253,2.0,-37.30,-37.200,0,0.00,0.00,131072.00,38.156,0.123,0.140,0.000,-0.017,118.100,117.500,4.272,-0.158,-46.582,0.00,0.00,72.09,0.00,
70.719,0,0.0,1.3,0.0,0.7,181,3406,4,1943,5208,107,0.0,0.5,0.5,0.5,0.5,0,19.11,19.11,5.8,12.7,72,0.99,32.0,42.3,0.0,1.00,8,53,99,0.077,-14.75,0,3,0.00,0.709,0.0000,16.800,0.000,0.000,0.000,0.000,0.000,0.000,1.307,13.3900,13.36,1.0252,2.0,-37.20,-37.200,0,0.00,0.00,131072.00,37.875,0.123,0.140,0.000,-0.017,118.000,117.500,4.272,-0.158,-46.582,0.00,0.00,72.09,0.00,
70.809,0,0.0,1.3,0.0,0.7,180,3383,4,1943,5210,107,0.7,1.0,1.0,1.0,1.0,0,19.11,19.11,5.8,12.7,72,0.99,32.0,57.1,0.0,1.00,8,52,99,0.077,-14.75,0,3,0.00,0.707,0.0000,16.800,0.000,0.000,0.000,0.000,0.000,0.000,1.293,13.3700,13.26,1.0252,2.0,-37.10,-37.100,0,0.00,0.00,131072.00,37.562,0.123,0.140,0.000,-0.017,118.000,117.500,4.272,-0.158,-46.582,0.00,0.00,72.09,0.00,
70.880,0,0.0,1.3,0.0,0.7,180,3372,4,1943,5210,107,0.0,0.5,1.0,0.5,1.0,0,19.11,19.11,5.8,12.7,72,0.99,32.0,52.6,-0.1,1.00,8,52,99,0.058,-14.75,0,3,0.00,0.708,0.0000,16.800,0.000,0.000,0.000,0.000,0.000,0.000,1.293,13.3700,13.27,1.0252,2.0,-36.90,-36.900,0,0.00,0.00,131072.00,37.406,0.123,0.140,0.000,-0.017,118.300,117.500,4.272,-0.158,-46.582,0.00,0.00,72.10,0.00,
70.970,0,0.0,1.3,0.0,0.7,180,3347,4,1943,5212,107,0.0,0.5,0.5,0.5,0.5,0,19.11,19.11,5.8,12.7,72,0.99,32.0,44.0,-0.1,1.00,8,52,99,0.058,-14.75,0,3,0.00,0.708,0.0000,16.800,0.000,0.000,0.000,0.000,0.000,0.000,1.281,13.3300,13.18,1.0252,2.0,-36.70,-36.700,0,0.00,0.00,131072.00,37.093,0.123,0.140,0.000,-0.017,118.000,117.500,4.272,-0.158,-46.582,0.00,0.00,72.10,0.00,
71.059,0,0.0,1.3,0.0,0.7,180,3329,4,1943,5212,107,0.0,0.5,0.5,0.5,0.5,0,19.11,19.11,5.8,12.7,72,0.99,32.0,46.2,-0.1,1.00,8,52,99,0.052,-14.75,0,3,0.00,0.708,0.0000,16.800,0.000,0.000,0.000,0.000,0.000,0.000,1.281,13.3300,13.18,1.0242,2.0,-36.70,-36.700,0,0.00,0.00,131072.00,36.812,0.123,0.140,0.000,-0.017,118.100,117.500,4.272,-0.158,-46.582,0.00,0.00,72.10,0.00,
71.130,0,0.0,1.2,0.0,0.7,180,3323,4,1943,5213,107,0.0,0.5,0.5,0.5,0.5,0,19.11,19.11,5.8,12.7,72,0.99,32.0,50.3,-0.1,1.00,8,51,99,0.027,-14.75,0,3,0.00,0.708,0.0000,16.800,0.000,0.000,0.000,0.000,0.000,0.000,1.281,13.3100,13.21,1.0242,2.0,-36.60,-36.600,0,0.00,0.00,131072.00,36.718,0.123,0.140,0.000,-0.017,118.000,117.500,4.272,-0.158,-46.582,0.00,0.00,72.24,0.00,
71.219,0,0.0,1.2,0.0,0.7,180,3295,4,1943,5213,107,0.0,0.5,0.5,0.5,0.5,0,19.11,19.11,5.8,12.7,72,0.99,32.0,46.7,-0.1,1.00,8,51,99,0.031,-14.75,0,3,0.00,0.708,0.0000,16.800,0.000,0.000,0.000,0.000,0.000,0.000,1.260,13.2800,13.01,1.0242,2.0,-36.50,-36.500,0,0.00,0.00,131072.00,36.375,0.125,0.140,0.000,-0.015,118.100,117.500,4.272,-0.158,-46.582,0.00,0.00,72.24,0.00,
71.309,0,0.0,1.2,0.0,0.7,180,3280,4,1943,5215,107,0.0,0.5,0.5,0.5,0.5,0,19.11,19.11,5.8,12.7,72,0.99,32.0,36.9,0.0,1.00,8,51,99,0.038,-14.75,0,3,0.00,0.708,0.0000,16.800,0.000,0.000,0.000,0.000,0.000,0.000,1.264,13.2700,13.16,1.0242,2.0,-36.40,-36.400,0,0.00,0.00,131072.00,36.093,0.125,0.140,0.000,-0.015,118.100,117.500,4.272,-0.158,-46.582,0.00,0.00,72.10,0.00,
71.389,0,0.0,1.2,0.0,0.7,180,3258,4,1943,5217,107,0.0,0.5,0.5,0.5,0.5,0,19.11,19.11,5.8,12.7,72,0.99,32.0,40.2,0.0,1.00,8,51,99,0.027,-14.75,0,3,0.00,0.708,0.0000,16.800,0.000,0.000,0.000,0.000,0.000,0.000,1.264,13.2500,13.17,1.0242,2.0,-36.30,-36.300,0,0.00,0.00,131072.00,35.875,0.125,0.140,0.000,-0.015,117.900,117.500,4.272,-0.158,-46.582,0.00,0.00,72.24,0.00,
71.469,0,0.0,1.2,0.0,0.7,180,3238,4,1943,5217,107,0.0,0.0,0.0,0.0,0.0,0,19.11,19.11,5.8,12.7,72,0.99,32.0,41.4,0.0,1.00,8,50,99,0.031,-14.75,0,3,0.00,0.708,0.0000,16.800,0.000,0.000,0.000,0.000,0.000,0.000,1.242,13.2300,12.96,1.0242,2.0,-36.20,-36.200,0,0.00,0.00,131072.00,35.593,0.125,0.140,0.000,-0.015,118.100,117.500,4.272,-0.158,-46.582,0.00,0.00,72.24,0.00,
71.559,0,0.0,1.2,0.0,0.7,180,3220,4,1943,5218,107,0.0,-0.5,0.0,-0.5,-0.5,0,19.11,19.11,5.8,12.7,72,0.99,32.0,40.3,0.0,1.00,8,50,99,0.033,-14.75,0,3,0.00,0.708,0.0000,16.800,0.000,0.000,0.000,0.000,0.000,0.000,1.250,13.2100,13.11,1.0236,2.0,-36.10,-36.100,0,0.00,0.00,131072.00,35.312,0.125,0.140,0.000,-0.015,118.000,117.500,4.272,-0.158,-46.582,0.00,0.00,72.24,0.00,
71.659,0,0.0,1.2,0.0,0.7,180,3200,4,1943,5220,107,0.0,-0.5,-0.5,-0.5,-0.5,0,19.11,19.11,5.8,12.7,72,0.99,32.0,46.2,0.0,1.00,8,50,99,0.013,-14.75,0,3,0.00,0.708,0.0000,16.800,0.000,0.000,0.000,0.000,0.000,0.000,1.238,13.1900,13.01,1.0231,2.0,-36.00,-36.000,0,0.00,0.00,131072.00,35.031,0.125,0.140,0.000,-0.015,118.100,117.500,4.272,-0.158,-46.582,0.00,0.00,72.24,0.00,
71.741,0,0.0,1.2,0.0,0.7,180,3178,4,1943,5220,107,0.0,-0.5,-0.5,-0.5,-0.5,0,19.11,19.11,5.4,12.7,72,0.99,28.0,43.0,0.0,1.00,8,49,99,0.031,-14.75,0,3,0.00,0.708,0.0000,16.800,0.000,0.000,0.000,0.000,0.000,0.000,1.229,13.1700,12.98,1.0231,2.0,-36.20,-36.100,0,0.00,0.00,131072.00,34.781,0.125,0.140,0.000,-0.015,118.100,117.500,4.272,-0.158,-46.582,0.00,0.00,72.24,0.00,
71.829,0,0.0,1.2,0.0,0.7,180,3161,4,1943,5220,107,0.0,-0.5,-0.5,-0.5,-0.5,0,19.11,19.11,5.4,12.7,72,0.99,32.0,47.4,0.0,1.00,8,49,99,0.027,-14.75,0,3,0.00,0.708,0.0000,16.800,0.000,0.000,0.000,0.000,0.000,0.000,1.238,13.1500,13.13,1.0231,2.0,-36.00,-36.000,0,0.00,0.00,131072.00,34.531,0.125,0.140,0.000,-0.015,118.100,117.500,4.272,-0.158,-46.582,0.00,0.00,72.24,0.00,
71.899,0,0.0,1.2,0.0,0.7,180,3145,4,1943,5222,107,0.0,-0.5,-0.5,-0.5,-0.5,0,19.11,19.11,5.4,12.7,72,0.99,28.0,40.0,0.0,1.00,8,49,99,0.015,-14.75,0,3,0.00,0.708,0.0000,16.800,0.000,0.000,0.000,0.000,0.000,0.000,1.225,13.1400,13.00,1.0231,2.0,-35.90,-36.000,0,0.00,0.00,131072.00,34.312,0.125,0.140,0.000,-0.015,118.100,117.500,4.272,-0.158,-46.582,0.00,0.00,72.24,0.00,
71.979,0,0.0,1.1,0.0,0.7,179,3131,4,1943,5222,107,0.0,-0.5,-0.5,-0.5,-0.5,0,19.11,19.11,5.4,12.7,72,0.99,28.0,46.1,0.0,1.00,8,48,99,0.018,-14.75,0,3,0.00,0.708,0.0000,16.800,0.000,0.000,0.000,0.000,0.000,0.000,1.225,13.1200,13.05,1.0231,2.0,-35.90,-35.900,0,0.00,0.00,131072.00,34.093,0.126,0.140,0.000,-0.013,118.000,117.500,4.272,-0.158,-46.582,0.00,0.00,72.24,0.00,
72.079,0,0.0,1.1,0.0,0.7,179,3104,4,1943,5223,107,-0.7,-1.0,-1.0,-1.0,-1.0,0,19.11,19.11,5.8,12.7,72,0.99,28.0,49.1,0.0,1.00,8,48,99,0.011,-14.75,0,3,0.00,0.708,0.0000,16.800,0.000,0.000,0.000,0.000,0.000,0.000,1.217,13.0900,12.96,1.0231,2.0,-35.70,-35.700,0,0.00,0.00,131072.00,33.781,0.126,0.140,0.000,-0.013,118.000,117.500,4.272,-0.158,-46.582,0.00,0.00,72.24,0.00,
72.164,0,0.0,1.1,0.0,0.7,179,3088,4,1943,5225,107,0.0,-0.5,-1.0,-0.5,-1.0,0,19.11,19.11,5.4,12.7,72,0.99,28.0,45.5,0.0,1.00,8,48,99,0.013,-14.75,0,3,0.00,0.708,0.0000,16.800,0.000,0.000,0.000,0.000,0.000,0.000,1.203,13.0800,12.83,1.0225,2.0,-35.70,-35.800,0,0.00,0.00,131072.00,33.562,0.126,0.140,0.000,-0.013,117.900,117.500,4.272,-0.158,-46.582,0.00,0.00,72.24,0.00,
72.249,0,0.0,1.1,0.0,0.7,179,3072,4,1943,5225,107,-0.7,-1.0,-1.0,-1.0,-1.0,0,19.11,19.11,5.4,12.7,72,0.99,28.0,39.0,0.0,1.00,8,47,99,0.022,-14.75,0,3,0.00,0.708,0.0000,16.800,0.000,0.000,0.000,0.000,0.000,0.000,1.207,13.0600,12.91,1.0222,2.0,-35.60,-35.600,0,0.00,0.00,131072.00,33.312,0.126,0.140,0.000,-0.013,117.900,117.500,4.272,-0.158,-46.582,0.00,0.00,72.24,0.00,
72.353,0,0.0,1.1,0.0,0.7,179,3049,4,1943,5226,107,-0.7,-1.0,-1.0,-1.0,-1.0,0,19.11,19.11,5.4,12.7,72,0.99,28.0,34.6,0.0,1.00,8,47,99,0.009,-14.75,0,3,0.00,0.708,0.0000,16.800,0.000,0.000,0.000,0.000,0.000,0.000,1.207,13.0300,12.98,1.0222,2.0,-35.50,-35.500,0,0.00,0.00,131072.00,33.031,0.126,0.140,0.000,-0.013,117.900,117.500,4.272,-0.158,-46.582,0.00,0.00,72.24,0.00,
72.439,0,0.0,1.1,0.0,0.7,179,3021,4,1943,5228,107,-0.7,-1.0,-1.0,-1.0,-1.0,0,19.11,19.11,5.4,12.7,72,0.99,28.0,42.9,-0.1,1.00,7,47,99,-0.049,-14.75,0,3,0.00,0.706,0.0000,16.800,0.000,0.000,0.000,0.000,0.000,0.000,1.195,13.0100,12.77,1.0220,2.0,-35.50,-35.400,0,0.00,0.00,131072.00,32.687,0.126,0.140,0.000,-0.013,117.800,117.500,4.272,-0.158,-46.582,0.00,0.00,72.24,0.00,
72.509,0,0.0,1.1,0.0,0.7,179,3008,4,1943,5228,107,-0.7,-1.0,-1.0,-1.0,-1.0,0,19.11,19.11,5.4,12.7,72,0.99,28.0,34.7,-0.1,1.00,7,47,99,-0.049,-14.75,0,3,0.00,0.706,0.0000,16.800,0.000,0.000,0.000,0.000,0.000,0.000,1.195,13.0000,12.78,1.0220,2.0,-35.50,-35.500,0,0.00,0.00,131072.00,32.500,0.126,0.140,0.000,-0.013,117.900,117.500,4.272,-0.158,-46.582,0.00,0.00,72.24,0.00,
72.589,0,0.0,1.0,0.0,0.7,179,2998,4,1943,5228,107,-1.5,-1.5,-1.0,-1.5,-1.0,0,19.11,19.11,5.4,12.7,72,0.99,28.0,42.4,-0.1,1.00,7,46,99,-0.065,-14.75,0,3,0.00,0.701,0.0000,16.700,0.000,0.000,0.000,0.000,0.000,0.000,1.195,12.9800,12.83,1.0220,2.0,-35.40,-35.400,0,0.00,0.00,131072.00,32.312,0.126,0.140,0.000,-0.013,117.800,117.500,4.272,-0.158,-46.582,0.00,0.00,72.24,0.00,
72.670,0,0.0,1.1,0.0,0.6,179,2975,4,1943,5230,107,-1.5,-1.5,-1.5,-1.5,-1.5,0,19.11,19.11,5.4,12.7,72,0.99,28.0,43.4,-0.1,1.00,7,46,99,-0.083,-14.75,0,3,0.00,0.686,0.0000,16.700,0.000,0.000,0.000,0.000,0.000,0.000,1.195,12.9600,12.91,1.0219,2.0,-35.20,-35.200,0,0.00,0.00,131072.00,32.093,0.125,0.138,0.000,-0.013,117.800,117.500,4.272,-0.158,-46.582,0.00,0.00,72.24,0.00,
72.761,0,0.0,1.0,0.0,0.6,179,2955,4,1943,5231,107,-1.5,-1.5,-1.5,-1.5,-1.5,0,19.11,19.11,5.4,12.0,72,0.99,28.0,45.6,-0.1,1.00,7,46,99,-0.070,-14.75,0,3,0.00,0.670,0.0000,16.600,0.000,0.000,0.000,0.000,0.000,0.000,1.174,12.9400,12.70,1.0219,2.0,-35.00,-35.000,0,0.00,0.00,131072.00,31.750,0.126,0.138,0.000,-0.011,117.900,117.500,4.272,-0.158,-46.582,0.00,0.00,72.24,0.00,
72.849,0,0.0,1.0,0.0,0.6,179,2935,4,1943,5230,107,-1.5,-1.5,-2.0,-1.5,-2.0,0,19.11,19.11,5.4,12.7,72,0.99,28.0,39.6,-0.1,1.00,7,45,99,-0.065,-14.75,0,3,0.00,0.659,0.0000,16.500,0.000,0.000,0.000,0.000,0.000,0.000,1.182,12.9300,12.87,1.0209,2.0,-35.00,-35.000,0,0.00,0.00,131072.00,31.500,0.126,0.138,0.000,-0.011,117.700,117.500,4.272,-0.158,-46.582,0.00,0.00,72.24,0.00,
72.929,0,0.0,1.0,0.0,0.6,179,2920,4,1943,5231,107,-1.5,-2.0,-2.0,-2.0,-2.0,0,19.11,19.11,5.4,12.7,72,0.99,28.0,43.2,-0.1,1.00,7,45,99,-0.049,-14.75,0,3,0.00,0.650,0.0000,16.500,0.000,0.000,0.000,0.000,0.000,0.000,1.169,12.9100,12.73,1.0208,2.0,-35.00,-35.000,0,0.00,0.00,131072.00,31.281,0.123,0.136,0.000,-0.013,117.700,117.500,4.272,-0.158,-46.582,0.00,0.00,72.24,0.00,
73.000,0,0.0,1.0,0.0,0.6,179,2901,4,1943,5233,107,-1.5,-1.5,-1.5,-2.0,-2.0,0,19.11,19.11,5.4,12.7,72,0.99,28.0,33.4,0.0,1.00,7,45,99,-0.063,-14.75,0,3,0.00,0.636,0.0000,16.400,0.000,0.000,0.000,0.000,0.000,0.000,1.169,12.8900,12.81,1.0208,2.0,-34.90,-34.900,0,0.00,0.00,131072.00,31.093,0.123,0.136,0.000,-0.013,117.800,117.500,4.272,-0.158,-46.582,0.00,0.00,72.24,0.00,
73.080,0,0.0,1.0,0.0,0.6,179,2875,4,1943,5233,107,-1.5,-2.0,-2.0,-2.0,-2.0,0,19.11,19.11,5.4,12.7,72,0.99,28.0,44.1,-0.1,1.00,7,45,99,-0.101,-14.75,0,3,0.00,0.618,0.0000,16.200,0.000,0.000,0.000,0.000,0.000,0.000,1.160,12.8600,12.70,1.0208,2.0,-34.80,-34.800,0,0.00,0.00,131072.00,30.812,0.123,0.136,0.000,-0.013,117.600,117.500,4.272,-0.158,-46.582,0.00,0.00,72.24,0.00,
73.170,0,0.0,1.0,0.0,0.6,179,2860,4,1943,5233,107,-1.5,-1.5,-1.5,-1.5,-1.5,0,19.11,19.11,5.4,12.0,72,0.99,24.0,38.5,-0.1,1.00,7,44,99,-0.106,-14.75,0,3,0.00,0.612,0.0000,16.200,0.000,0.000,0.000,0.000,0.000,0.000,1.152,12.8500,12.58,1.0205,2.0,-34.90,-34.800,0,0.00,0.00,131072.00,30.531,0.121,0.134,0.000,-0.013,117.700,117.500,4.272,-0.158,-46.582,0.00,0.00,72.24,0.00,
73.249,0,0.0,1.0,0.0,0.6,179,2851,4,1943,5235,107,-1.5,-1.5,-1.5,-1.5,-1.5,0,19.11,19.11,5.4,12.0,72,0.99,24.0,36.5,-0.1,1.00,7,44,99,-0.131,-14.75,0,3,0.00,0.601,0.0000,16.200,0.000,0.000,0.000,0.000,0.000,0.000,1.152,12.8400,12.56,1.0198,2.0,-34.90,-34.800,0,0.00,0.00,131072.00,30.375,0.121,0.134,0.000,-0.013,117.600,117.500,4.272,-0.158,-46.582,0.00,0.00,72.39,0.00,
73.344,0,0.0,1.0,0.0,0.5,179,2830,4,1943,5236,107,-1.5,-1.5,-1.5,-1.5,-1.5,0,19.11,19.11,5.4,12.0,72,0.99,24.0,47.6,-0.1,1.00,7,44,99,-0.147,-14.75,0,3,0.00,0.583,0.0000,16.100,0.000,0.000,0.000,0.000,0.000,0.000,1.152,12.8100,12.70,1.0198,2.0,-34.90,-34.700,0,0.00,0.00,131072.00,30.125,0.121,0.134,0.000,-0.013,117.700,117.500,4.272,-0.158,-46.582,0.00,0.00,72.39,0.00,
73.419,0,0.0,1.0,0.0,0.5,179,2805,4,1943,5236,107,-1.5,-1.5,-1.5,-1.5,-1.5,0,19.11,19.11,5.4,12.0,72,0.99,24.0,51.2,-0.1,1.00,7,43,99,-0.163,-14.75,0,3,0.00,0.572,0.0000,16.000,0.000,0.000,0.000,0.000,0.000,0.000,1.152,12.8000,12.71,1.0198,2.0,-34.90,-34.900,0,0.00,0.00,131072.00,29.843,0.119,0.132,0.000,-0.013,117.600,117.500,4.272,-0.158,-46.582,0.00,0.00,72.39,0.00,
73.499,0,0.0,1.0,0.0,0.5,178,2792,4,1943,5238,107,-1.5,-1.5,-1.5,-1.5,-1.5,0,19.11,19.11,5.4,12.0,72,0.99,24.0,46.7,-0.2,1.00,7,43,99,-0.167,-14.75,0,3,0.00,0.561,0.0000,16.000,0.000,0.000,0.000,0.000,0.000,0.000,1.139,12.7800,12.63,1.0198,2.0,-34.80,-34.800,0,0.00,0.00,131072.00,29.625,0.119,0.132,0.000,-0.013,117.800,117.500,4.272,-0.158,-46.582,0.00,0.00,72.39,0.00,
73.590,0,0.0,1.0,0.0,0.5,178,2772,4,1943,5236,107,-1.5,-1.5,-1.5,-1.5,-1.5,0,19.11,19.11,5.4,12.0,72,0.99,24.0,49.0,-0.1,1.00,7,43,99,-0.183,-14.75,0,3,0.00,0.547,0.0000,15.900,0.000,0.000,0.000,0.000,0.000,0.000,1.139,12.7600,12.73,1.0198,2.0,-34.70,-34.700,0,0.00,0.00,131072.00,29.375,0.117,0.132,0.000,-0.015,117.900,117.500,4.272,-0.158,-46.582,0.00,0.00,72.39,0.00,
73.670,0,0.0,1.0,0.0,0.5,178,2753,4,1943,5238,107,-1.5,-1.5,-1.5,-1.5,-1.5,0,19.11,19.11,5.4,12.7,72,0.99,24.0,43.3,-0.2,1.00,7,43,99,-0.208,-14.75,0,3,0.00,0.536,0.0000,15.800,0.000,0.000,0.000,0.000,0.000,0.000,1.117,12.7400,12.50,1.0198,2.0,-34.60,-34.600,0,0.00,0.00,131072.00,29.156,0.117,0.130,0.000,-0.013,117.800,117.500,4.272,-0.158,-46.582,0.00,0.00,72.39,0.00,
73.760,0,0.0,1.0,0.0,0.5,178,2735,4,1943,5238,107,-1.5,-2.0,-2.0,-2.0,-2.0,0,19.11,19.11,5.4,12.0,72,0.99,24.0,38.2,-0.2,1.00,6,42,99,-0.208,-14.75,0,3,0.00,0.522,0.0000,15.800,0.000,0.000,0.000,0.000,0.000,0.000,1.126,12.7200,12.63,1.0196,2.0,-34.60,-34.600,0,0.00,0.00,131072.00,28.906,0.117,0.130,0.000,-0.013,117.500,117.500,4.272,-0.158,-46.582,0.00,0.00,72.39,0.00,
73.850,0,0.0,1.0,0.0,0.5,178,2714,4,1943,5240,107,-1.5,-2.0,-2.0,-2.0,-2.0,0,19.11,19.11,5.4,12.0,72,0.99,24.0,29.4,-0.2,1.00,6,42,99,-0.242,-14.75,0,3,0.00,0.507,0.0000,15.700,0.000,0.000,0.000,0.000,0.000,0.000,1.117,12.7000,12.65,1.0194,2.0,-34.40,-34.400,0,0.00,0.00,131072.00,28.656,0.115,0.130,0.000,-0.015,118.100,117.500,4.272,-0.158,-46.582,0.00,0.00,72.39,0.00,
73.940,0,0.0,1.0,0.0,0.5,178,2695,4,1943,5240,107,-1.5,-2.0,-2.0,-2.0,-2.0,0,19.11,19.11,5.4,12.0,72,0.99,24.0,41.2,-0.2,1.00,6,42,99,-0.294,-14.75,0,3,0.00,0.494,0.0000,15.700,0.000,0.000,0.000,0.000,0.000,0.000,1.105,12.6800,12.48,1.0187,2.0,-34.40,-34.400,0,0.00,0.00,131072.00,28.406,0.113,0.128,0.000,-0.015,117.800,117.500,4.272,-0.158,-46.582,0.00,0.00,72.53,0.00,
74.020,0,0.0,1.0,0.0,0.4,178,2669,4,1943,5241,107,-2.2,-2.5,-2.5,-2.5,-2.0,0,19.11,19.11,5.4,12.0,72,0.99,24.0,37.4,-0.3,1.00,6,41,99,-0.303,-14.75,0,3,0.00,0.480,0.0000,15.500,0.000,0.000,0.000,0.000,0.000,0.000,1.105,12.6600,12.57,1.0187,2.0,-34.20,-34.200,0,0.00,0.00,131072.00,28.125,0.113,0.128,0.000,-0.015,117.800,117.500,4.272,-0.158,-46.582,0.00,0.00,72.53,0.00,
74.100,0,0.0,1.0,0.0,0.4,178,2649,4,1943,5241,107,-2.2,-2.5,-2.5,-2.5,-2.5,0,19.11,19.11,5.4,12.0,72,0.99,24.0,55.0,-0.3,1.00,6,41,99,-0.330,-14.75,0,3,0.00,0.467,0.0000,15.400,0.000,0.000,0.000,0.000,0.000,0.000,1.083,12.6400,12.33,1.0187,2.0,-34.20,-34.200,0,0.00,0.00,131072.00,27.875,0.113,0.128,0.000,-0.015,117.600,117.500,4.272,-0.158,-46.582,0.00,0.00,72.53,0.00,
74.190,0,0.0,1.0,0.0,0.4,178,2637,4,1943,5241,108,-1.5,-2.0,-2.0,-2.0,-2.0,0,19.11,19.11,5.4,12.0,72,0.99,24.0,50.8,-0.3,1.00,6,41,99,-0.364,-14.75,0,3,0.00,0.453,0.0000,15.400,0.000,0.000,0.000,0.000,0.000,0.000,1.083,12.6200,12.41,1.0187,2.0,-34.10,-34.000,0,0.00,0.00,131072.00,27.625,0.113,0.128,0.000,-0.015,117.500,117.500,4.272,-0.158,-46.582,0.00,0.00,72.53,0.00,
74.270,0,0.0,1.0,0.0,0.4,178,2611,4,1943,5244,108,-2.2,-2.5,-2.5,-2.5,-2.5,0,19.11,19.11,5.4,12.0,72,0.99,24.0,42.1,-0.3,1.00,6,40,99,-0.389,-14.75,0,3,0.00,0.438,0.0000,15.300,0.000,0.000,0.000,0.000,0.000,0.000,1.083,12.6000,12.48,1.0187,2.0,-33.90,-33.900,0,0.00,0.00,131072.00,27.406,0.113,0.128,0.000,-0.015,117.800,117.500,4.272,-0.158,-46.582,0.00,0.00,72.53,0.00,
74.361,0,0.0,1.0,0.0,0.4,178,2593,4,1943,5244,108,-2.2,-2.5,-2.5,-2.5,-2.5,0,19.11,19.11,5.4,12.0,72,0.99,24.0,46.5,-0.3,1.00,6,40,99,-0.385,-14.75,0,3,0.00,0.427,0.0000,15.200,0.000,0.000,0.000,0.000,0.000,0.000,1.083,12.5800,12.57,1.0187,2.0,-34.00,-33.900,0,0.00,0.00,131072.00,27.125,0.111,0.126,0.000,-0.015,117.600,117.500,4.272,-0.158,-46.582,0.00,0.00,72.53,0.00,
74.450,0,0.0,1.0,0.0,0.4,178,2575,4,1943,5244,108,-2.2,-2.5,-2.5,-2.5,-2.5,0,19.11,19.11,5.4,12.0,72,0.99,24.0,37.7,-0.3,1.00,6,40,99,-0.401,-14.75,0,3,0.00,0.413,0.0000,15.200,0.000,0.000,0.000,0.000,0.000,0.000,1.075,12.5700,12.50,1.0184,2.0,-34.00,-34.000,0,0.00,0.00,131072.00,26.875,0.111,0.126,0.000,-0.015,117.600,117.500,4.272,-0.158,-46.582,0.00,0.00,72.68,0.00,
74.540,0,0.0,1.0,0.0,0.4,178,2557,4,1943,5244,108,-2.2,-2.5,-2.5,-2.5,-2.5,0,19.11,19.11,5.4,12.0,72,0.99,24.0,48.1,-0.3,1.00,6,40,99,-0.410,-14.75,0,3,0.00,0.396,0.0000,15.100,0.000,0.000,0.000,0.000,0.000,0.000,1.062,12.5400,12.43,1.0177,2.0,-33.90,-33.900,0,0.00,0.00,131072.00,26.656,0.109,0.126,0.000,-0.017,117.400,117.500,4.272,-0.158,-46.582,0.00,0.00,72.68,0.00,
74.626,0,0.0,1.0,0.0,0.3,178,2532,4,1943,5246,108,-2.2,-2.5,-2.5,-2.5,-2.5,0,19.11,19.11,5.4,12.0,72,0.99,24.0,43.1,-0.3,1.00,6,39,99,-0.410,-14.75,0,3,0.00,0.384,0.0000,15.000,0.000,0.000,0.000,0.000,0.000,0.000,1.058,12.5200,12.56,1.0176,2.0,-33.90,-33.900,0,0.00,0.00,131072.00,26.406,0.107,0.125,0.000,-0.017,117.500,117.500,4.272,-0.158,-46.582,0.00,0.00,72.68,0.00,
74.699,0,0.0,1.0,0.0,0.3,178,2516,4,1943,5246,108,-2.2,-2.5,-2.5,-2.0,-2.5,0,19.11,19.11,5.4,12.0,72,0.99,24.0,36.1,-0.3,1.00,6,39,99,-0.376,-14.75,0,3,0.00,0.371,0.0000,15.000,0.000,0.000,0.000,0.000,0.000,0.000,1.049,12.5100,12.48,1.0175,2.0,-33.80,-33.800,0,0.00,0.00,131072.00,26.156,0.107,0.125,0.000,-0.017,117.600,117.500,4.272,-0.158,-46.582,0.00,0.00,72.53,0.00,
74.790,0,0.0,1.0,0.0,0.3,178,2503,4,1943,5246,108,-2.2,-2.5,-2.5,-2.5,-2.5,0,19.11,19.11,5.4,12.0,72,0.99,24.0,35.5,-0.3,1.00,6,39,99,-0.396,-14.75,0,3,0.00,0.364,0.0000,14.800,0.000,0.000,0.000,0.000,0.000,0.000,1.036,12.4900,12.33,1.0175,2.0,-33.80,-33.800,0,0.00,0.00,131072.00,25.968,0.107,0.125,0.000,-0.017,117.600,117.500,4.272,-0.158,-46.582,0.00,0.00,72.53,0.00,
74.870,0,0.0,1.0,0.0,0.3,178,2483,4,1943,5248,108,-3.0,-3.0,-3.0,-3.0,-3.0,0,19.11,19.11,5.4,12.0,72,0.99,20.0,40.3,-0.3,1.00,6,38,99,-0.380,-14.75,0,3,0.00,0.348,0.0000,14.800,0.000,0.000,0.000,0.000,0.000,0.000,1.036,12.4700,12.47,1.0175,2.0,-33.80,-33.800,0,0.00,0.00,131072.00,25.750,0.105,0.123,0.000,-0.017,117.300,117.500,4.272,-0.158,-46.582,0.00,0.00,72.53,0.00,
74.959,0,0.0,1.0,0.0,0.3,178,2462,4,1943,5248,108,-2.2,-2.5,-2.5,-3.0,-2.5,0,19.11,19.11,5.4,12.0,72,0.99,20.0,45.1,-0.2,1.00,6,38,99,-0.405,-14.75,0,3,0.00,0.335,0.0000,14.700,0.000,0.000,0.000,0.000,0.000,0.000,1.015,12.4500,12.27,1.0173,2.0,-33.70,-33.700,0,0.00,0.00,131072.00,25.500,0.105,0.123,0.000,-0.017,117.500,117.500,4.272,-0.158,-46.582,0.00,0.00,72.68,0.00,
75.050,0,0.0,1.0,0.0,0.3,178,2445,4,1943,5249,108,-2.2,-2.5,-2.5,-2.5,-2.5,0,19.11,19.11,5.4,12.0,72,0.99,20.0,50.4,-0.2,1.00,5,38,99,-0.405,-14.75,0,3,0.00,0.320,0.0000,14.600,0.000,0.000,0.000,0.000,0.000,0.000,1.015,12.4300,12.43,1.0165,2.0,-33.70,-33.700,0,0.00,0.00,131072.00,25.250,0.105,0.123,0.000,-0.017,117.700,117.500,4.272,-0.158,-46.582,0.00,0.00,72.68,0.00,
75.140,0,0.0,1.0,0.0,0.3,178,2424,4,1943,5249,108,-3.0,-3.0,-3.0,-3.0,-3.0,0,19.11,19.11,5.4,12.0,72,0.99,20.0,45.5,-0.3,1.00,5,38,99,-0.389,-14.75,0,3,0.00,0.308,0.0000,14.600,0.000,0.000,0.000,0.000,0.000,0.000,1.002,12.4100,12.28,1.0164,0.0,-33.70,-33.500,0,0.00,0.00,131072.00,25.031,0.103,0.121,0.000,-0.017,117.600,117.500,4.272,-0.158,-46.582,0.00,0.00,72.53,0.00,
75.220,0,0.0,1.0,0.0,0.3,178,2406,4,1943,5251,108,-3.0,-3.0,-3.0,-3.0,-3.0,0,19.11,19.11,5.4,12.0,72,0.99,20.0,43.4,-0.3,1.00,5,37,99,-0.430,-14.75,0,3,0.00,0.295,0.0000,14.500,0.000,0.000,0.000,0.000,0.000,0.000,1.002,12.4000,12.38,1.0164,0.0,-33.50,-33.500,0,0.00,0.00,131072.00,24.812,0.103,0.121,0.000,-0.017,117.400,117.500,4.272,-0.158,-46.582,0.00,0.00,72.68,0.00,
75.300,0,0.0,0.9,0.0,0.2,178,2391,4,1943,5251,108,-3.0,-3.5,-3.5,-3.5,-3.5,0,19.11,19.11,5.4,12.0,72,0.99,20.0,51.1,-0.3,1.00,5,37,99,-0.455,-14.75,0,3,0.00,0.288,0.0000,14.500,0.000,0.000,0.000,0.000,0.000,0.000,0.986,12.3800,12.20,1.0164,0.0,-33.40,-33.400,0,0.00,0.00,131072.00,24.593,0.103,0.121,0.000,-0.017,117.600,117.500,4.272,-0.158,-46.582,0.00,0.00,72.68,0.00,
75.400,0,0.0,0.9,0.0,0.2,178,2378,4,1943,5251,108,-3.0,-3.5,-3.5,-3.5,-3.5,0,19.11,19.11,5.4,12.0,72,0.99,20.0,44.6,-0.4,1.00,5,37,99,-0.491,-14.75,0,3,0.00,0.275,0.0000,14.400,0.000,0.000,0.000,0.000,0.000,0.000,0.986,12.3700,12.23,1.0164,0.0,-33.40,-33.300,0,0.00,0.00,131072.00,24.406,0.101,0.119,0.000,-0.017,117.600,117.500,4.272,-0.158,-46.582,0.00,0.00,72.68,0.00,
75.489,0,0.0,1.0,0.0,0.2,178,2363,4,1943,5253,108,-3.0,-3.5,-3.5,-3.5,-3.5,0,19.11,19.11,5.4,12.0,72,0.99,20.0,49.5,-0.4,1.00,5,37,99,-0.512,-14.75,0,3,0.00,0.268,0.0000,14.400,0.000,0.000,0.000,0.000,0.000,0.000,0.986,12.3600,12.28,1.0164,0.0,-33.40,-33.400,0,0.00,0.00,131072.00,24.250,0.101,0.119,0.000,-0.017,117.800,117.500,4.272,-0.158,-46.582,0.00,0.00,72.68,0.00,
75.580,0,0.0,0.9,0.0,0.2,178,2354,4,1943,5254,108,-3.0,-3.5,-3.5,-3.5,-3.5,0,19.11,19.11,5.8,12.0,72,0.99,20.0,47.0,-0.5,1.00,5,37,99,-0.527,-14.75,0,3,0.00,0.262,0.0000,14.400,0.000,0.000,0.000,0.000,0.000,0.000,0.986,12.3500,12.30,1.0164,0.0,-33.50,-33.500,0,0.00,0.00,131072.00,24.093,0.101,0.119,0.000,-0.017,117.500,117.500,4.272,-0.158,-46.582,0.00,0.00,72.68,0.00,
75.670,0,0.0,0.9,0.0,0.2,178,2347,4,1943,5254,108,-3.0,-3.5,-3.5,-3.5,-3.5,0,19.11,19.11,5.4,12.0,72,0.99,20.0,40.8,-0.5,1.00,5,36,99,-0.532,-14.75,0,3,0.00,0.257,0.0000,14.400,0.000,0.000,0.000,0.000,0.000,0.000,0.974,12.3400,12.20,1.0162,0.0,-33.70,-33.500,0,0.00,0.00,131072.00,23.968,0.101,0.119,0.000,-0.017,117.800,117.500,4.272,-0.158,-46.582,0.00,0.00,72.68,0.00,
75.760,0,0.0,0.9,0.0,0.2,178,2339,4,1943,5254,108,-3.0,-3.5,-3.5,-3.5,-3.5,0,19.11,19.11,5.8,12.0,72,0.99,20.0,49.2,-0.5,1.00,5,36,99,-0.532,-14.75,0,3,0.00,0.251,0.0000,14.200,0.000,0.000,0.000,0.000,0.000,0.000,0.974,12.3300,12.27,1.0162,0.0,-33.80,-33.600,0,0.00,0.00,131072.00,23.906,0.099,0.117,0.000,-0.017,117.700,117.500,4.272,-0.158,-46.582,0.00,0.00,72.68,0.00,
75.850,0,0.0,0.9,0.0,0.2,178,2333,4,1943,5254,108,-3.0,-3.5,-4.0,-3.5,-4.0,0,19.11,19.11,5.8,12.0,72,0.99,20.0,46.1,-0.5,1.00,5,36,99,-0.539,-14.75,0,3,0.00,0.250,0.0000,14.200,0.000,0.000,0.000,0.000,0.000,0.000,0.974,12.3300,12.27,1.0162,0.0,-33.80,-33.800,0,0.00,0.00,131072.00,23.812,0.099,0.117,0.000,-0.017,117.500,117.500,4.272,-0.158,-46.582,0.00,0.00,72.68,0.00,
75.940,0,0.0,0.9,0.0,0.2,177,2326,4,1943,5256,108,-3.7,-4.0,-4.0,-4.0,-4.0,0,19.11,19.11,5.8,12.0,72,0.99,20.0,41.8,-0.5,1.00,5,36,99,-0.543,-14.75,0,3,0.00,0.244,0.0000,14.200,0.000,0.000,0.000,0.000,0.000,0.000,0.970,12.3200,12.25,1.0162,0.0,-33.70,-33.700,0,0.00,0.00,131072.00,23.750,0.099,0.117,0.000,-0.017,117.600,117.500,4.272,-0.158,-46.582,0.00,0.00,72.68,0.00,
76.030,0,0.0,0.9,0.0,0.2,177,2323,4,1943,5258,108,-3.7,-4.0,-4.0,-4.0,-4.0,0,19.11,19.11,5.8,12.0,72,0.99,20.0,47.0,-0.5,1.00,5,36,99,-0.543,-14.75,0,3,0.00,0.241,0.0000,14.200,0.000,0.000,0.000,0.000,0.000,0.000,0.970,12.3200,12.30,1.0162,0.0,-33.80,-33.800,0,0.00,0.00,131072.00,23.656,0.099,0.117,0.000,-0.017,117.600,117.500,4.272,-0.158,-46.582,0.00,0.00,72.68,0.00,
76.120,0,0.0,0.9,0.0,0.2,177,2315,4,1943,5256,108,-3.7,-4.0,-4.0,-4.0,-4.0,0,19.11,19.11,5.8,12.0,72,0.99,20.0,38.8,-0.5,1.00,5,36,99,-0.539,-14.75,0,3,0.00,0.235,0.0000,14.200,0.000,0.000,0.000,0.000,0.000,0.000,0.956,12.3100,12.12,1.0162,0.0,-33.90,-33.800,0,0.00,0.00,131072.00,23.593,0.099,0.117,0.000,-0.017,117.500,117.500,4.272,-0.158,-46.582,0.00,0.00,72.68,0.00,
76.199,0,0.0,0.9,0.0,0.2,177,2308,4,1943,5258,108,-3.7,-4.0,-4.0,-4.0,-4.0,0,19.11,19.11,5.8,12.0,72,0.99,20.0,47.1,-0.5,1.00,5,36,99,-0.539,-14.75,0,3,0.00,0.232,0.0000,14.100,0.000,0.000,0.000,0.000,0.000,0.000,0.956,12.3000,12.17,1.0155,0.0,-34.00,-33.900,0,0.00,0.00,131072.00,23.531,0.099,0.117,0.000,-0.017,117.500,117.500,4.272,-0.158,-46.582,0.00,0.00,72.68,0.00,
76.270,0,0.0,0.9,0.0,0.2,177,2305,4,1943,5258,108,-3.7,-4.0,-4.0,-4.0,-4.0,0,19.11,19.11,5.8,12.0,72,0.99,20.0,47.6,-0.5,1.00,5,36,99,-0.568,-14.75,0,3,0.00,0.230,0.0000,14.100,0.000,0.000,0.000,0.000,0.000,0.000,0.956,12.3000,12.18,1.0153,0.0,-34.10,-34.100,0,0.00,0.00,131072.00,23.468,0.099,0.117,0.000,-0.017,117.500,117.500,4.272,-0.158,-46.582,0.00,0.00,72.82,0.00,
76.379,0,0.0,0.9,0.0,0.2,177,2304,4,1943,5259,108,-3.7,-4.0,-4.0,-4.0,-4.0,0,19.11,19.11,5.8,12.0,72,0.99,20.0,49.9,-0.5,1.00,5,36,99,-0.548,-14.75,0,3,0.00,0.228,0.0000,14.100,0.000,0.000,0.000,0.000,0.000,0.000,0.956,12.3000,12.17,1.0153,0.0,-34.20,-34.200,0,0.00,0.00,131072.00,23.406,0.097,0.117,0.000,-0.019,117.100,117.500,4.272,-0.158,-46.582,0.00,0.00,72.82,0.00,
76.450,0,0.0,0.9,0.0,0.2,177,2298,4,1943,5259,108,-3.7,-4.0,-4.0,-4.0,-4.0,0,19.11,19.11,5.8,12.0,72,0.99,20.0,53.6,-0.5,1.00,5,36,99,-0.559,-14.75,0,3,0.00,0.224,0.0000,14.100,0.000,0.000,0.000,0.000,0.000,0.000,0.956,12.2900,12.20,1.0153,0.0,-34.20,-34.200,0,0.00,0.00,131072.00,23.406,0.099,0.117,0.000,-0.017,117.400,117.500,4.272,-0.158,-46.582,0.00,0.00,72.82,0.00,
76.540,0,0.0,0.9,0.0,0.2,177,2291,4,1943,5261,108,-3.7,-4.0,-4.0,-4.0,-4.0,0,19.11,19.11,5.8,12.0,72,0.99,20.0,49.8,-0.5,1.00,5,35,99,-0.564,-14.75,0,3,0.00,0.219,0.0000,14.100,0.000,0.000,0.000,0.000,0.000,0.000,0.952,12.2800,12.16,1.0153,0.0,-34.30,-34.300,0,0.00,0.00,131072.00,23.312,0.099,0.117,0.000,-0.017,117.300,117.500,4.272,-0.158,-46.582,0.00,0.00,72.82,0.00,
76.620,0,0.0,0.9,0.0,0.2,177,2285,4,1943,5261,108,-3.7,-4.0,-4.0,-4.0,-4.0,0,19.11,19.11,5.8,12.0,72,0.99,20.0,43.2,-0.5,1.00,5,35,99,-0.577,-14.75,0,3,0.00,0.215,0.0000,14.100,0.000,0.000,0.000,0.000,0.000,0.000,0.952,12.2800,12.20,1.0153,0.0,-34.20,-34.200,0,0.00,0.00,131072.00,23.250,0.097,0.115,0.000,-0.017,117.600,117.500,4.272,-0.158,-46.582,0.00,0.00,72.82,0.00,
76.710,0,0.0,0.9,0.0,0.2,177,2280,4,1943,5261,108,-3.7,-4.0,-4.0,-4.0,-4.0,0,19.11,19.11,5.8,12.0,72,0.99,20.0,49.6,-0.5,1.00,5,35,99,-0.559,-14.75,0,3,0.00,0.213,0.0000,14.000,0.000,0.000,0.000,0.000,0.000,0.000,0.952,12.2700,12.26,1.0153,0.0,-34.30,-34.300,0,0.00,0.00,131072.00,23.156,0.097,0.115,0.000,-0.017,117.600,117.500,4.272,-0.158,-46.582,0.00,0.00,72.82,0.00,
76.799,0,0.0,0.9,0.0,0.2,177,2274,4,1943,5262,108,-3.7,-4.0,-4.0,-4.0,-4.0,0,19.11,19.11,5.8,12.0,72,0.99,20.0,54.3,-0.5,1.00,5,35,99,-0.559,-14.75,0,3,0.00,0.208,0.0000,14.000,0.000,0.000,0.000,0.000,0.000,0.000,0.933,12.2700,12.02,1.0153,0.0,-34.50,-34.500,0,0.00,0.00,131072.00,23.093,0.097,0.115,0.000,-0.017,117.600,117.500,4.272,-0.158,-46.582,0.00,0.00,72.82,0.00,
76.879,0,0.0,0.9,0.0,0.2,177,2269,4,1943,5262,108,-3.7,-4.0,-4.0,-4.0,-4.0,0,19.11,19.11,5.8,12.0,72,0.99,20.0,55.2,-0.5,1.00,5,35,99,-0.548,-14.75,0,3,0.00,0.203,0.0000,14.000,0.000,0.000,0.000,0.000,0.000,0.000,0.933,12.2600,12.08,1.0153,0.0,-34.60,-34.500,0,0.00,0.00,131072.00,23.031,0.097,0.115,0.000,-0.017,117.500,117.500,4.272,-0.158,-46.582,0.00,0.00,72.82,0.00,
76.970,0,0.0,0.9,0.0,0.2,177,2262,4,1943,5264,108,-3.7,-4.0,-4.0,-4.0,-4.0,0,19.11,19.11,5.8,12.0,72,0.99,20.0,42.1,-0.5,1.00,5,35,99,-0.582,-14.75,0,3,0.00,0.199,0.0000,14.000,0.000,0.000,0.000,0.000,0.000,0.000,0.933,12.2600,12.11,1.0153,0.0,-34.80,-34.700,0,0.00,0.00,131072.00,22.937,0.097,0.115,0.000,-0.017,117.500,117.500,4.272,-0.158,-46.582,0.00,0.00,72.82,0.00,
77.050,0,0.0,0.9,0.0,0.1,177,2258,4,1943,5264,108,-3.7,-4.0,-4.0,-4.0,-4.0,0,19.11,19.11,5.8,12.0,72,0.99,20.0,39.9,-0.5,1.00,5,35,99,-0.564,-14.75,0,3,0.00,0.197,0.0000,14.000,0.000,0.000,0.000,0.000,0.000,0.000,0.933,12.2500,12.16,1.0153,0.0,-34.90,-34.900,0,0.00,0.00,131072.00,22.906,0.097,0.115,0.000,-0.017,117.500,117.500,4.272,-0.158,-46.582,0.00,0.00,72.82,0.00,
77.140,0,0.0,0.9,0.0,0.1,177,2254,4,1943,5266,108,-3.7,-4.0,-4.0,-4.0,-4.0,0,19.11,19.11,5.8,12.0,72,0.99,20.0,52.0,-0.5,1.00,5,35,99,-0.604,-14.75,0,3,0.00,0.193,0.0000,14.000,0.000,0.000,0.000,0.000,0.000,0.000,0.933,12.2500,12.16,1.0153,0.0,-35.00,-35.000,0,0.00,0.00,131072.00,22.843,0.095,0.115,0.000,-0.019,117.500,117.500,4.272,-0.158,-46.582,0.00,0.00,72.82,0.00,
77.229,0,0.0,0.8,0.0,0.1,177,2248,4,1943,5266,108,-4.5,-4.5,-4.5,-4.5,-4.0,0,19.11,19.11,5.8,12.0,72,0.99,20.0,39.7,-0.5,1.00,5,35,99,-0.593,-14.75,0,3,0.00,0.190,0.0000,13.900,0.000,0.000,0.000,0.000,0.000,0.000,0.926,12.2400,12.10,1.0153,0.0,-34.80,-34.800,0,0.00,0.00,131072.00,22.781,0.097,0.115,0.000,-0.017,117.300,117.500,4.272,-0.158,-46.582,0.00,0.00,72.82,0.00,
77.310,0,0.0,0.9,0.0,0.1,177,2241,4,1943,5266,108,-4.5,-4.5,-4.5,-4.5,-4.5,0,19.11,19.11,5.8,12.0,72,0.99,20.0,46.7,-0.5,1.00,5,35,99,-0.589,-14.75,0,3,0.00,0.186,0.0000,13.900,0.000,0.000,0.000,0.000,0.000,0.000,0.926,12.2300,12.12,1.0153,0.0,-34.80,-34.800,0,0.00,0.00,131072.00,22.718,0.097,0.115,0.000,-0.017,117.600,117.500,4.272,-0.158,-46.582,0.00,0.00,72.82,0.00,
77.390,0,0.0,0.9,0.0,0.1,177,2237,4,1943,5266,108,-4.5,-4.5,-4.5,-4.5,-4.5,0,19.11,19.11,5.8,12.0,72,0.99,20.0,54.7,-0.5,1.00,5,35,99,-0.584,-14.75,0,3,0.00,0.183,0.0000,13.900,0.000,0.000,0.000,0.000,0.000,0.000,0.926,12.2300,12.18,1.0153,0.0,-34.90,-34.900,0,0.00,0.00,131072.00,22.656,0.095,0.115,0.000,-0.019,117.600,117.500,4.272,-0.158,-46.582,0.00,0.00,72.82,0.00,
77.479,0,0.0,0.8,0.0,0.1,177,2232,4,1943,5268,108,-4.5,-4.5,-4.5,-4.5,-4.5,0,19.11,19.11,5.8,12.0,72,0.99,20.0,40.5,-0.5,1.00,5,35,99,-0.577,-14.75,0,3,0.00,0.181,0.0000,13.900,0.000,0.000,0.000,0.000,0.000,0.000,0.926,12.2300,12.13,1.0153,0.0,-35.00,-34.900,0,0.00,0.00,131072.00,22.625,0.095,0.113,0.000,-0.017,117.500,117.500,4.272,-0.158,-46.582,0.00,0.00,72.82,0.00,
77.550,0,0.0,0.8,0.0,0.1,177,2228,4,1943,5268,108,-4.5,-4.5,-4.5,-4.5,-4.5,0,19.11,19.11,5.8,12.0,72,0.99,20.0,42.6,-0.6,1.00,5,34,99,-0.584,-14.75,0,3,0.00,0.177,0.0000,13.900,0.000,0.000,0.000,0.000,0.000,0.000,0.926,12.2200,12.16,1.0153,0.0,-35.00,-35.000,0,0.00,0.00,131072.00,22.562,0.095,0.113,0.000,-0.017,117.300,117.500,4.272,-0.158,-46.582,0.00,0.00,72.82,0.00,
77.642,0,0.0,0.8,0.0,0.1,177,2222,4,1943,5268,108,-4.5,-4.5,-4.5,-4.5,-4.5,0,19.11,19.11,5.8,12.0,72,0.99,20.0,47.5,-0.6,1.00,5,34,99,-0.604,-14.75,0,3,0.00,0.174,0.0000,13.900,0.000,0.000,0.000,0.000,0.000,0.000,0.926,12.2200,12.23,1.0153,0.0,-35.10,-35.100,0,0.00,0.00,131072.00,22.500,0.095,0.113,0.000,-0.017,117.100,117.500,4.272,-0.158,-46.582,0.00,0.00,72.82,0.00,
77.730,0,0.0,0.8,0.0,0.1,177,2217,4,1943,5269,108,-4.5,-4.5,-4.5,-4.0,-4.0,0,19.11,19.11,5.8,11.2,72,0.99,20.0,41.5,-0.5,1.00,5,34,99,-0.618,-14.75,0,3,0.00,0.168,0.0000,13.800,0.000,0.000,0.000,0.000,0.000,0.000,0.907,12.2100,11.93,1.0153,0.0,-35.10,-35.100,0,0.00,0.00,131072.00,22.406,0.095,0.113,0.000,-0.017,117.500,117.500,4.272,-0.158,-46.582,0.00,0.00,72.82,0.00,
77.819,0,0.0,0.8,0.0,0.1,177,2213,4,1943,5269,108,-3.7,-4.0,-4.0,-4.0,-4.0,0,19.11,19.11,5.8,11.2,72,0.99,20.0,49.0,-0.5,1.00,5,34,99,-0.573,-14.75,0,3,0.00,0.164,0.0000,13.800,0.000,0.000,0.000,0.000,0.000,0.000,0.907,12.2000,12.03,1.0153,0.0,-35.00,-35.000,0,0.00,0.00,131072.00,22.343,0.095,0.113,0.000,-0.017,117.800,117.500,4.272,-0.158,-46.582,0.00,0.00,72.82,0.00,
77.910,0,0.0,0.8,0.0,0.1,177,2204,4,1943,5268,108,-4.5,-4.5,-4.5,-4.5,-4.5,0,19.11,19.11,5.8,12.0,72,0.99,20.0,49.1,-0.5,1.00,5,34,99,-0.577,-14.75,0,3,0.00,0.161,0.0000,13.800,0.000,0.000,0.000,0.000,0.000,0.000,0.907,12.2000,12.11,1.0153,0.0,-35.10,-35.100,0,0.00,0.00,131072.00,22.281,0.095,0.113,0.000,-0.017,117.500,117.500,4.272,-0.158,-46.582,0.00,0.00,72.82,0.00,
78.000,0,0.0,0.8,0.0,0.1,177,2199,4,1943,5271,108,-4.5,-4.5,-4.5,-4.5,-4.5,0,19.11,19.11,5.8,12.0,72,0.99,20.0,54.8,-0.5,1.00,5,34,99,-0.598,-14.75,0,3,0.00,0.155,0.0000,13.900,0.000,0.000,0.000,0.000,0.000,0.000,0.907,12.1900,12.12,1.0153,0.0,-35.20,-35.200,0,0.00,0.00,131072.00,22.218,0.095,0.113,0.000,-0.017,117.300,117.500,4.272,-0.158,-46.582,0.00,0.00,72.82,0.00,
78.079,0,0.0,0.8,0.0,0.1,177,2194,4,1943,5271,108,-4.5,-4.5,-4.5,-4.5,-4.5,0,19.11,19.11,5.8,12.0,72,0.99,20.0,42.3,-0.5,1.00,5,34,99,-0.575,-14.75,0,3,0.00,0.154,0.0000,13.900,0.000,0.000,0.000,0.000,0.000,0.000,0.907,12.1900,12.15,1.0153,0.0,-35.30,-35.200,0,0.00,0.00,131072.00,22.156,0.095,0.113,0.000,-0.017,117.700,117.500,4.272,-0.158,-46.582,0.00,0.00,72.82,0.00,
78.160,0,0.0,0.8,0.0,0.1,177,2190,4,1943,5271,108,-4.5,-4.5,-4.5,-4.5,-4.5,0,19.11,19.11,5.8,12.0,72,0.99,20.0,36.6,-0.6,1.00,5,34,99,-0.559,-14.75,0,3,0.00,0.150,0.0000,13.900,0.000,0.000,0.000,0.000,0.000,0.000,0.907,12.1800,12.16,1.0153,0.0,-35.90,-35.600,0,0.00,0.00,131072.00,22.093,0.095,0.113,0.000,-0.017,117.400,117.500,4.272,-0.158,-46.582,0.00,0.00,72.82,0.00,
78.250,0,0.0,0.8,0.0,0.1,177,2180,3,1943,5272,108,-4.5,-4.5,-4.5,-4.5,-4.5,0,19.11,19.11,5.8,12.0,72,0.99,20.0,40.9,-0.6,1.00,5,34,99,-0.589,-14.75,0,3,0.00,0.143,0.0000,13.800,0.000,0.000,0.000,0.000,0.000,0.000,0.896,12.1700,12.13,1.0153,0.0,-35.90,-35.900,0,0.00,0.00,131072.00,22.000,0.093,0.113,0.000,-0.019,117.700,117.500,4.272,-0.158,-46.582,0.00,0.00,72.82,0.00,
78.341,0,0.0,0.8,0.0,0.1,177,2173,3,1943,5272,108,-4.5,-4.5,-4.5,-4.5,-4.5,0,19.11,19.11,5.8,12.0,72,0.99,20.0,53.6,-0.6,1.00,5,34,99,-0.557,-14.75,0,3,0.00,0.125,0.0000,13.800,0.000,0.000,0.000,0.000,0.000,0.000,0.889,12.8400,12.02,1.0150,0.0,-35.90,-27.900,0,8.00,8.00,131072.00,22.093,0.093,0.111,0.000,-0.017,117.800,117.500,4.272,-0.158,-46.582,0.00,0.00,72.82,0.00,
78.450,0,0.0,0.8,0.0,0.0,177,2164,3,5060,5253,108,23.2,23.9,14.5,23.9,-0.2,0,19.11,19.11,6.2,17.2,72,0.99,28.0,40.6,-0.8,1.00,6,34,99,-1.452,-14.75,0,3,0.00,0.119,285.0952,32.800,0.000,0.000,0.000,0.000,0.000,0.000,4.201,59.3400,66.98,1.0145,0.0,60.50,69.000,0,8.00,8.00,131072.00,70.875,0.085,0.113,0.000,-0.027,115.600,111.600,4.272,-0.158,-46.582,0.00,0.00,73.69,0.00,
78.540,0,0.0,0.5,0.0,0.0,177,2334,3,5060,5235,108,-0.7,-1.0,-1.1,-1.0,-3.7,0,19.11,19.11,33.5,65.2,72,0.99,116.0,103.5,-1.5,1.00,20,33,99,-0.824,-14.75,0,3,0.00,0.047,279.4042,27.100,-1.500,-1.500,-1.500,-1.500,0.000,0.000,3.156,54.9700,56.32,1.0255,0.0,109.20,106.200,0,8.00,8.00,131072.00,97.468,0.085,0.113,0.000,-0.027,105.600,106.000,4.272,-0.158,-46.582,0.00,0.00,72.97,0.00,
78.629,0,0.0,1.1,0.0,0.0,177,2559,3,5060,5207,108,1.5,12.9,12.9,11.2,11.7,0,19.11,19.11,25.7,55.5,72,0.99,108.0,101.3,-0.6,1.00,18,33,97,-0.274,-14.75,0,3,0.00,0.030,293.5766,26.500,-1.500,-1.500,-1.500,-1.500,0.000,0.000,1.906,27.0500,29.73,1.0405,2.0,74.80,33.500,0,8.00,8.00,131072.00,87.406,0.060,0.111,0.000,-0.050,100.900,101.900,0.256,0.146,11.029,0.00,0.00,72.53,0.00,
78.719,0,0.0,1.7,0.0,0.0,177,2682,3,4666,5182,108,3.7,4.1,4.1,4.1,6.3,0,15.97,14.19,7.0,10.5,72,0.99,24.0,56.8,0.6,1.00,8,33,99,0.169,-14.75,0,3,0.00,0.018,324.6459,4.000,-1.500,-1.500,-1.500,-1.500,0.000,0.000,1.186,12.7100,11.21,1.0445,2.0,-18.90,-27.200,0,8.00,8.00,131072.00,45.031,0.046,0.105,0.000,-0.058,103.300,110.900,-0.079,-0.012,-10.626,0.00,0.00,72.10,0.00,
78.810,0,0.0,1.5,0.0,0.0,177,2724,3,3362,5018,108,0.0,0.0,0.0,0.0,0.0,0,12.53,12.53,4.6,11.2,72,0.99,24.0,21.6,0.6,1.00,5,33,99,-0.344,-14.75,0,3,0.00,0.019,323.3935,4.000,-2.700,-2.700,-2.700,-2.700,0.000,0.000,1.242,12.7200,12.48,1.0381,2.0,-21.30,-35.500,0,0.00,0.00,131072.00,32.843,0.054,0.105,0.000,-0.050,113.500,117.200,0.103,-0.396,-15.161,0.00,0.00,72.53,0.00,
78.899,0,0.0,1.5,0.0,0.0,177,2703,3,2493,4853,108,-4.5,-5.0,-4.0,-5.0,-3.0,0,12.63,12.71,5.8,12.7,72,0.99,24.0,61.0,0.0,1.00,5,33,20,-0.532,-14.75,0,3,0.00,0.019,323.1738,4.000,0.000,0.000,0.000,0.000,0.000,0.000,1.186,12.6900,13.63,1.0320,2.0,-20.10,-32.800,0,0.00,0.00,131072.00,29.593,0.054,0.105,0.000,-0.050,118.300,117.500,-1.220,0.000,199.993,0.00,0.00,72.68,0.00,
78.989,0,0.0,1.5,0.0,0.0,177,2694,3,2156,4680,108,-11.2,-11.5,-12.0,-11.5,-11.0,0,14.40,14.70,6.2,12.7,72,0.99,24.0,63.5,-0.2,1.00,5,33,20,-0.506,-14.75,0,3,0.00,0.021,323.3056,4.000,0.000,0.000,0.000,0.000,0.000,0.000,1.105,12.6800,12.87,1.0201,2.0,-22.00,-31.500,0,0.00,0.00,131072.00,28.625,0.056,0.105,0.000,-0.048,119.300,117.500,-4.058,0.000,199.993,0.00,0.00,72.68,0.00,
79.080,0,0.0,1.3,0.0,0.0,177,2678,3,2025,4519,108,-10.5,-11.0,-11.0,-11.0,-11.5,0,15.82,16.03,5.4,12.0,72,0.99,24.0,58.8,-0.4,1.12,5,33,20,-0.546,-14.75,0,3,0.00,0.019,323.0859,4.000,0.000,0.000,0.000,0.000,0.000,0.000,1.083,12.6700,12.45,1.0108,2.0,-24.90,-33.400,0,0.00,0.00,131072.00,28.250,0.062,0.105,0.000,-0.042,119.300,117.500,-4.516,0.000,42.553,0.00,0.00,72.82,0.00,
79.160,0,0.0,1.2,0.0,0.0,177,2673,3,1974,4348,108,-10.5,-11.0,-11.0,-11.0,-11.0,0,18.36,18.76,5.4,12.0,72,0.99,24.0,70.3,-0.5,1.29,5,33,20,-0.598,-14.75,0,3,0.00,0.019,322.1191,4.000,0.000,0.000,0.000,0.000,0.000,0.000,1.083,12.6700,12.38,1.0072,2.0,-24.90,-34.400,0,0.00,0.00,131072.00,28.125,0.066,0.105,0.000,-0.039,118.800,117.500,0.189,-0.451,-5.859,0.00,0.00,72.82,0.00,
79.239,0,0.0,1.1,0.0,0.0,177,2654,3,1956,4176,108,-10.5,-11.0,-11.0,-11.0,-11.0,0,15.84,15.84,5.4,12.0,72,0.99,24.0,58.3,-0.6,1.12,5,32,20,-0.639,-14.75,0,3,0.00,0.019,323.0639,4.000,0.000,0.000,0.000,0.000,0.000,0.000,1.083,12.6500,12.32,1.0061,2.0,-26.80,-34.900,0,0.00,0.00,131072.00,27.937,0.070,0.105,0.000,-0.035,118.500,117.500,0.000,-0.756,-4.833,0.00,0.00,72.82,0.00,
79.310,0,0.0,1.0,0.0,0.0,177,2637,3,1949,4049,108,-10.5,-11.0,-11.0,-11.0,-11.0,0,15.36,15.50,5.4,12.0,72,0.99,24.0,46.1,-0.6,1.09,5,32,20,-0.700,-14.75,0,3,0.00,0.019,323.1518,4.000,0.000,0.000,0.000,0.000,0.000,0.000,1.083,12.6300,12.32,1.0059,2.0,-26.50,-36.000,0,0.00,0.00,131072.00,27.750,0.074,0.105,0.000,-0.031,118.500,117.500,0.000,-1.000,-4.101,0.00,0.00,72.97,0.00,
79.406,0,0.0,1.0,0.0,0.0,177,2628,3,1945,3909,108,-10.5,-11.0,-11.0,-11.0,-11.0,0,16.86,16.69,5.4,12.0,72,0.99,24.0,40.7,-0.7,1.23,5,32,20,-0.738,-14.75,0,3,0.00,0.016,322.3608,4.000,0.000,0.000,0.000,0.000,0.000,0.000,1.083,12.6200,12.23,1.0059,2.0,-26.00,-35.500,0,0.00,0.00,131072.00,27.531,0.076,0.105,0.000,-0.029,118.300,117.500,0.024,-1.300,-4.028,0.00,0.00,72.97,0.00,
79.480,0,0.0,0.9,0.0,0.0,178,2608,3,1944,3740,108,-10.5,-11.0,-11.0,-11.0,-11.0,0,14.73,14.73,5.4,12.0,72,0.99,24.0,52.2,-0.7,1.11,5,32,20,-0.783,-14.75,0,3,0.00,0.018,323.0859,4.000,0.000,0.000,0.000,0.000,0.000,0.000,1.083,12.6000,12.25,1.0058,2.0,-25.40,-35.100,0,0.00,0.00,131072.00,27.343,0.080,0.105,0.000,-0.025,118.400,117.500,0.067,-1.556,-4.028,0.00,0.00,72.97,0.00,
79.560,0,0.0,0.9,0.0,0.2,178,2587,3,1943,3600,108,-1.5,-2.0,-2.0,-11.5,-5.0,0,14.50,14.45,5.4,12.0,72,0.99,24.0,55.2,-0.8,1.09,5,32,99,-0.808,-14.75,0,3,0.00,0.386,0.0000,15.200,0.000,0.000,0.000,0.000,0.000,0.000,1.062,12.5800,11.98,1.0057,2.0,-27.60,-34.100,0,0.00,0.00,131072.00,27.093,0.099,0.115,0.000,-0.015,118.000,117.500,4.510,0.000,-200.000,0.00,0.00,72.97,0.00,
79.651,0,0.0,0.8,0.0,0.3,178,2567,3,1943,3609,108,-1.5,-1.5,-2.0,-1.5,-2.0,0,15.19,15.20,5.4,12.0,72,0.99,20.0,42.9,-0.7,1.00,5,31,99,-0.797,-14.75,0,3,0.00,0.369,0.0000,15.100,0.000,0.000,0.000,0.000,0.000,0.000,1.062,12.5600,12.16,1.0062,2.0,-33.90,-33.800,0,0.00,0.00,131072.00,26.875,0.107,0.121,0.000,-0.013,118.200,117.500,4.779,0.000,-200.000,0.00,0.00,72.97,0.00,
79.740,0,0.0,0.8,0.0,0.3,178,2546,3,1943,3615,108,-1.5,-2.0,-2.0,-2.0,-2.0,0,15.97,16.23,5.4,12.0,72,0.99,24.0,40.8,-0.6,1.00,6,31,99,-0.695,-14.75,0,3,0.00,0.358,0.0000,15.100,0.000,0.000,0.000,0.000,0.000,0.000,1.062,12.5400,12.37,1.0074,2.0,-33.90,-33.900,0,0.00,0.00,131072.00,26.562,0.111,0.123,0.000,-0.011,118.000,117.500,4.626,-6.036,-167.279,0.00,0.00,72.97,0.00,
79.830,0,0.0,0.7,0.0,0.3,178,2527,3,1943,3622,108,-2.2,-2.5,-2.5,-2.5,-2.5,0,19.11,19.11,5.4,12.0,72,0.99,24.0,36.3,-0.5,1.00,6,31,99,-0.625,-14.75,0,3,0.00,0.340,0.0000,15.000,0.000,0.000,0.000,0.000,0.000,0.000,1.062,12.5100,12.53,1.0106,2.0,-33.90,-33.900,0,0.00,0.00,131072.00,26.312,0.111,0.123,0.000,-0.011,118.000,117.500,4.553,-7.360,-55.285,0.00,0.00,72.82,0.00,
79.899,0,0.0,0.8,0.0,0.3,178,2505,3,1943,3625,108,-2.2,-2.5,-2.5,-2.5,-2.5,0,19.11,19.11,5.4,12.0,72,0.99,20.0,35.0,-0.5,1.00,6,31,99,-0.600,-14.75,0,3,0.00,0.328,0.0000,14.800,0.000,0.000,0.000,0.000,0.000,0.000,1.040,12.4900,12.36,1.0128,2.0,-33.70,-33.700,0,0.00,0.00,131072.00,26.093,0.109,0.123,0.000,-0.013,117.800,117.500,4.553,-7.360,-55.285,0.00,0.00,72.82,0.00,
79.989,0,0.0,0.8,0.0,0.3,178,2483,3,1943,3630,108,-2.2,-2.5,-3.0,-3.0,-3.0,0,19.11,19.11,5.4,12.0,72,0.99,20.0,28.9,-0.4,1.00,6,30,99,-0.598,-14.75,0,3,0.00,0.308,0.0000,14.800,0.000,0.000,0.000,0.000,0.000,0.000,1.040,12.4700,12.47,1.0147,2.0,-33.80,-33.800,0,0.00,0.00,131072.00,25.781,0.107,0.121,0.000,-0.013,117.800,117.500,4.553,-7.360,-55.285,0.00,0.00,72.82,0.00,
80.080,0,0.0,0.8,0.0,0.3,178,2462,3,1943,3633,108,-3.0,-3.0,-2.5,-2.5,-2.5,0,19.11,19.11,5.4,12.0,72,0.99,20.0,41.3,-0.4,1.00,6,30,99,-0.552,-14.75,0,3,0.00,0.295,0.0000,14.700,0.000,0.000,0.000,0.000,0.000,0.000,1.023,12.4500,12.35,1.0161,2.0,-33.80,-33.700,0,0.00,0.00,131072.00,25.500,0.107,0.121,0.000,-0.013,117.700,117.500,4.553,-7.360,-55.285,0.00,0.00,72.82,0.00,
80.160,0,0.0,0.8,0.0,0.2,178,2438,3,1943,3638,108,-2.2,-2.5,-2.5,-3.0,-3.0,0,19.11,19.11,5.4,12.0,72,0.99,20.0,46.7,-0.4,1.00,6,30,99,-0.559,-14.75,0,3,0.00,0.282,0.0000,14.600,0.000,0.000,0.000,0.000,0.000,0.000,1.002,12.4300,12.15,1.0167,2.0,-33.70,-33.700,0,0.00,0.00,131072.00,25.281,0.107,0.121,0.000,-0.013,117.700,117.500,4.553,-7.360,-55.285,0.00,0.00,72.82,0.00,
80.239,0,0.0,0.8,0.0,0.2,178,2417,3,1943,3641,108,-2.2,-2.5,-2.5,-2.5,-2.5,0,19.11,19.11,5.4,12.0,72,0.99,20.0,39.5,-0.4,1.00,6,30,99,-0.527,-14.75,0,3,0.00,0.270,0.0000,14.600,0.000,0.000,0.000,0.000,0.000,0.000,1.002,12.4100,12.33,1.0167,0.0,-33.60,-33.500,0,0.00,0.00,131072.00,25.031,0.103,0.119,0.000,-0.015,117.700,117.500,4.553,-7.360,-55.285,0.00,0.00,72.68,0.00,
80.320,0,0.0,0.8,0.0,0.2,178,2403,3,1943,3643,108,-3.0,-3.0,-3.0,-3.0,-3.0,0,19.11,19.11,5.4,12.0,72,0.99,20.0,41.1,-0.4,1.00,6,29,99,-0.512,-14.75,0,3,0.00,0.259,0.0000,14.500,0.000,0.000,0.000,0.000,0.000,0.000,0.986,12.3900,12.18,1.0167,0.0,-33.50,-33.400,0,0.00,0.00,131072.00,24.781,0.103,0.119,0.000,-0.015,117.700,117.500,4.553,-7.360,-55.285,0.00,0.00,72.68,0.00,
80.418,0,0.0,0.8,0.0,0.2,178,2381,3,1943,3648,108,-3.0,-3.5,-3.5,-3.5,-3.5,0,19.11,19.11,5.4,12.0,72,0.99,20.0,39.1,-0.3,1.00,6,29,99,-0.512,-14.75,0,3,0.00,0.246,0.0000,14.500,0.000,0.000,0.000,0.000,0.000,0.000,0.986,12.3700,12.28,1.0167,0.0,-33.70,-33.600,0,0.00,0.00,131072.00,24.562,0.101,0.117,0.000,-0.015,117.500,117.500,4.553,-7.360,-55.285,0.00,0.00,72.68,0.00,
80.489,0,0.0,0.8,0.0,0.2,178,2356,3,1943,3649,108,-3.0,-3.5,-3.5,-3.5,-3.5,0,19.11,19.11,5.4,12.0,72,0.99,20.0,41.3,-0.3,1.00,5,29,99,-0.518,-14.75,0,3,0.00,0.228,0.0000,14.400,0.000,0.000,0.000,0.000,0.000,0.000,0.974,12.3500,12.25,1.0167,0.0,-33.70,-33.500,0,0.00,0.00,131072.00,24.250,0.101,0.117,0.000,-0.015,117.600,117.500,4.553,-7.360,-55.285,0.00,0.00,72.68,0.00,
80.570,0,0.0,0.8,0.0,0.2,178,2338,3,1943,3653,108,-3.0,-3.5,-3.5,-3.5,-3.5,0,19.11,19.11,5.8,12.0,72,0.99,20.0,40.7,-0.3,1.00,5,29,99,-0.496,-14.75,0,3,0.00,0.219,0.0000,14.200,0.000,0.000,0.000,0.000,0.000,0.000,0.956,12.3300,12.11,1.0167,0.0,-33.60,-33.600,0,0.00,0.00,131072.00,24.031,0.099,0.117,0.000,-0.017,117.600,117.500,4.553,-7.360,-55.285,0.00,0.00,72.68,0.00,
80.660,0,0.0,0.8,0.0,0.2,178,2327,3,1943,3654,108,-3.7,-4.0,-4.0,-4.0,-4.0,0,19.11,19.11,5.8,12.0,72,0.99,20.0,43.2,-0.4,1.00,5,29,99,-0.514,-14.75,0,3,0.00,0.212,0.0000,14.200,0.000,0.000,0.000,0.000,0.000,0.000,0.956,12.3200,12.13,1.0167,0.0,-33.70,-33.700,0,0.00,0.00,131072.00,23.843,0.097,0.115,0.000,-0.017,117.500,117.500,4.553,-7.360,-55.285,0.00,0.00,72.68,0.00,
80.749,0,0.0,0.8,0.0,0.2,178,2313,3,1943,3659,108,-3.7,-4.0,-4.0,-4.0,-4.0,0,19.11,19.11,5.8,12.0,72,0.99,20.0,31.9,-0.4,1.00,5,28,99,-0.543,-14.75,0,3,0.00,0.201,0.0000,14.100,0.000,0.000,0.000,0.000,0.000,0.000,0.956,12.3000,12.16,1.0167,0.0,-32.80,-32.900,0,0.00,0.00,131072.00,23.656,0.097,0.115,0.000,-0.017,117.700,117.500,4.553,-7.360,-55.285,0.00,0.00,72.68,0.00,
80.839,0,0.0,0.8,0.0,0.1,178,2297,3,1943,3661,108,-3.7,-4.0,-4.0,-4.0,-4.0,0,19.11,19.11,5.8,12.0,72,0.99,20.0,36.8,-0.5,1.00,5,28,99,-0.564,-14.75,0,3,0.00,0.190,0.0000,14.100,0.000,0.000,0.000,0.000,0.000,0.000,0.956,12.2900,12.26,1.0165,0.0,-32.80,-32.800,0,0.00,0.00,131072.00,23.468,0.097,0.115,0.000,-0.017,117.500,117.500,4.553,-7.360,-55.285,0.00,0.00,72.82,0.00,
80.909,0,0.0,0.8,0.0,0.1,178,2276,3,1943,3664,108,-3.7,-4.0,-4.0,-4.0,-4.0,0,19.11,19.11,5.8,12.0,72,0.99,20.0,40.3,-0.5,1.00,5,28,99,-0.532,-14.75,0,3,0.00,0.179,0.0000,14.000,0.000,0.000,0.000,0.000,0.000,0.000,0.937,12.2600,12.11,1.0164,0.0,-32.90,-32.900,0,0.00,0.00,131072.00,23.250,0.097,0.115,0.000,-0.017,117.400,117.500,4.553,-7.360,-55.285,0.00,0.00,72.68,0.00,
80.989,0,0.0,0.8,0.0,0.1,178,2254,3,1943,3666,108,-3.7,-4.0,-4.0,-4.0,-4.0,0,19.11,19.11,5.8,12.0,72,0.99,20.0,45.4,-0.5,1.00,5,28,99,-0.548,-14.75,0,3,0.00,0.163,0.0000,13.900,0.000,0.000,0.000,0.000,0.000,0.000,0.926,12.2400,12.07,1.0164,0.0,-32.80,-32.800,0,0.00,0.00,131072.00,23.031,0.095,0.113,0.000,-0.017,117.300,117.500,4.553,-7.360,-55.285,0.00,0.00,72.82,0.00,
81.069,0,0.0,0.8,0.0,0.1,178,2234,3,1943,3668,108,-4.5,-4.5,-4.5,-4.5,-4.5,0,19.11,19.11,5.8,12.0,72,0.99,20.0,39.2,-0.5,1.00,5,27,99,-0.580,-14.75,0,3,0.00,0.154,0.0000,13.900,0.000,0.000,0.000,0.000,0.000,0.000,0.926,12.2300,12.11,1.0164,0.0,-33.00,-33.000,0,0.00,0.00,131072.00,22.781,0.095,0.113,0.000,-0.017,117.100,117.500,4.553,-7.360,-55.285,0.00,0.00,72.82,0.00,
81.139,0,0.0,0.8,0.0,0.1,178,2219,3,1943,3671,108,-4.5,-4.5,-4.5,-4.5,-4.5,0,19.11,19.11,5.8,12.0,72,0.99,20.0,45.4,-0.5,1.00,5,27,99,-0.616,-14.75,0,3,0.00,0.146,0.0000,13.800,0.000,0.000,0.000,0.000,0.000,0.000,0.915,12.2100,12.06,1.0164,0.0,-33.10,-33.100,0,0.00,0.00,131072.00,22.593,0.093,0.113,0.000,-0.019,117.800,117.500,4.553,-7.360,-55.285,0.00,0.00,72.82,0.00,
81.219,0,0.0,0.8,0.0,0.1,178,2201,3,1943,3673,108,-4.5,-4.5,-4.0,-4.5,-4.0,0,19.11,19.11,5.8,11.2,72,0.99,20.0,42.4,-0.6,1.00,5,27,99,-0.580,-14.75,0,3,0.00,0.128,0.0000,13.800,0.000,0.000,0.000,0.000,0.000,0.000,0.907,12.1900,12.05,1.0164,0.0,-33.00,-33.000,0,0.00,0.00,131072.00,22.343,0.093,0.111,0.000,-0.017,117.100,117.500,4.553,-7.360,-55.285,0.00,0.00,72.82,0.00,
81.289,0,0.0,0.8,0.0,0.1,179,2175,3,1943,3674,108,-4.5,-4.5,-4.5,-4.5,-4.5,0,19.11,19.11,5.8,12.0,72,0.99,20.0,52.0,-0.6,1.00,5,27,99,-0.589,-14.75,0,3,0.00,0.117,0.0000,13.700,0.000,0.000,0.000,0.000,0.000,0.000,0.896,12.1600,12.02,1.0164,0.0,-33.00,-32.900,0,0.00,0.00,131072.00,22.125,0.093,0.111,0.000,-0.017,117.200,117.500,4.553,-7.360,-55.285,0.00,0.00,72.82,0.00,
81.359,0,0.0,0.8,0.0,0.1,179,2151,3,1943,3676,108,-4.5,-5.0,-5.0,-5.0,-5.0,0,19.11,19.11,6.2,12.0,72,0.99,20.0,42.6,-0.6,1.00,4,26,99,-0.625,-14.75,0,3,0.00,0.105,0.0000,13.500,0.000,0.000,0.000,0.000,0.000,0.000,0.896,12.1400,12.11,1.0162,0.0,-34.10,-33.900,0,0.00,0.00,131072.00,21.843,0.091,0.111,0.000,-0.019,117.100,117.500,4.553,-7.360,-55.285,0.00,0.00,72.82,0.00,
81.439,0,0.0,0.8,0.0,0.0,179,2129,3,1943,3678,108,-4.5,-4.5,-4.5,-5.0,-4.5,0,19.11,19.11,6.2,11.2,72,0.99,16.0,45.1,-0.6,1.00,4,26,99,-0.638,-14.75,0,3,0.00,0.088,0.0000,13.400,0.000,0.000,0.000,0.000,0.000,0.000,0.878,12.1200,12.07,1.0155,0.0,-34.00,-34.000,0,0.00,0.00,131072.00,21.562,0.089,0.109,0.000,-0.019,117.700,117.500,4.553,-7.360,-55.285,0.00,0.00,72.82,0.00,
81.509,0,0.0,0.8,0.0,0.0,179,2110,3,1943,3681,108,-4.5,-5.0,-5.0,-5.0,-5.0,0,19.11,19.11,6.2,12.0,72,0.99,16.0,43.3,-0.6,1.00,4,26,99,-0.654,-14.75,0,3,0.00,0.079,0.0000,13.400,0.000,0.000,0.000,0.000,0.000,0.000,0.878,12.1000,12.22,1.0155,0.0,-34.00,-34.000,0,0.00,0.00,131072.00,21.312,0.089,0.109,0.000,-0.019,118.000,117.500,4.553,-7.360,-55.285,0.00,0.00,72.82,0.00,
81.581,0,0.0,0.8,0.0,0.0,179,2096,3,1943,3683,108,-4.5,-5.0,-5.0,-5.0,-5.0,0,19.11,19.11,6.2,12.0,72,0.99,16.0,50.8,-0.6,1.00,4,26,99,-0.654,-14.75,0,3,0.00,0.070,0.0000,13.300,0.000,0.000,0.000,0.000,0.000,0.000,0.867,12.0900,12.16,1.0154,0.0,-34.00,-34.000,0,0.00,0.00,131072.00,21.125,0.089,0.109,0.000,-0.019,117.200,117.500,4.553,-7.360,-55.285,0.00,0.00,72.82,0.00,
81.665,0,0.0,0.8,0.0,0.0,179,2076,3,1943,3684,108,-4.5,-5.0,-5.0,-5.0,-5.0,0,19.11,19.11,6.2,11.2,72,0.99,16.0,42.7,-0.6,1.00,4,25,99,-0.636,-14.75,0,3,0.00,0.058,0.0000,13.300,0.000,0.000,0.000,0.000,0.000,0.000,0.848,12.0600,12.02,1.0154,0.0,-34.10,-34.100,0,0.00,0.00,131072.00,20.906,0.087,0.107,0.000,-0.019,120.300,119.700,4.553,-7.360,-55.285,0.00,0.00,72.82,0.00,
81.739,0,0.0,0.8,0.0,0.0,179,2051,3,1943,3686,108,-5.2,-5.5,-5.5,-5.5,-5.5,0,19.11,19.11,6.2,11.2,72,0.99,16.0,50.3,-0.6,1.00,4,25,99,-0.657,-14.75,0,3,0.00,0.043,0.0000,13.200,0.000,0.000,0.000,0.000,0.000,0.000,0.837,12.0400,10.95,1.0154,0.0,-34.10,-34.100,0,0.00,0.00,131072.00,20.625,0.087,0.107,0.000,-0.019,120.100,120.000,4.553,-7.360,-55.285,0.00,0.00,72.82,0.00,
81.819,0,0.0,0.8,0.0,0.0,179,2024,3,1943,3687,108,-4.5,-5.0,-5.0,-5.0,-5.0,0,19.11,19.11,5.8,10.5,72,0.99,16.0,46.6,-0.5,1.00,4,25,99,-0.713,-14.75,0,3,0.00,0.027,0.0000,13.100,0.000,0.000,0.000,0.000,0.000,0.000,0.859,12.0100,11.51,1.0150,0.0,-34.00,-33.900,0,0.00,0.00,131072.00,20.343,0.087,0.107,0.000,-0.019,120.100,120.000,4.553,-7.360,-55.285,0.00,0.00,72.97,0.00,
81.899,0,0.0,0.8,0.0,0.0,179,1991,3,1943,3689,108,-5.2,-5.5,-5.5,-5.0,-5.5,0,19.11,19.11,6.2,11.2,72,0.99,16.0,40.9,-0.6,1.00,4,24,99,-0.833,-14.75,0,3,0.00,0.018,0.0000,13.100,0.000,0.000,0.000,0.000,0.000,0.000,0.859,12.0000,11.78,1.0144,0.0,-34.00,-34.000,0,0.00,0.00,131072.00,20.031,0.085,0.105,0.000,-0.019,120.300,120.000,4.553,-7.360,-55.285,0.00,0.00,72.97,0.00,
81.979,0,0.0,0.7,0.0,0.0,179,1962,3,1943,3691,108,-5.2,-5.5,-5.5,-5.5,-5.5,0,19.11,19.11,6.2,11.2,72,0.99,16.0,45.2,-0.7,1.00,4,24,99,-0.872,-14.75,0,3,0.00,0.018,0.0000,13.100,0.000,0.000,0.000,0.000,0.000,0.000,0.837,12.0000,11.67,1.0142,0.0,-34.20,-34.100,0,0.00,0.00,131072.00,19.687,0.085,0.105,0.000,-0.019,120.000,120.000,4.553,-7.360,-55.285,0.00,0.00,73.11,0.00,
82.059,0,0.0,0.8,0.0,0.0,179,1934,3,1943,3691,108,-5.2,-5.5,-5.5,-5.5,-5.5,0,19.11,19.11,6.6,11.2,72,0.99,16.0,48.0,-0.7,1.00,4,24,99,-0.856,-14.75,0,3,0.00,0.018,0.0000,13.200,0.000,0.000,0.000,0.000,0.000,0.000,0.829,12.0000,11.71,1.0142,0.0,-34.10,-34.100,0,0.00,0.00,131072.00,19.406,0.085,0.105,0.000,-0.019,120.000,120.000,4.553,-7.360,-55.285,0.00,0.00,73.11,0.00,
82.139,0,0.0,0.7,0.0,0.0,179,1907,3,1943,3694,108,-5.2,-5.5,-5.5,-5.5,-5.5,0,19.11,19.11,6.2,11.2,72,0.99,16.0,47.5,-0.7,1.00,4,23,99,-0.856,-14.75,0,3,0.00,0.018,0.0000,13.300,0.000,0.000,0.000,0.000,0.000,0.000,0.829,12.0000,11.98,1.0142,0.0,-34.00,-34.000,0,0.00,0.00,131072.00,19.093,0.085,0.105,0.000,-0.019,120.100,120.000,4.553,-7.360,-55.285,0.00,0.00,73.11,0.00,
82.219,0,0.0,0.7,0.0,0.0,179,1878,3,1943,3694,108,-5.2,-5.5,-6.0,-5.5,-6.0,0,19.11,19.11,6.6,11.2,72,0.99,16.0,52.2,-0.7,1.00,4,23,99,-0.836,-14.75,0,3,0.00,0.018,0.0000,13.300,0.000,0.000,0.000,0.000,0.000,0.000,0.811,12.0000,11.87,1.0142,0.0,-33.80,-33.800,0,0.00,0.00,131072.00,18.843,0.087,0.105,0.000,-0.017,120.000,120.000,4.553,-7.360,-55.285,0.00,0.00,73.11,0.00,
82.299,0,0.0,0.7,0.0,0.0,179,1851,3,1943,3697,108,-6.0,-6.0,-6.0,-6.0,-6.0,0,19.11,19.11,6.6,11.2,72,0.99,16.0,46.8,-0.7,1.00,3,23,99,-0.865,-14.75,0,3,0.00,0.018,0.0000,13.400,0.000,0.000,0.000,0.000,0.000,0.000,0.807,12.0000,11.95,1.0138,0.0,-33.80,-33.800,0,0.00,0.00,131072.00,18.562,0.087,0.105,0.000,-0.017,120.200,120.000,4.553,-7.360,-55.285,0.00,0.00,73.11,0.00,
82.379,0,0.0,0.7,0.0,0.0,179,1821,3,1943,3697,108,-6.0,-6.0,-6.0,-6.0,-6.0,0,19.11,19.11,6.6,11.2,72,0.99,16.0,43.5,-0.7,1.00,3,22,99,-0.876,-14.75,0,3,0.00,0.018,0.0000,13.400,0.000,0.000,0.000,0.000,0.000,0.000,0.789,12.0000,11.90,1.0132,0.0,-33.90,-33.900,0,0.00,0.00,131072.00,18.312,0.087,0.105,0.000,-0.017,120.100,120.000,4.553,-7.360,-55.285,0.00,0.00,73.11,0.00,
82.459,0,0.0,0.7,0.0,0.0,179,1789,3,1943,3699,108,-6.0,-6.0,-6.0,-6.0,-6.0,0,19.11,19.11,6.6,11.2,72,0.99,16.0,38.5,-0.7,1.00,3,22,99,-0.906,-14.75,0,3,0.00,0.018,0.0000,13.500,0.000,0.000,0.000,0.000,0.000,0.000,0.770,12.0000,11.83,1.0130,0.0,-33.90,-33.900,0,0.00,0.00,131072.00,18.000,0.087,0.105,0.000,-0.017,120.100,120.000,4.553,-7.360,-55.285,0.00,0.00,73.11,0.00,
82.539,0,0.0,0.7,0.0,0.0,179,1761,3,1943,3702,108,-6.0,-6.0,-6.0,-6.0,-6.0,0,19.11,19.11,6.6,11.2,72,0.99,16.0,48.9,-0.7,1.00,3,21,99,-0.849,-14.75,0,3,0.00,0.018,0.0000,13.700,0.000,0.000,0.000,0.000,0.000,0.000,0.763,12.0000,11.95,1.0130,0.0,-33.80,-33.800,0,0.00,0.00,131072.00,17.687,0.087,0.105,0.000,-0.017,120.100,120.000,4.553,-7.360,-55.285,0.00,0.00,73.11,0.00,
82.605,0,0.0,0.7,0.0,0.0,179,1731,3,1943,3702,108,-6.0,-6.5,-6.5,-6.5,-6.5,0,19.11,19.11,6.6,11.2,72,0.99,12.0,44.1,-0.7,1.00,3,21,99,-0.865,-14.75,0,3,0.00,0.018,0.0000,13.700,0.000,0.000,0.000,0.000,0.000,0.000,0.752,12.0000,11.86,1.0130,0.0,-33.50,-33.500,0,0.00,0.00,131072.00,17.437,0.087,0.105,0.000,-0.017,120.000,120.000,4.553,-7.360,-55.285,0.00,0.00,73.11,0.00,
82.679,0,0.0,0.6,0.0,0.0,179,1705,3,1943,3704,108,-6.0,-6.5,-6.5,-6.5,-6.5,0,19.11,19.11,6.6,11.2,72,0.99,12.0,35.9,-0.7,1.00,3,21,99,-0.876,-14.75,0,3,0.00,0.018,0.0000,13.800,0.000,0.000,0.000,0.000,0.000,0.000,0.740,12.0000,11.80,1.0130,0.0,-33.60,-33.600,0,0.00,0.00,131072.00,17.156,0.089,0.105,0.000,-0.015,120.000,120.000,4.553,-7.360,-55.285,0.00,0.00,73.11,0.00,
82.744,0,0.0,0.6,0.0,0.0,179,1682,3,1943,3705,108,-6.0,-6.5,-6.5,-6.5,-6.5,0,19.11,19.11,7.0,11.2,72,0.99,12.0,33.0,-0.7,1.00,3,20,99,-0.870,-14.75,0,3,0.00,0.018,0.0000,13.800,0.000,0.000,0.000,0.000,0.000,0.000,0.722,12.0000,11.73,1.0130,0.0,-34.60,-34.100,0,0.00,0.00,131072.00,16.906,0.089,0.105,0.000,-0.015,120.100,120.000,4.553,-7.360,-55.285,0.00,0.00,73.11,0.00,
82.819,0,0.0,0.6,0.0,0.0,179,1654,3,1943,3707,108,-6.0,-6.5,-6.5,-6.5,-6.5,0,19.11,19.11,6.6,11.2,72,0.99,12.0,32.9,-0.6,1.00,3,20,99,-0.897,-14.75,0,3,0.00,0.018,0.0000,13.900,0.000,0.000,0.000,0.000,0.000,0.000,0.722,12.0000,11.85,1.0125,0.0,-34.40,-34.400,0,0.00,0.00,131072.00,16.656,0.089,0.105,0.000,-0.015,120.100,120.000,4.553,-7.360,-55.285,0.00,0.00,73.11,0.00,
82.899,0,0.0,0.6,0.0,0.0,179,1629,3,1943,3707,108,-6.0,-6.5,-6.5,-6.5,-6.5,0,19.11,19.11,7.0,11.2,72,1.00,12.0,39.9,-0.7,1.00,3,20,99,-0.967,-14.75,0,3,0.00,0.016,0.0000,13.900,0.000,0.000,0.000,0.000,0.000,0.000,0.711,12.0000,11.78,1.0120,0.0,-34.20,-34.300,0,0.00,0.00,131072.00,16.375,0.089,0.105,0.000,-0.015,119.900,120.000,4.553,-7.360,-55.285,0.00,0.00,73.11,0.00,
82.979,0,0.0,0.6,0.0,0.0,179,1598,3,1943,3709,108,-6.7,-7.0,-7.0,-7.0,-7.0,0,19.11,19.11,7.0,11.2,72,1.00,12.0,40.8,-0.7,1.00,3,19,99,-1.012,-14.75,0,3,0.00,0.016,0.0000,14.000,0.000,0.000,0.000,0.000,0.000,0.000,0.703,12.0000,11.83,1.0117,0.0,-34.10,-34.100,0,0.00,0.00,131072.00,16.093,0.089,0.105,0.000,-0.015,120.100,120.000,4.553,-7.360,-55.285,0.00,0.00,73.26,0.00,
83.045,0,0.0,0.6,0.0,0.0,179,1568,3,1943,3710,108,-6.7,-7.0,-7.0,-7.0,-7.0,0,19.11,19.11,7.0,11.2,72,1.00,12.0,40.2,-0.7,1.00,3,19,99,-0.976,-14.75,0,3,0.00,0.016,0.0000,14.000,0.000,0.000,0.000,0.000,0.000,0.000,0.685,12.0000,11.75,1.0117,0.0,-34.20,-34.100,0,0.00,0.00,131072.00,15.812,0.089,0.105,0.000,-0.015,119.900,120.000,4.553,-7.360,-55.285,0.00,0.00,73.11,0.00,
83.119,0,0.0,0.6,0.0,0.0,179,1545,2,1943,3712,108,-6.7,-7.0,-7.0,-7.0,-7.0,0,19.11,19.11,7.0,11.2,72,1.00,12.0,43.8,-0.7,1.00,3,19,99,-0.971,-14.75,0,3,0.00,0.016,0.0000,14.100,0.000,0.000,0.000,0.000,0.000,0.000,0.685,12.0000,11.95,1.0117,0.0,-34.10,-34.100,0,0.00,0.00,131072.00,15.562,0.089,0.105,0.000,-0.015,119.900,120.000,4.553,-7.360,-55.285,0.00,0.00,73.11,0.00,
83.200,0,0.0,0.6,0.0,0.0,179,1517,2,1943,3714,108,-6.7,-7.0,-7.0,-7.0,-7.0,0,19.11,19.11,7.0,11.2,72,1.00,12.0,36.9,-0.7,1.00,3,19,99,-0.953,-14.75,0,3,0.00,0.016,0.0000,14.100,0.000,0.000,0.000,0.000,0.000,0.000,0.674,12.0000,11.97,1.0117,0.0,-34.10,-34.100,0,0.00,0.00,131072.00,15.281,0.089,0.105,0.000,-0.015,119.900,120.000,4.553,-7.360,-55.285,0.00,0.00,73.11,0.00,
83.285,0,0.0,0.5,0.0,0.0,179,1486,2,1943,3715,110,-6.7,-7.0,-6.9,-7.0,-6.9,0,19.11,19.11,7.0,12.0,72,1.01,12.0,33.5,-0.7,1.00,3,18,99,-1.085,-14.75,0,3,0.00,0.018,0.0000,33.000,0.000,0.000,0.000,0.000,0.000,0.000,1.113,28.7400,21.23,1.0115,0.0,-34.70,-18.700,0,8.00,8.00,131072.00,21.281,0.091,0.105,0.000,-0.013,119.500,120.000,4.553,-7.360,-55.285,0.00,0.00,73.26,0.00,
83.355,0,0.0,0.5,0.0,0.0,179,1450,2,3752,3640,110,24.7,25.0,15.1,19.0,15.1,0,19.11,19.11,20.3,51.7,72,0.99,36.0,40.3,-1.3,1.00,10,18,99,-1.640,-14.75,0,3,0.00,0.036,272.3291,39.000,0.000,0.000,0.000,0.000,0.000,0.000,2.948,49.4300,59.97,1.0111,0.0,17.20,76.500,0,8.00,8.00,131072.00,44.718,0.089,0.105,0.000,-0.015,119.700,117.400,4.553,-7.360,-55.285,0.00,0.00,73.84,0.00,
83.447,0,0.0,0.4,0.0,0.0,179,1570,2,3868,3848,110,-6.7,-7.4,-3.5,-7.9,-3.5,0,19.11,19.11,37.5,42.7,72,0.99,48.0,67.0,-1.0,1.00,13,18,99,-0.926,-14.75,0,3,0.00,0.030,284.5239,30.700,0.000,0.000,0.000,0.000,0.000,0.000,2.146,46.2700,46.15,1.0123,0.0,80.40,78.800,0,8.00,8.00,131072.00,54.531,0.093,0.107,0.000,-0.013,117.400,112.300,4.553,-7.360,-55.285,0.00,0.00,73.11,0.00,
83.519,0,0.0,0.6,0.0,0.0,179,1683,2,4087,4209,110,13.5,14.0,14.0,7.9,5.5,0,19.11,19.11,28.9,43.5,72,0.99,52.0,57.9,-0.7,1.00,13,18,99,-0.894,-14.75,0,3,0.00,0.030,285.5126,29.900,-1.500,-1.500,-1.500,-1.500,0.000,0.000,2.171,43.9900,45.13,1.0205,0.0,78.90,76.100,0,8.00,8.00,131072.00,59.343,0.089,0.107,0.000,-0.017,108.400,107.100,4.553,-7.360,-55.285,0.00,0.00,73.11,0.00,
83.606,0,0.0,0.7,0.0,0.0,179,1767,2,4363,4408,110,4.5,4.7,4.7,13.3,8.6,1,19.11,19.11,25.7,41.2,72,0.99,56.0,54.8,-0.7,1.00,12,17,99,-0.645,-14.75,0,3,0.00,0.030,293.0053,28.700,-4.500,-4.500,-4.500,-4.500,0.000,0.000,1.985,43.2200,40.31,1.0262,0.0,70.70,67.700,0,8.00,8.00,131072.00,60.187,0.087,0.107,0.000,-0.019,102.500,101.300,-0.354,-0.024,-3.094,0.00,0.00,72.82,0.00,
83.680,0,0.0,0.7,0.0,0.0,179,1880,2,4553,4602,110,15.0,15.1,16.0,15.1,15.0,0,19.11,18.81,23.0,43.5,72,0.99,60.0,49.6,-0.8,1.00,13,17,99,-0.675,-14.75,0,3,0.00,0.032,291.3134,28.300,-5.300,-5.300,-5.300,-5.300,0.000,0.000,2.135,42.3600,41.60,1.0307,0.0,78.60,79.000,0,8.00,8.00,131072.00,63.531,0.085,0.107,0.000,-0.021,98.800,96.700,-0.354,-0.024,-3.094,0.00,0.00,72.82,0.00,
83.757,0,0.0,0.7,0.0,0.0,179,2024,2,4727,4783,110,15.0,15.2,15.3,15.2,15.3,0,15.91,15.66,23.4,42.0,72,0.99,64.0,54.5,-0.8,1.00,13,17,99,-0.686,-14.75,0,3,0.00,0.032,297.1801,30.500,-5.700,-5.700,-5.700,-5.700,0.000,0.000,2.257,39.0900,41.10,1.0348,0.0,80.10,73.500,0,8.00,8.00,131072.00,67.031,0.085,0.107,0.000,-0.021,93.500,91.900,-0.354,-0.024,-3.094,0.00,0.00,72.82,0.00,
83.840,0,0.0,0.7,0.0,0.0,179,2121,2,4882,4965,110,10.5,11.2,-4.1,5.5,-4.1,0,14.03,13.82,22.2,21.0,72,0.99,44.0,56.4,-0.3,1.00,11,17,99,-0.147,-14.75,0,3,0.00,0.016,321.0644,4.000,-5.700,-5.700,-5.700,-5.700,0.000,0.000,0.878,12.1300,10.42,1.0443,0.0,4.60,-11.300,0,8.00,8.00,131072.00,39.843,0.083,0.105,0.000,-0.021,89.300,101.000,-0.354,-0.024,-3.094,0.00,0.00,72.39,0.00,
83.919,0,0.0,0.9,0.0,0.0,179,2122,2,3631,4940,110,-2.2,-2.5,-2.5,-2.5,-2.5,0,13.29,13.20,5.4,10.5,72,0.99,16.0,21.7,0.3,1.00,5,17,99,-0.222,-14.75,0,3,0.00,0.016,325.5688,4.000,0.000,0.000,0.000,0.000,0.000,0.000,0.933,12.1100,11.27,1.0428,0.0,-17.90,-17.400,0,8.00,8.00,131072.00,26.875,0.082,0.105,0.000,-0.023,108.000,110.600,-0.354,-0.024,-3.094,0.00,0.00,72.39,0.00,
83.995,0,0.0,0.8,0.0,0.0,179,2091,2,2686,4824,108,-2.2,-2.5,-3.6,-2.5,-3.6,0,13.03,13.11,5.8,11.2,72,0.99,16.0,18.8,0.1,1.00,5,16,20,-0.421,-14.75,0,3,0.00,0.016,325.8105,4.000,0.000,0.000,0.000,0.000,0.000,0.000,0.944,12.0700,11.72,1.0364,0.0,-18.40,-29.100,0,0.00,0.00,131072.00,22.781,0.083,0.105,0.000,-0.021,111.600,117.300,3.216,0.000,199.993,0.00,0.00,72.68,0.00,
84.065,0,0.0,0.8,0.0,0.0,180,2059,2,2298,4735,108,-9.0,-9.1,-9.1,-6.9,-8.0,0,13.25,13.34,6.2,12.0,72,0.99,16.0,26.9,0.0,1.00,5,16,20,-0.475,-14.75,0,3,0.00,0.018,325.3930,4.000,0.000,0.000,0.000,0.000,0.000,0.000,0.907,12.0500,12.57,1.0264,0.0,-19.50,-29.100,0,0.00,0.00,131072.00,21.406,0.082,0.105,0.000,-0.023,115.800,117.500,-2.886,0.000,199.993,0.00,0.00,72.68,0.00,
84.145,0,0.0,0.7,0.0,0.0,180,2030,2,2112,4646,108,-14.2,-14.6,-13.5,-14.6,-12.4,0,13.93,14.10,6.6,12.7,72,0.99,20.0,45.2,-0.3,1.00,4,16,20,-0.584,-14.75,0,3,0.00,0.016,325.1513,4.000,0.000,0.000,0.000,0.000,0.000,0.000,0.848,12.0100,12.56,1.0160,0.0,-20.90,-29.000,0,0.00,0.00,131072.00,20.625,0.085,0.105,0.000,-0.019,119.000,117.500,-4.467,0.000,199.993,0.00,0.00,72.82,0.00,
84.226,0,0.0,0.7,0.0,0.0,180,2000,2,2016,4537,108,-15.0,-15.0,-14.5,-15.0,-15.0,0,16.09,16.86,6.6,12.0,72,0.99,16.0,46.3,-0.5,1.06,4,16,20,-0.573,-14.75,0,3,0.00,0.016,325.0415,4.000,0.000,0.000,0.000,0.000,0.000,0.000,0.818,12.0000,12.31,1.0083,0.0,-20.80,-28.800,0,0.00,0.00,131072.00,20.125,0.087,0.105,0.000,-0.017,119.500,117.500,-3.137,0.012,-3.076,0.00,0.00,72.82,0.00,
84.295,0,0.0,0.7,0.0,0.0,180,1966,2,1974,4431,108,-15.0,-15.0,-15.0,-15.0,-15.0,0,18.88,18.43,6.6,12.0,72,0.99,16.0,40.9,-0.7,1.22,4,15,20,-0.686,-14.75,0,3,0.00,0.016,325.3271,4.000,0.000,0.000,0.000,0.000,0.000,0.000,0.796,12.0000,11.92,1.0058,0.0,-21.00,-28.700,0,0.00,0.00,131072.00,19.812,0.087,0.105,0.000,-0.017,118.900,117.500,0.158,-0.512,-4.687,0.00,0.00,72.82,0.00,
84.375,0,0.0,0.6,0.0,0.0,180,1934,2,1958,4327,108,-15.0,-15.0,-15.0,-15.0,-15.0,0,16.87,16.70,6.6,11.2,72,0.99,16.0,43.8,-0.8,1.13,4,15,20,-0.727,-14.75,0,3,0.00,0.016,326.4916,4.000,0.000,0.000,0.000,0.000,0.000,0.000,0.778,12.0000,11.85,1.0045,0.0,-21.20,-28.600,0,0.00,0.00,131072.00,19.437,0.089,0.105,0.000,-0.015,118.700,117.500,0.000,-0.781,-3.662,0.00,0.00,72.97,0.00,
84.456,0,0.0,0.6,0.0,0.0,180,1896,2,1949,4222,108,-15.0,-15.5,-15.5,-15.5,-15.5,0,16.67,16.81,6.6,11.2,72,0.99,16.0,33.5,-0.8,1.12,4,15,20,-0.715,-14.75,0,3,0.00,0.016,327.3486,4.000,0.000,0.000,0.000,0.000,0.000,0.000,0.770,12.0000,11.88,1.0041,0.0,-21.20,-28.400,0,0.00,0.00,131072.00,19.062,0.089,0.105,0.000,-0.015,118.700,117.500,-0.030,-1.013,-3.515,0.00,0.00,72.97,0.00,
84.536,0,0.0,0.5,0.0,0.0,180,1858,2,1945,4121,108,-15.0,-15.5,-15.5,-15.5,-15.5,0,17.47,17.69,6.6,11.2,72,0.99,16.0,50.6,-0.8,1.17,4,14,20,-0.743,-14.75,0,3,0.00,0.016,327.9858,4.000,0.000,0.000,0.000,0.000,0.000,0.000,0.752,12.0000,11.82,1.0041,0.0,-21.40,-28.200,0,0.00,0.00,131072.00,18.718,0.089,0.105,0.000,-0.015,118.600,117.500,0.000,-1.232,-3.515,0.00,0.00,72.97,0.00,
84.615,0,0.0,0.5,0.0,0.0,180,1817,2,1944,4021,108,-15.7,-16.0,-16.0,-16.0,-16.0,0,18.37,18.05,6.6,11.2,72,0.99,16.0,43.8,-0.8,1.23,4,14,20,-0.758,-14.75,0,3,0.00,0.016,328.6669,4.000,0.000,0.000,0.000,0.000,0.000,0.000,0.733,12.0000,11.76,1.0039,0.0,-25.40,-28.100,0,0.00,0.00,131072.00,18.343,0.091,0.105,0.000,-0.013,118.200,117.500,0.000,-1.440,-3.295,0.00,0.00,72.97,0.00,
84.684,0,0.0,0.5,0.0,0.0,180,1772,2,1943,3926,108,-16.5,-16.5,-16.5,-16.0,-16.0,0,14.44,14.39,6.6,11.2,72,0.99,16.0,31.8,-0.8,1.09,4,14,20,-0.743,-14.75,0,3,0.00,0.016,329.9194,4.000,0.000,0.000,0.000,0.000,0.000,0.000,0.729,12.0000,11.96,1.0039,0.0,-23.20,-30.400,0,0.00,0.00,131072.00,17.937,0.091,0.105,0.000,-0.013,118.100,117.500,0.024,-1.623,-2.709,0.00,0.00,72.97,0.00,
84.755,0,0.0,0.5,0.0,0.0,180,1730,2,1943,3845,108,-16.5,-16.5,-16.5,-16.5,-16.5,0,14.40,14.40,6.6,11.2,72,0.99,16.0,45.4,-0.8,1.09,4,14,20,-0.727,-14.75,0,3,0.00,0.016,330.7763,4.000,0.000,0.000,0.000,0.000,0.000,0.000,0.715,12.0000,12.00,1.0039,0.0,-23.20,-29.600,0,0.00,0.00,131072.00,17.562,0.091,0.105,0.000,-0.013,118.300,117.500,-80.871,0.000,-200.000,0.00,0.00,72.97,0.00,
84.835,0,0.0,0.4,0.0,0.0,180,1692,2,1943,3768,108,-9.0,-9.5,-9.5,-17.0,-17.0,0,15.13,15.13,7.0,11.2,72,0.99,12.0,40.1,-0.7,1.12,4,13,99,-0.715,-14.75,0,3,0.00,0.018,0.0000,13.800,0.000,0.000,0.000,0.000,0.000,0.000,0.692,12.0000,11.86,1.0039,0.0,-28.00,-32.800,0,0.00,0.00,131072.00,17.156,0.093,0.105,0.000,-0.011,118.000,117.500,4.473,0.000,-200.000,0.00,0.00,72.97,0.00,
84.915,0,0.0,0.4,0.0,0.0,180,1665,2,1943,3765,108,-6.0,-6.5,-6.5,-6.5,-6.5,0,15.89,16.02,7.0,11.2,72,0.99,12.0,36.7,-0.7,1.00,4,13,99,-0.715,-14.75,0,3,0.00,0.018,0.0000,13.900,0.000,0.000,0.000,0.000,0.000,0.000,0.681,12.0000,11.92,1.0041,0.0,-34.50,-34.200,0,0.00,0.00,131072.00,16.781,0.093,0.105,0.000,-0.011,118.100,117.500,4.815,0.000,-200.000,0.00,0.00,72.97,0.00,
84.985,0,0.0,0.4,0.0,0.0,180,1617,2,1943,3768,110,-6.7,-7.0,-6.5,-7.0,-6.5,0,16.50,16.55,7.0,11.2,72,1.00,12.0,28.0,-0.7,1.00,4,13,99,-0.722,-14.75,0,3,0.00,0.016,0.0000,13.900,0.000,0.000,0.000,0.000,0.000,0.000,0.663,12.0000,11.87,1.0047,0.0,-34.10,-34.200,0,0.00,0.00,131072.00,16.406,0.093,0.105,0.000,-0.011,118.100,117.500,4.962,-5.078,-200.000,0.00,0.00,72.97,0.00,
85.055,0,0.0,0.4,0.0,0.0,180,1584,2,1943,3771,110,-6.7,-7.0,-7.0,-7.0,-7.0,0,16.89,16.94,7.0,12.0,72,1.00,12.0,28.0,-0.6,1.00,4,13,99,-0.677,-14.75,0,3,0.00,0.016,0.0000,14.000,0.000,0.000,0.000,0.000,0.000,0.000,0.652,12.0000,11.91,1.0061,0.0,-34.60,-34.500,0,0.00,0.00,131072.00,16.062,0.093,0.105,0.000,-0.011,117.800,119.600,4.559,-7.281,-51.678,0.00,0.00,72.82,0.00,
85.135,0,0.0,0.4,0.0,0.0,180,1563,2,1943,3774,110,-6.7,-7.0,-7.0,-7.5,-7.0,0,17.21,17.32,7.0,11.2,72,1.00,12.0,26.3,-0.7,1.00,3,12,99,-0.772,-14.75,0,3,0.00,0.016,0.0000,14.000,0.000,0.000,0.000,0.000,0.000,0.000,0.647,12.0000,10.63,1.0079,0.0,-34.50,-34.400,0,0.00,0.00,131072.00,15.718,0.093,0.105,0.000,-0.011,120.000,120.000,4.559,-7.281,-51.678,0.00,0.00,72.97,0.00,
85.207,0,0.0,0.4,0.0,0.0,180,1541,2,1943,3778,110,-6.7,-7.0,-7.0,-7.0,-7.0,0,17.95,18.30,6.6,10.5,72,1.00,12.0,32.3,-0.6,1.00,3,12,99,-0.763,-14.75,0,3,0.00,0.016,0.0000,14.100,0.000,0.000,0.000,0.000,0.000,0.000,0.655,12.0000,10.72,1.0089,0.0,-34.40,-34.400,0,0.00,0.00,131072.00,15.500,0.093,0.105,0.000,-0.011,120.000,120.000,4.559,-7.281,-51.678,0.00,0.00,72.97,0.00,
85.284,0,0.0,0.4,0.0,0.0,180,1519,2,1943,3778,110,-6.7,-7.0,-7.0,-7.0,-7.0,0,19.11,19.11,6.2,10.5,72,1.00,12.0,35.2,-0.5,1.00,3,12,99,-0.792,-14.75,0,3,0.00,0.016,0.0000,14.100,0.000,0.000,0.000,0.000,0.000,0.000,0.663,12.0000,11.35,1.0095,0.0,-34.00,-34.000,0,0.00,0.00,131072.00,15.250,0.093,0.105,0.000,-0.011,119.900,120.000,4.559,-7.281,-51.678,0.00,0.00,72.97,0.00,
85.366,0,0.0,0.4,0.0,0.0,180,1481,2,1943,3781,110,-7.5,-7.5,-7.5,-7.0,-7.5,0,19.11,19.11,7.0,11.2,72,1.01,12.0,34.1,-0.5,1.00,3,11,99,-0.819,-14.75,0,3,0.00,0.014,0.0000,14.300,0.000,0.000,0.000,0.000,0.000,0.000,0.663,12.0000,11.80,1.0097,0.0,-33.90,-33.900,0,0.00,0.00,131072.00,14.968,0.093,0.105,0.000,-0.011,120.000,120.000,4.559,-7.281,-51.678,0.00,0.00,72.96,0.00,
85.458,0,0.0,0.4,0.0,0.0,180,1439,2,1943,3784,110,-7.5,-7.5,-7.5,-7.5,-7.5,0,19.11,19.11,7.0,11.2,72,1.01,12.0,34.8,-0.6,1.00,3,11,99,-0.955,-14.75,0,3,0.00,0.014,0.0000,14.500,0.000,0.000,0.000,0.000,0.000,0.000,0.647,12.0000,11.86,1.0097,0.0,-34.20,-34.000,0,0.00,0.00,131072.00,14.562,0.093,0.105,0.000,-0.011,120.000,120.000,4.559,-7.281,-51.678,0.00,0.00,73.11,0.00,
85.535,0,0.0,0.3,0.0,0.0,180,1395,2,1943,3788,110,-7.5,-8.0,-8.0,-8.0,-8.0,0,19.11,19.11,7.4,11.2,72,1.02,12.0,36.2,-0.7,1.00,3,11,99,-0.943,-14.75,0,3,0.00,0.014,0.0000,15.400,0.000,0.000,0.000,0.000,0.000,0.000,0.622,12.0000,11.72,1.0097,0.0,-35.10,-34.600,0,0.00,0.00,131072.00,14.156,0.093,0.105,0.000,-0.011,120.000,119.500,4.559,-7.281,-51.678,0.00,0.00,73.11,0.00,
85.615,0,0.0,0.3,0.0,0.0,180,1348,2,1943,3788,110,-7.5,-7.5,-7.5,-8.0,-7.8,0,19.11,19.11,7.4,11.2,72,1.02,12.0,27.5,-0.7,1.00,3,11,99,-1.019,-14.75,0,3,0.00,0.016,330.7983,4.000,0.000,0.000,0.000,0.000,0.000,0.000,0.602,12.0000,11.70,1.0097,0.0,-32.70,-35.200,0,0.00,0.00,131072.00,13.718,0.093,0.105,0.000,-0.011,119.800,117.800,4.559,-7.281,-51.678,0.00,0.00,73.26,0.00,
85.684,0,0.0,0.3,0.0,0.0,180,1310,2,1943,3755,110,-6.7,-7.1,-5.8,-6.6,-5.8,0,19.11,19.11,7.4,12.0,72,1.02,12.0,28.3,-0.7,1.00,3,10,99,-1.012,-14.75,0,3,0.00,0.014,0.0000,4.000,0.000,0.000,0.000,0.000,0.000,0.000,0.587,12.0000,11.91,1.0097,0.0,-29.60,-35.400,0,0.00,0.00,131072.00,13.375,0.093,0.105,0.000,-0.011,119.200,117.600,4.559,-7.281,-51.678,0.00,0.00,73.26,0.00,
85.766,0,0.0,0.3,0.0,0.0,180,1275,2,1943,3691,110,-6.0,-6.1,-4.9,-7.3,-7.3,0,19.11,19.11,7.8,12.7,72,1.02,12.0,27.7,-0.7,1.00,3,10,99,-0.885,-14.75,0,3,0.00,0.014,326.2939,4.000,0.000,0.000,0.000,0.000,0.000,0.000,0.577,12.0000,12.86,1.0095,0.0,-24.70,-21.100,0,0.00,0.00,131072.00,13.000,0.093,0.105,0.000,-0.011,117.300,117.600,4.559,-7.281,-51.678,0.00,0.00,73.11,0.00,
85.835,0,0.0,0.3,0.0,0.0,180,1269,2,1943,3627,110,-9.0,-9.0,-9.0,-7.5,-7.5,0,19.11,19.11,7.8,12.0,72,1.02,12.0,35.3,-0.7,1.00,2,10,99,-0.897,-14.75,0,3,0.00,0.014,327.1508,4.000,0.000,0.000,0.000,0.000,0.000,0.000,0.554,12.0000,12.07,1.0095,0.0,-21.30,-21.900,0,0.00,0.00,131072.00,12.750,0.093,0.105,0.000,-0.011,117.500,117.500,4.559,-7.281,-51.678,0.00,0.00,73.11,0.00,
85.915,0,0.0,0.3,0.0,0.0,180,1237,2,1943,3564,110,-6.7,-7.4,-7.4,-7.5,-8.1,0,19.11,19.11,7.4,11.2,72,1.02,8.0,31.2,-0.7,1.00,2,9,99,-0.943,-14.75,0,3,0.00,0.013,325.9863,4.000,0.000,0.000,0.000,0.000,0.000,0.000,0.529,12.0000,11.80,1.0097,0.0,-22.70,-23.500,0,0.00,0.00,131072.00,12.500,0.093,0.105,0.000,-0.011,117.500,117.500,4.559,-7.281,-51.678,0.00,0.00,73.11,0.00,
85.995,0,0.0,0.3,0.0,0.0,180,1181,2,1943,3502,110,-8.2,-8.4,-8.4,-8.3,-7.7,0,19.11,19.11,7.4,11.2,72,1.02,8.0,31.0,-0.7,1.00,2,9,99,-0.964,-14.75,0,3,0.00,0.013,324.2285,4.000,0.000,0.000,0.000,0.000,0.000,0.000,0.512,12.0000,11.85,1.0095,0.0,-24.20,-24.100,0,0.00,0.00,131072.00,12.125,0.095,0.105,0.000,-0.009,117.500,117.500,4.559,-7.281,-51.678,0.00,0.00,73.11,0.00,
86.075,0,0.0,0.3,0.0,0.0,180,1141,2,1943,3439,110,-7.5,-7.6,-7.9,-7.7,-7.9,0,19.11,19.11,7.4,11.2,72,1.02,8.0,26.2,-0.7,1.00,2,9,99,-0.964,-14.75,0,3,0.00,0.013,322.6684,4.000,0.000,0.000,0.000,0.000,0.000,0.000,0.492,12.0000,11.76,1.0095,0.0,-24.40,-22.900,0,0.00,0.00,131072.00,11.687,0.095,0.105,0.000,-0.009,118.200,117.500,4.559,-7.281,-51.678,0.00,0.00,73.11,0.00,
86.155,0,0.0,0.3,0.0,0.0,180,1106,2,1943,3385,110,-3.0,-3.3,-6.0,-2.5,-2.5,0,19.11,19.11,7.4,11.2,72,1.02,8.0,24.2,-0.7,1.00,2,9,99,-0.989,-14.75,0,3,0.00,0.013,321.2841,4.000,0.000,0.000,0.000,0.000,0.000,0.000,0.482,12.0000,11.75,1.0095,0.0,-22.80,-21.500,0,0.00,0.00,131072.00,11.281,0.095,0.105,0.000,-0.009,116.300,117.500,4.559,-7.281,-51.678,0.00,0.00,73.25,0.00,
86.235,0,0.0,0.3,0.0,0.0,180,1102,2,1943,3330,110,0.0,-0.2,0.5,-0.2,-1.0,0,19.11,19.11,7.4,11.2,72,1.02,8.0,27.4,-0.7,1.00,2,8,99,-0.998,-14.75,0,3,0.00,0.013,321.0205,4.000,0.000,0.000,0.000,0.000,0.000,0.000,0.482,12.0000,11.80,1.0095,0.0,-21.70,-21.400,0,0.00,0.00,131072.00,11.062,0.095,0.105,0.000,-0.009,115.600,117.500,4.559,-7.281,-51.678,0.00,0.00,73.25,0.00,
86.305,0,0.0,0.3,0.0,0.0,180,1089,2,1943,3276,110,0.0,0.6,0.6,-0.2,0.0,0,19.11,19.11,7.4,11.2,72,1.02,8.0,22.5,-0.7,1.00,2,8,99,-0.968,-14.75,0,3,0.00,0.013,320.5151,4.000,0.000,0.000,0.000,0.000,0.000,0.000,0.482,12.0000,11.90,1.0095,0.0,-21.50,-20.700,0,0.00,0.00,131072.00,10.937,0.095,0.105,0.000,-0.009,117.500,117.500,4.559,-7.281,-51.678,0.00,0.00,73.11,0.00,
86.375,0,0.0,0.3,0.0,0.0,180,1075,2,1943,3219,110,0.7,1.3,0.6,2.2,2.2,0,19.11,19.11,7.8,11.2,72,1.02,8.0,34.8,-0.7,1.00,2,8,99,-1.020,-14.75,0,3,0.00,0.011,320.1855,4.000,0.000,0.000,0.000,0.000,0.000,0.000,0.464,12.0000,11.66,1.0095,0.0,-20.60,-19.700,0,0.00,0.00,131072.00,10.812,0.095,0.105,0.000,-0.009,117.200,117.500,4.559,-7.281,-51.678,0.00,0.00,73.25,0.00,
86.457,0,0.0,0.2,0.0,0.0,180,1060,2,1943,3184,110,6.0,6.5,4.6,6.5,3.6,0,19.11,19.11,7.4,11.2,72,1.02,8.0,19.9,-0.7,1.00,2,8,99,-0.953,-14.75,0,3,0.00,0.011,319.4604,4.000,0.000,0.000,0.000,0.000,0.000,0.000,0.464,12.0000,11.82,1.0095,0.0,-19.50,-18.500,0,0.00,0.00,131072.00,10.656,0.095,0.105,0.000,-0.009,117.100,117.500,4.559,-7.281,-51.678,0.00,0.00,73.11,0.00,
86.535,0,0.0,0.2,0.0,0.0,180,1046,2,1943,3127,110,6.0,6.5,8.6,7.4,8.6,0,19.11,18.76,7.8,12.0,72,1.02,8.0,29.7,-0.7,1.00,2,8,99,-0.923,-14.75,0,3,0.00,0.011,318.7792,4.000,0.000,0.000,0.000,0.000,0.000,0.000,0.452,12.0000,11.81,1.0095,0.0,-21.10,-17.500,0,0.00,0.00,131072.00,10.500,0.097,0.105,0.000,-0.007,117.700,117.500,4.559,-7.281,-51.678,0.00,0.00,73.11,0.00,
86.605,0,0.0,0.2,0.0,0.0,180,1017,2,1943,3072,110,21.0,21.6,8.7,22.0,22.0,0,17.77,17.38,7.8,12.0,72,1.02,8.0,27.4,-0.7,0.99,2,8,99,-0.989,-14.75,0,3,0.00,0.011,318.1420,4.000,0.000,0.000,0.000,0.000,0.000,0.000,0.469,12.7700,12.57,1.0095,0.0,-18.90,-17.600,0,0.00,0.00,131072.00,10.656,0.097,0.105,0.000,-0.007,117.900,117.500,4.559,-7.281,-51.678,0.00,0.00,73.25,0.00,
86.689,0,0.0,0.2,0.0,0.0,180,991,2,1943,3035,110,21.0,21.0,21.0,22.0,21.5,0,16.88,16.49,8.2,15.0,72,1.02,8.0,22.3,-0.7,0.99,3,8,99,-0.934,-14.75,0,3,0.00,0.013,317.1093,4.000,0.000,0.000,0.000,0.000,0.000,0.000,0.536,14.2100,14.87,1.0095,0.0,-18.10,-13.800,0,0.00,0.00,131072.00,11.968,0.097,0.105,0.000,-0.007,117.500,117.500,4.559,-7.281,-51.678,0.00,0.00,73.11,0.00,
86.775,0,0.0,0.2,0.0,0.0,180,956,2,1943,2966,110,17.2,17.5,1.5,4.8,1.5,0,15.88,15.70,8.9,15.0,72,1.02,8.0,28.4,-0.6,0.98,3,8,99,-0.819,-14.75,0,3,0.00,0.013,313.6157,4.000,0.000,0.000,0.000,0.000,0.000,0.000,0.569,17.2300,16.51,1.0092,0.0,-16.10,-12.300,0,0.00,0.00,131072.00,12.875,0.097,0.105,0.000,-0.007,117.400,117.500,4.559,-7.281,-51.678,0.00,0.00,72.96,0.00,
86.856,0,0.0,0.2,0.0,0.0,180,915,2,1943,2900,110,2.2,2.3,6.1,12.9,12.9,0,15.15,15.09,11.3,16.5,72,1.02,12.0,23.6,-0.7,0.97,3,8,99,-0.875,-14.75,0,3,0.00,0.013,311.6821,4.000,0.000,0.000,0.000,0.000,0.000,0.000,0.647,20.4400,19.31,1.0093,0.0,-16.70,-12.800,0,0.00,0.00,131072.00,14.500,0.097,0.105,0.000,-0.007,117.900,116.900,4.559,-7.281,-51.678,0.00,0.00,73.11,0.00,
86.934,0,0.0,0.2,0.0,0.0,180,906,2,1985,2827,110,-2.2,-2.4,-2.4,12.9,10.9,0,14.82,14.52,12.5,20.2,72,1.02,12.0,16.4,-0.7,0.97,4,8,99,-0.841,-14.75,0,3,0.00,0.013,307.5292,4.000,0.000,0.000,0.000,0.000,0.000,0.000,0.655,20.0600,19.81,1.0097,0.0,-11.90,-8.200,0,0.00,0.00,131072.00,15.062,0.097,0.105,0.000,-0.007,115.300,116.800,4.559,-7.281,-51.678,0.00,0.00,73.11,0.00,
87.015,4,0.0,0.2,0.0,0.0,180,907,2,1973,2766,110,-4.5,-5.0,-14.3,-6.5,-14.3,0,14.40,14.36,12.8,19.5,72,1.02,12.0,17.7,-0.7,0.97,3,8,99,-0.678,-14.75,0,3,0.00,0.013,308.1884,4.000,0.000,0.000,0.000,0.000,0.000,0.000,0.544,18.2500,16.40,1.0097,0.0,-4.10,-7.000,0,0.00,0.00,131072.00,13.968,0.097,0.105,0.000,-0.007,116.300,117.100,4.559,-7.281,-51.678,0.00,0.00,72.82,0.00,
87.096,14,0.0,0.2,0.0,0.0,180,889,2,1958,2686,110,12.0,12.1,-14.3,12.1,-14.3,0,14.23,14.20,11.7,17.2,72,1.02,12.0,15.2,-0.6,0.97,3,8,99,-0.937,-14.75,0,3,0.00,0.013,310.7592,4.000,0.000,0.000,0.000,0.000,0.000,0.000,0.781,25.3400,23.85,1.0103,0.0,-4.10,2.500,0,0.00,0.00,131072.00,15.968,0.097,0.105,0.000,-0.007,118.200,115.600,4.559,-7.281,-51.678,0.00,0.00,73.11,0.00,
87.175,16,0.0,0.1,0.0,0.0,180,915,2,2065,2619,110,12.0,12.1,6.5,6.3,6.5,0,14.14,14.11,15.6,21.7,72,1.02,16.0,12.8,-0.8,0.98,3,8,99,-0.873,-14.75,0,3,0.00,0.013,304.4091,4.000,0.000,0.000,0.000,0.000,0.000,0.000,0.681,20.6100,19.86,1.0105,0.0,10.20,11.700,0,16.00,16.00,131072.00,15.875,0.099,0.105,0.000,-0.005,115.900,116.500,4.559,-7.281,-51.678,0.00,0.00,73.11,0.00,
87.244,16,0.0,0.2,0.0,0.0,180,974,2,2355,2522,110,-2.2,-2.6,-7.7,7.6,7.6,0,14.09,14.07,13.2,20.2,72,1.02,12.0,13.3,-1.0,0.98,3,7,99,-0.959,-14.75,0,3,0.00,0.014,306.4086,33.000,0.000,0.000,0.000,0.000,0.000,0.000,0.715,22.6800,20.02,1.0105,0.0,14.00,14.500,0,0.00,0.00,131072.00,16.375,0.099,0.105,0.000,-0.005,114.700,115.600,4.559,-7.281,-51.678,0.00,0.00,73.11,0.00,
87.325,16,0.0,0.2,0.0,0.0,180,1025,2,2548,2543,110,7.5,8.1,8.1,7.6,7.7,0,14.03,13.98,14.4,24.7,72,1.02,16.0,13.6,-1.0,0.99,5,7,99,-0.826,-14.75,0,3,0.00,0.018,301.4648,25.000,0.000,0.000,0.000,0.000,0.000,0.000,1.083,34.2400,30.11,1.0111,0.0,18.30,34.100,0,0.00,0.00,131072.00,22.781,0.097,0.105,0.000,-0.007,113.300,110.700,4.559,-7.281,-51.678,0.00,0.00,72.96,0.00,
87.404,17,0.0,0.1,0.0,0.0,180,1094,2,2620,2602,110,9.0,9.4,9.0,9.5,9.0,0,13.90,13.87,22.6,36.0,72,0.99,24.0,20.9,-0.9,0.98,8,7,99,-0.846,-14.75,0,3,0.00,0.022,293.6865,25.900,0.000,0.000,0.000,0.000,0.000,0.000,1.385,39.0900,37.62,1.0114,0.0,41.50,60.200,0,0.00,0.00,131072.00,30.093,0.099,0.105,0.000,-0.005,110.700,105.700,4.559,-7.281,-51.678,0.00,0.00,73.11,0.00,
87.495,17,0.0,0.1,0.0,0.0,180,1211,2,2712,2757,110,9.7,10.0,9.0,11.0,11.0,0,13.81,13.74,24.6,39.7,72,0.99,32.0,27.4,-0.8,1.00,10,7,99,-0.932,-14.75,0,3,0.00,0.023,289.5556,25.200,0.000,0.000,0.000,0.000,0.000,0.000,1.597,41.8700,40.32,1.0134,0.0,66.00,71.700,0,0.00,0.00,131072.00,37.406,0.099,0.105,0.000,-0.005,103.300,100.100,4.559,-7.281,-51.678,0.00,0.00,73.11,0.00,
87.575,17,0.0,0.1,0.0,0.0,180,1340,2,2850,2860,110,13.5,14.0,12.5,14.5,14.5,1,13.63,13.61,25.7,41.2,72,0.99,40.0,34.6,-0.8,1.00,11,7,99,-0.866,-14.75,0,3,0.00,0.025,288.3251,25.800,-1.500,0.000,0.000,0.000,0.000,0.000,1.800,42.8400,41.83,1.0175,0.0,74.20,76.000,0,0.00,0.00,131072.00,43.312,0.099,0.105,0.000,-0.005,100.500,95.700,4.559,-7.281,-51.678,0.00,0.00,73.11,0.00,
87.655,17,0.0,0.1,0.0,0.0,180,1393,2,2962,3018,110,13.5,14.0,15.5,15.0,15.0,1,13.49,13.47,26.1,41.2,72,0.99,44.0,40.8,-0.7,1.00,12,8,99,-0.599,-14.75,0,3,0.00,0.025,289.3359,25.400,-2.700,0.000,0.000,0.000,0.000,0.000,1.845,42.1900,39.80,1.0208,0.0,76.50,75.400,0,0.00,0.00,131072.00,46.781,0.099,0.105,0.000,-0.005,94.800,94.600,4.559,-7.281,-51.678,0.00,0.00,72.82,0.00,
87.744,17,0.0,0.2,0.0,0.0,180,1447,2,3078,3143,110,13.5,13.8,16.0,17.0,17.0,0,13.22,13.18,25.0,39.0,72,0.99,40.0,41.8,-0.6,1.00,13,8,99,-0.769,-14.75,0,3,0.00,0.025,291.5991,24.900,-2.700,0.000,0.000,0.000,0.000,0.000,1.985,41.4700,38.91,1.0257,0.0,70.20,70.600,0,0.00,0.00,131072.00,48.968,0.099,0.105,0.000,-0.005,92.500,93.700,4.559,-7.281,-51.678,0.00,0.00,72.96,0.00,
87.825,17,0.0,0.2,0.0,0.0,180,1492,2,3208,3209,110,15.0,15.3,18.0,18.5,18.5,0,13.07,13.07,24.2,39.0,72,0.99,40.0,41.5,-0.6,1.00,13,8,99,-0.762,-14.75,0,3,0.00,0.027,292.0825,25.900,-2.700,0.000,0.000,0.000,0.000,0.000,2.121,41.1600,39.37,1.0283,0.0,70.60,72.300,0,0.00,0.00,131072.00,50.281,0.097,0.105,0.000,-0.007,91.900,93.500,4.559,-7.281,-51.678,0.00,0.00,72.96,0.00,
87.915,18,0.0,0.3,0.0,0.0,180,1526,2,3333,3365,110,16.5,16.8,19.5,19.5,19.5,0,13.20,13.22,23.8,39.0,72,0.99,44.0,42.1,-0.6,1.00,13,8,99,-0.472,-14.75,0,3,0.00,0.027,291.8188,26.300,-2.700,0.000,0.000,0.000,0.000,0.000,2.257,41.9300,40.06,1.0305,0.0,72.10,73.000,0,0.00,0.00,131072.00,51.531,0.097,0.105,0.000,-0.007,91.800,93.000,4.559,-7.281,-51.678,0.00,0.00,72.67,0.00,
87.995,18,0.0,0.2,0.0,0.0,180,1540,2,3445,3480,110,17.2,17.3,20.0,20.0,20.0,0,13.40,13.42,25.7,42.0,72,0.99,48.0,42.0,-0.7,0.99,13,8,99,-0.524,-14.75,0,3,0.00,0.029,289.3359,27.200,-2.700,0.000,0.000,0.000,0.000,0.000,2.565,43.7500,42.72,1.0326,0.0,75.20,79.000,0,0.00,0.00,131072.00,53.937,0.097,0.107,0.000,-0.009,90.700,92.000,4.559,-7.281,-51.678,0.00,0.00,72.67,0.00,
88.075,20,0.0,0.3,0.0,0.0,180,1559,2,3564,3584,110,15.7,16.3,18.5,18.5,18.5,0,13.51,13.51,26.5,42.7,72,0.99,48.0,46.8,-0.7,1.00,14,8,99,-0.647,-14.75,0,3,0.00,0.029,288.1274,28.500,-2.700,0.000,0.000,0.000,0.000,0.000,3.144,46.5900,45.31,1.0354,0.0,79.10,81.900,0,0.00,0.00,131072.00,57.250,0.097,0.107,0.000,-0.009,90.200,90.400,4.559,-7.281,-51.678,0.00,0.00,72.82,0.00,
88.155,21,0.0,0.3,0.0,0.0,180,1593,2,3686,3673,110,15.0,15.3,17.5,17.5,17.5,0,13.51,13.50,28.1,46.5,72,0.99,56.0,50.4,-0.7,1.00,15,8,99,-0.789,-14.75,0,3,0.00,0.031,285.0732,27.900,-2.700,0.000,0.000,0.000,0.000,0.000,3.814,49.9500,48.35,1.0380,0.0,86.30,87.400,0,0.00,0.00,131072.00,61.906,0.095,0.107,0.000,-0.011,88.200,88.600,4.559,-7.281,-51.678,0.00,0.00,72.96,0.00,
88.226,21,0.0,0.3,0.0,0.0,180,1628,2,3802,3811,110,14.2,14.3,16.5,16.5,16.5,0,13.44,13.44,29.2,49.5,72,0.99,60.0,55.8,-0.7,0.99,15,9,99,-0.712,-14.75,0,3,0.00,0.032,286.4355,28.500,-2.700,0.000,0.000,0.000,0.000,0.000,4.285,50.5500,49.90,1.0410,0.0,90.40,91.900,0,0.00,0.00,131072.00,65.750,0.093,0.107,0.000,-0.013,87.400,87.400,4.559,-7.281,-51.678,0.00,0.00,72.96,0.00,
88.295,21,0.0,0.4,0.0,0.0,180,1662,2,3899,3888,110,12.7,13.3,16.0,16.0,16.0,0,13.50,13.56,29.6,49.5,72,0.99,60.0,59.8,-0.6,0.99,16,9,99,-0.529,-14.75,0,3,0.00,0.032,286.5234,28.200,-2.700,0.000,0.000,0.000,0.000,0.000,4.370,50.5500,49.78,1.0435,0.0,94.40,93.300,0,0.00,0.00,131072.00,67.937,0.091,0.107,0.000,-0.015,85.200,87.200,4.559,-7.281,-51.678,0.00,0.00,72.67,0.00,
88.375,21,0.0,0.5,0.0,0.0,180,1667,2,4012,4013,110,12.7,13.3,16.0,16.0,16.0,0,13.77,13.84,29.6,48.7,72,0.99,60.0,60.5,-0.6,0.99,15,9,99,-0.701,-14.75,0,3,0.00,0.032,287.1606,29.300,-2.700,0.000,0.000,0.000,0.000,0.000,4.356,50.0000,48.50,1.0479,0.0,93.80,93.200,0,0.00,0.00,131072.00,68.968,0.089,0.107,0.000,-0.017,86.000,87.200,4.559,-7.281,-51.678,0.00,0.00,72.96,0.00,
88.465,21,0.0,0.6,0.0,0.0,180,1654,2,4102,4120,110,13.5,13.8,16.5,16.0,16.0,0,14.14,14.17,28.9,48.0,72,0.99,60.0,58.3,-0.6,1.00,15,9,99,-0.382,-14.75,0,3,0.00,0.032,288.4570,28.400,-2.700,0.000,0.000,0.000,0.000,0.000,4.243,49.2600,47.67,1.0512,0.0,91.10,90.000,0,0.00,0.00,131072.00,68.468,0.089,0.107,0.000,-0.017,85.300,87.800,4.559,-7.281,-51.678,0.00,0.00,72.53,0.00,
88.535,21,0.0,0.7,0.0,0.0,180,1620,2,4228,4240,110,13.5,13.8,16.5,16.5,16.5,0,14.33,14.33,28.5,47.2,72,0.99,56.0,56.7,-0.5,1.00,14,9,99,-0.626,-14.75,0,3,0.00,0.031,288.9843,28.900,-2.700,0.000,0.000,0.000,0.000,0.000,4.182,49.3900,47.31,1.0545,0.0,88.90,88.500,0,0.00,0.00,131072.00,67.343,0.085,0.107,0.000,-0.021,85.200,88.000,0.000,0.103,1.672,0.00,0.00,72.82,0.00,
88.615,21,0.0,0.7,0.0,0.0,180,1593,2,4308,4291,110,14.2,14.3,17.0,17.0,17.0,0,14.45,14.48,28.5,47.2,72,0.99,56.0,54.8,-0.5,1.00,13,10,99,-0.717,-14.75,0,3,0.00,0.031,288.6547,29.700,-2.700,0.000,0.000,0.000,0.000,0.000,4.201,49.4700,47.30,1.0562,0.0,88.60,88.700,0,0.00,0.00,131072.00,66.312,0.085,0.107,0.000,-0.021,86.900,87.300,0.000,0.225,1.971,0.00,0.00,72.96,0.00,
88.705,20,0.0,0.8,0.0,0.0,180,1560,2,4399,4416,110,14.2,14.6,16.5,17.0,16.5,0,14.55,14.56,28.9,47.2,72,0.99,56.0,53.1,-0.5,1.01,13,10,99,-0.595,-14.75,0,3,0.00,0.031,288.3032,30.000,-2.700,0.000,0.000,0.000,0.000,0.000,4.098,49.3500,46.88,1.0573,0.0,89.70,89.100,0,0.00,0.00,131072.00,64.968,0.083,0.107,0.000,-0.023,86.100,87.700,0.012,0.274,0.225,0.00,0.00,72.82,0.00,
88.787,20,0.0,0.8,0.0,0.0,180,1536,2,4493,4536,110,13.5,13.8,16.0,16.5,16.0,0,14.64,14.71,28.9,47.2,72,0.99,56.0,51.2,-0.6,1.01,12,10,99,-0.742,-14.75,0,3,0.00,0.031,287.9077,30.000,-2.700,0.000,0.000,0.000,0.000,0.000,4.187,49.3100,47.46,1.0585,0.0,89.00,89.700,0,0.00,0.00,131072.00,63.906,0.082,0.107,0.000,-0.025,85.400,87.200,0.030,0.140,-8.660,0.00,0.00,72.96,0.00,
88.854,20,0.0,0.9,0.0,0.0,180,1533,2,4607,4595,110,12.7,13.3,15.5,16.0,15.5,0,14.75,14.77,29.2,46.5,72,0.99,56.0,52.0,-0.5,1.02,12,10,99,-0.524,-14.75,0,3,0.00,0.031,287.9956,30.400,-2.700,0.000,0.000,0.000,0.000,0.000,4.149,49.1900,47.00,1.0589,0.0,89.30,88.800,0,0.00,0.00,131072.00,63.093,0.078,0.107,0.000,-0.029,86.800,87.200,0.030,0.140,-8.660,0.00,0.00,72.67,0.00,
88.934,20,0.0,0.9,0.0,0.0,180,1539,2,4655,4699,110,13.5,13.8,16.5,16.5,16.5,0,14.77,14.77,28.9,46.5,72,0.99,56.0,50.2,-0.6,1.02,12,10,99,-0.590,-14.75,0,3,0.00,0.031,288.0615,30.200,-2.700,0.000,0.000,0.000,0.000,0.000,4.182,49.1500,47.33,1.0594,0.0,88.80,89.200,0,0.00,0.00,131072.00,62.843,0.076,0.107,0.000,-0.031,87.200,87.500,0.030,0.140,-8.660,0.00,0.00,72.82,0.00,
89.015,19,0.0,1.0,0.0,0.0,180,1551,2,4747,4800,110,13.5,13.8,16.5,16.5,16.5,0,14.70,14.69,28.9,46.5,72,0.99,56.0,50.4,-0.6,1.02,12,11,99,-0.717,-14.75,0,3,0.00,0.031,289.1601,30.300,-2.700,0.000,0.000,0.000,0.000,0.000,3.918,46.4600,46.01,1.0599,0.0,88.70,86.000,0,0.00,0.00,131072.00,61.468,0.076,0.107,0.000,-0.031,86.400,88.500,0.030,0.140,-8.660,0.00,0.00,72.96,0.00,
89.088,17,0.0,1.0,0.0,0.0,180,1557,2,4808,4840,110,14.2,14.3,16.5,15.4,16.5,0,14.64,14.64,27.7,44.2,72,0.99,52.0,50.3,-0.6,1.01,11,11,99,-0.687,-14.75,0,3,0.00,0.029,291.4672,30.100,-2.700,0.000,0.000,0.000,0.000,0.000,3.565,45.0100,44.38,1.0604,0.0,84.60,81.900,0,0.00,0.00,131072.00,59.750,0.076,0.107,0.000,-0.031,87.900,89.500,0.030,0.140,-8.660,0.00,0.00,72.82,0.00,
89.154,17,0.0,1.0,0.0,0.0,180,1550,2,4881,4911,108,14.2,14.8,15.8,16.5,14.5,0,14.61,14.61,26.9,43.5,72,0.99,52.0,47.4,-0.6,1.04,11,11,99,-0.932,-14.75,0,3,0.00,0.029,291.1376,30.100,-2.700,0.000,0.000,0.000,0.000,0.000,3.268,43.3400,43.22,1.0603,0.0,80.20,79.500,0,0.00,0.00,131072.00,57.718,0.074,0.107,0.000,-0.033,88.800,90.600,0.030,0.140,-8.660,0.00,0.00,73.11,0.00,
89.234,17,0.0,1.0,0.0,0.0,180,1553,2,4931,4917,108,15.7,15.8,18.5,18.0,18.5,0,14.57,14.57,26.5,42.0,72,0.99,48.0,45.7,-0.7,1.04,10,11,99,-0.939,-14.75,0,3,0.00,0.029,293.0273,29.800,-2.700,0.000,0.000,0.000,0.000,0.000,2.980,41.8700,41.98,1.0600,0.0,77.40,75.300,0,0.00,0.00,131072.00,55.468,0.074,0.107,0.000,-0.033,90.500,91.500,0.030,0.140,-8.660,0.00,0.00,73.11,0.00,
89.314,17,0.0,1.0,0.0,0.0,180,1554,2,4988,4990,108,15.7,16.4,16.4,17.6,17.1,0,14.47,14.45,25.7,41.2,72,0.99,48.0,45.1,-0.7,1.03,10,11,99,-0.866,-14.75,0,3,0.00,0.027,294.6752,29.600,-2.700,0.000,0.000,0.000,0.000,0.000,2.777,40.9200,40.87,1.0594,0.0,73.90,72.300,0,0.00,0.00,131072.00,53.812,0.076,0.107,0.000,-0.031,91.000,92.000,0.030,0.140,-8.660,0.00,0.00,73.11,0.00,
89.399,17,0.0,1.1,0.0,0.0,180,1560,2,5045,5059,108,15.0,15.6,17.1,15.6,16.3,0,14.38,14.37,25.0,40.5,72,0.99,48.0,43.4,-0.8,1.03,10,12,99,-0.814,-14.75,0,3,0.00,0.027,295.2026,29.200,-2.700,0.000,0.000,0.000,0.000,0.000,2.715,40.5200,41.05,1.0584,0.0,71.80,71.100,0,0.00,0.00,131072.00,52.906,0.074,0.107,0.000,-0.033,92.700,92.000,0.030,0.140,-8.660,0.00,0.00,72.96,0.00,
89.475,17,0.0,1.0,0.0,0.0,180,1566,2,5060,5080,108,12.7,13.0,13.0,13.0,13.0,0,14.33,14.31,25.0,40.5,72,0.99,48.0,43.4,-0.8,1.03,10,12,99,-0.801,-14.75,0,3,0.00,0.027,295.9057,27.000,-2.700,0.000,0.000,0.000,0.000,0.000,2.590,40.1600,40.43,1.0571,0.0,70.70,70.300,0,0.00,0.00,131072.00,52.500,0.076,0.107,0.000,-0.031,91.700,92.300,0.030,0.140,-8.660,0.00,0.00,72.96,0.00,
89.555,17,0.0,1.0,0.0,0.0,180,1566,2,5060,5098,108,13.5,14.1,15.1,14.1,14.1,0,14.31,14.31,24.6,39.7,72,0.99,48.0,42.7,-0.8,1.03,10,12,99,-0.878,-14.75,0,3,0.00,0.027,296.2792,28.300,-2.700,0.000,0.000,0.000,0.000,0.000,2.498,39.6600,40.20,1.0559,0.0,70.10,69.500,0,0.00,0.00,131072.00,52.125,0.074,0.107,0.000,-0.033,92.300,92.700,0.030,0.140,-8.660,0.00,0.00,73.11,0.00,
89.634,16,0.0,1.0,0.0,0.0,180,1575,2,5060,5059,108,12.7,13.0,12.8,13.0,13.2,0,14.30,14.30,24.6,39.0,72,0.99,48.0,42.6,-0.8,1.03,10,12,99,-0.923,-14.75,0,3,0.00,0.027,297.1362,27.800,-2.700,0.000,0.000,0.000,0.000,0.000,2.420,39.4200,39.95,1.0549,0.0,68.70,68.300,0,0.00,0.00,131072.00,51.687,0.074,0.107,0.000,-0.033,93.300,92.700,0.030,0.140,-8.660,0.00,0.00,73.11,0.00,
89.725,16,0.0,1.0,0.0,0.0,180,1584,2,5060,5115,108,13.5,13.7,12.9,19.0,19.0,0,14.24,14.23,24.2,39.0,72,0.99,48.0,41.0,-0.8,1.02,10,12,99,-0.742,-14.75,0,3,0.00,0.027,297.7734,27.300,-2.700,0.000,0.000,0.000,0.000,0.000,2.377,39.0900,39.45,1.0540,0.0,67.80,67.400,0,0.00,0.00,131072.00,51.500,0.076,0.107,0.000,-0.031,92.000,92.700,0.030,0.140,-8.660,0.00,0.00,72.96,0.00,
89.806,16,0.0,1.0,0.0,0.0,180,1595,2,5060,5044,108,16.5,16.5,17.0,18.1,18.1,0,14.16,14.14,23.8,39.0,72,0.99,48.0,41.3,-0.8,1.01,10,12,99,-0.896,-14.75,0,3,0.00,0.027,298.3007,27.500,-2.700,0.000,0.000,0.000,0.000,0.000,2.324,38.8100,38.93,1.0529,0.0,67.40,66.700,0,0.00,0.00,131072.00,51.437,0.076,0.107,0.000,-0.031,93.700,92.700,0.030,0.140,-8.660,0.00,0.00,73.11,0.00,
89.884,16,0.0,1.0,0.0,0.0,180,1610,2,5060,5042,108,18.0,18.3,21.0,21.0,21.0,1,14.06,14.04,23.4,38.2,72,0.99,48.0,41.9,-0.8,1.01,10,12,99,-0.737,-14.75,0,3,0.00,0.027,299.6850,27.300,-2.700,0.000,0.000,0.000,0.000,0.000,2.324,38.7300,38.65,1.0524,0.0,66.70,66.500,0,0.00,0.00,131072.00,51.656,0.076,0.107,0.000,-0.031,91.900,92.700,0.030,0.140,-8.660,0.00,0.00,72.96,0.00,
89.965,16,0.0,1.0,0.0,0.0,180,1627,2,5060,5044,108,18.0,18.3,21.5,21.0,21.5,0,14.03,14.03,23.0,38.2,72,0.99,48.0,41.5,-0.8,1.00,10,13,99,-0.703,-14.75,0,3,0.00,0.027,300.1684,28.600,-2.700,0.000,0.000,0.000,0.000,0.000,2.333,38.5700,38.57,1.0519,0.0,66.00,66.100,0,0.00,0.00,131072.00,52.000,0.078,0.107,0.000,-0.029,94.800,92.700,0.030,0.140,-8.660,0.00,0.00,72.96,0.00,
90.044,16,0.0,1.0,0.0,0.0,180,1649,2,5060,5054,108,18.7,18.8,21.5,21.5,21.5,0,14.03,14.03,23.0,38.2,72,0.99,48.0,42.3,-0.8,1.00,10,13,99,-0.862,-14.75,0,3,0.00,0.027,300.4541,27.000,-2.700,0.000,0.000,0.000,0.000,0.000,2.324,38.4500,38.23,1.0513,0.0,66.20,66.400,0,0.00,0.00,131072.00,52.375,0.078,0.107,0.000,-0.029,91.700,92.100,0.030,0.140,-8.660,0.00,0.00,73.11,0.00,
90.125,17,0.0,1.0,0.0,0.0,180,1664,2,5060,5032,108,18.7,18.8,21.5,21.5,21.5,0,14.05,14.06,22.6,38.2,72,0.99,48.0,42.9,-0.7,1.00,10,13,99,-0.585,-14.75,0,3,0.00,0.029,301.0913,27.400,-2.700,0.000,0.000,0.000,0.000,0.000,2.401,38.9400,39.01,1.0508,0.0,65.60,66.600,0,0.00,0.00,131072.00,53.125,0.078,0.107,0.000,-0.029,92.200,92.000,0.030,0.140,-8.660,0.00,0.00,72.82,0.00,
90.205,17,0.0,1.0,0.0,0.0,180,1673,2,5060,5074,108,18.7,19.3,22.0,22.0,22.0,0,14.12,14.13,22.6,38.2,72,0.99,48.0,42.4,-0.7,1.00,10,13,99,-0.742,-14.75,0,3,0.00,0.027,301.2231,27.300,-2.700,0.000,0.000,0.000,0.000,0.000,2.358,38.5000,38.05,1.0505,0.0,66.20,65.300,0,0.00,0.00,131072.00,53.343,0.078,0.107,0.000,-0.029,92.200,92.000,0.030,0.140,-8.660,0.00,0.00,72.96,0.00,
90.285,17,0.0,0.9,0.0,0.0,180,1681,2,5060,5026,108,18.7,19.3,22.0,22.0,22.0,0,14.12,14.12,22.2,37.5,72,0.99,48.0,42.3,-0.7,1.00,10,13,99,-0.579,-14.75,0,3,0.00,0.029,301.6406,27.200,-2.700,0.000,0.000,0.000,0.000,0.000,2.397,38.3800,38.46,1.0505,0.0,64.80,65.600,0,0.00,0.00,131072.00,53.593,0.078,0.107,0.000,-0.029,93.400,92.000,0.030,0.140,-8.660,0.00,0.00,72.82,0.00,
90.355,17,0.0,0.9,0.0,0.0,180,1695,2,5060,5093,108,18.7,19.3,22.0,22.0,22.0,0,14.08,14.08,22.6,37.5,72,0.99,48.0,43.3,-0.7,0.99,10,13,99,-0.590,-14.75,0,3,0.00,0.027,302.2778,26.400,-2.700,0.000,0.000,0.000,0.000,0.000,2.372,38.2200,37.72,1.0505,0.0,65.50,65.000,0,0.00,0.00,131072.00,53.718,0.078,0.107,0.000,-0.029,90.700,92.000,0.030,0.140,-8.660,0.00,0.00,72.82,0.00,
90.436,17,0.0,0.9,0.0,0.0,180,1711,2,5060,5049,108,18.7,19.3,22.0,22.0,22.0,0,14.07,14.08,22.2,37.5,72,0.99,48.0,41.9,-0.7,0.98,10,13,99,-0.749,-14.75,0,3,0.00,0.029,303.0468,27.500,-2.700,0.000,0.000,0.000,0.000,0.000,2.425,38.1500,37.88,1.0505,0.0,64.50,64.500,0,0.00,0.00,131072.00,54.125,0.078,0.107,0.000,-0.029,92.700,92.000,0.030,0.140,-8.660,0.00,0.00,72.96,0.00,
90.515,17,0.0,0.9,0.0,0.0,180,1729,2,5060,5047,108,18.7,19.3,22.0,22.5,22.5,0,14.10,14.10,22.2,38.2,72,0.99,48.0,42.9,-0.7,0.98,10,13,99,-0.570,-14.75,0,3,0.00,0.029,302.4316,26.400,-2.700,0.000,0.000,0.000,0.000,0.000,2.512,38.8300,38.56,1.0505,0.0,65.40,66.500,0,0.00,0.00,131072.00,55.093,0.080,0.107,0.000,-0.027,93.300,91.300,0.030,0.140,-8.660,0.00,0.00,72.82,0.00,
90.595,17,0.0,0.9,0.0,0.0,180,1744,2,5060,5049,108,19.5,19.8,22.5,22.5,22.5,0,14.15,14.16,22.6,38.2,72,0.99,52.0,44.6,-0.7,0.98,11,14,99,-0.658,-14.75,0,3,0.00,0.029,302.1020,26.500,-2.700,0.000,0.000,0.000,0.000,0.000,2.565,39.2300,39.08,1.0508,0.0,67.40,67.600,0,0.00,0.00,131072.00,55.968,0.078,0.107,0.000,-0.029,91.600,90.800,0.030,0.140,-8.660,0.00,0.00,72.82,0.00,
90.675,17,0.0,0.9,0.0,0.0,180,1757,2,5060,5060,108,19.5,19.8,23.0,23.0,23.0,0,14.24,14.24,22.6,38.2,72,0.99,52.0,44.5,-0.7,0.99,11,14,99,-0.696,-14.75,0,3,0.00,0.029,302.3217,27.400,-2.700,0.000,0.000,0.000,0.000,0.000,2.590,39.1500,38.46,1.0513,0.0,68.20,67.800,0,0.00,0.00,131072.00,56.812,0.078,0.107,0.000,-0.029,90.900,90.400,0.030,0.140,-8.660,0.00,0.00,72.96,0.00,
90.755,18,0.0,0.9,0.0,0.0,180,1771,2,5060,5015,108,20.2,20.3,23.0,23.0,23.0,0,14.26,14.26,22.2,38.2,72,0.99,52.0,45.0,-0.7,0.99,11,14,99,-0.565,-14.75,0,3,0.00,0.029,301.7724,26.900,-2.700,0.000,0.000,0.000,0.000,0.000,2.710,40.2400,39.20,1.0518,0.0,67.90,69.400,0,0.00,0.00,131072.00,57.937,0.078,0.107,0.000,-0.029,90.000,90.400,0.030,0.140,-8.660,0.00,0.00,72.82,0.00,
90.834,18,0.0,0.9,0.0,0.0,180,1782,2,5060,5032,108,20.2,20.3,23.0,23.0,23.0,0,14.24,14.23,22.6,39.7,72,0.99,52.0,45.6,-0.7,0.99,11,14,99,-0.579,-14.75,0,3,0.00,0.031,301.1132,27.400,-2.700,0.000,0.000,0.000,0.000,0.000,2.874,40.9000,40.22,1.0525,0.0,70.80,72.100,0,0.00,0.00,131072.00,59.437,0.078,0.107,0.000,-0.029,90.200,89.700,0.030,0.140,-8.660,0.00,0.00,72.82,0.00,
90.904,18,0.0,0.9,0.0,0.0,180,1800,2,5060,5046,108,19.5,19.8,22.5,22.5,22.5,0,14.21,14.22,23.4,40.5,72,0.99,56.0,47.8,-0.7,0.98,12,14,99,-0.579,-14.75,0,3,0.00,0.031,300.6738,27.000,-2.700,0.000,0.000,0.000,0.000,0.000,3.005,41.3100,40.96,1.0534,0.0,72.80,73.900,0,0.00,0.00,131072.00,60.875,0.078,0.107,0.000,-0.029,89.600,89.600,0.030,0.140,-8.660,0.00,0.00,72.82,0.00,
90.985,18,0.0,0.9,0.0,0.0,180,1817,2,5060,5036,108,18.7,19.3,22.0,22.0,22.0,0,14.24,14.24,23.4,40.5,72,0.99,56.0,49.7,-0.7,0.99,12,14,99,-0.538,-14.75,0,3,0.00,0.031,300.8056,27.100,-1.900,0.000,0.000,0.000,0.000,0.000,3.039,41.3500,40.87,1.0546,0.0,73.50,73.500,0,0.00,0.00,131072.00,61.843,0.076,0.107,0.000,-0.031,90.200,89.400,0.030,0.140,-8.660,0.00,0.00,72.67,0.00,
91.064,19,0.0,1.0,0.0,0.0,180,1836,2,5060,5049,108,19.5,20.1,22.0,22.5,22.5,0,14.28,14.30,23.4,41.2,72,0.99,56.0,50.5,-0.7,0.99,12,14,99,-0.635,-14.75,0,3,0.00,0.031,299.8828,26.800,-1.900,0.000,0.000,0.000,0.000,0.000,3.325,42.7800,42.12,1.0558,0.0,74.20,75.800,0,0.00,0.00,131072.00,63.875,0.074,0.107,0.000,-0.033,88.900,88.300,0.030,0.140,-8.660,0.00,0.00,72.82,0.00,
91.136,19,0.0,1.0,0.0,0.0,180,1859,2,5060,5050,108,19.5,19.6,21.5,21.5,21.5,0,14.35,14.36,24.2,42.0,72,0.99,60.0,51.9,-0.7,0.99,12,14,99,-0.574,-14.75,0,3,0.00,0.032,299.4433,27.200,-1.900,0.000,0.000,0.000,0.000,0.000,3.402,42.8500,42.27,1.0568,0.0,75.90,76.300,0,0.00,0.00,131072.00,65.281,0.074,0.107,0.000,-0.033,87.800,88.000,0.030,0.140,-8.660,0.00,0.00,72.82,0.00,
91.214,19,0.0,1.0,0.0,0.0,180,1880,2,5060,5029,108,19.5,19.6,21.5,21.5,21.5,0,14.40,14.42,23.8,42.0,72,0.99,60.0,54.4,-0.6,1.00,12,14,99,-0.554,-14.75,0,3,0.00,0.032,299.6850,27.100,-1.900,0.000,0.000,0.000,0.000,0.000,3.432,42.6200,41.97,1.0590,0.0,76.30,76.400,0,0.00,0.00,131072.00,66.250,0.070,0.107,0.000,-0.037,87.600,88.000,0.122,0.256,6.842,0.00,0.00,72.82,0.00,
91.299,19,0.0,1.0,0.0,0.0,180,1902,2,5060,5011,108,19.5,20.1,22.0,22.0,22.0,0,14.48,14.48,23.4,41.2,72,0.99,60.0,55.7,-0.6,1.00,12,15,98,-0.610,-14.75,0,3,0.00,0.032,300.4760,27.100,-1.900,0.000,0.000,0.000,0.000,0.000,3.325,41.6300,40.91,1.0603,0.0,75.70,75.200,0,0.00,0.00,131072.00,66.031,0.070,0.107,0.000,-0.037,87.100,88.700,0.061,0.769,9.637,0.00,0.00,72.82,0.00,
91.374,19,0.0,1.1,0.0,0.0,180,1914,2,5060,5026,108,20.2,20.6,22.5,22.5,22.5,0,14.52,14.52,23.0,40.5,72,0.99,60.0,53.4,-0.6,1.01,12,15,98,-0.676,-14.75,0,3,0.00,0.032,301.0473,26.900,-1.900,0.000,0.000,0.000,0.000,0.000,3.354,41.4600,40.93,1.0614,0.0,73.70,73.900,0,0.00,0.00,131072.00,66.093,0.068,0.107,0.000,-0.039,88.800,88.600,-0.018,1.342,9.637,0.00,0.00,72.82,0.00,
91.454,19,0.0,1.1,0.0,0.0,180,1926,2,5060,5049,108,21.0,21.1,23.0,23.0,23.0,0,14.52,14.51,23.0,40.5,72,0.99,60.0,53.9,-0.7,1.01,12,15,98,-0.794,-14.75,0,3,0.00,0.032,301.2670,26.200,-1.900,0.000,0.000,0.000,0.000,0.000,3.364,41.4600,40.91,1.0620,0.0,73.50,73.400,0,0.00,0.00,131072.00,66.312,0.066,0.107,0.000,-0.041,89.100,88.400,0.000,1.818,8.044,0.00,0.00,72.96,0.00,
91.535,19,0.0,1.1,0.0,0.0,180,1951,2,5060,5064,108,21.0,21.1,23.0,23.0,23.0,0,14.48,14.48,22.6,40.5,72,0.99,60.0,53.5,-0.7,1.01,12,15,98,-0.780,-14.75,0,3,0.00,0.032,301.7944,26.400,-1.900,0.000,0.000,0.000,0.000,0.000,3.402,41.3000,40.73,1.0626,0.0,73.30,73.200,0,0.00,0.00,131072.00,66.781,0.064,0.107,0.000,-0.042,88.500,88.100,0.030,2.246,6.072,0.00,0.00,72.96,0.00,
91.634,18,0.0,1.1,0.0,0.0,180,1981,2,5060,5006,108,21.0,21.1,23.0,23.0,23.0,1,14.47,14.47,22.6,39.7,72,0.99,60.0,53.5,-0.7,1.01,12,15,97,-0.692,-14.75,0,3,0.00,0.032,303.1347,26.500,-2.700,0.000,0.000,0.000,0.000,0.000,3.177,39.6000,39.53,1.0633,0.0,71.60,70.400,0,0.00,0.00,131072.00,65.812,0.064,0.107,0.000,-0.042,89.100,89.500,-0.018,2.722,5.902,0.00,0.00,72.96,0.00,
91.719,18,0.0,1.2,0.0,0.0,180,1996,2,5060,5042,108,21.0,21.3,24.0,24.0,24.0,0,14.44,14.44,21.8,39.0,72,0.99,60.0,53.6,-0.7,1.01,12,15,97,-0.774,-14.75,0,3,0.00,0.032,303.4204,26.400,-2.700,0.000,0.000,0.000,0.000,0.000,3.163,39.2800,39.43,1.0634,0.0,70.00,70.500,0,0.00,0.00,131072.00,65.656,0.062,0.107,0.000,-0.044,89.400,89.500,-0.018,3.082,5.676,0.00,0.00,72.96,0.00,
91.814,18,0.0,1.2,0.0,0.0,180,2019,2,5060,5019,108,21.7,21.8,24.5,24.5,24.5,0,14.39,14.38,21.4,39.0,72,0.99,60.0,54.5,-0.7,1.01,11,15,97,-0.728,-14.75,0,3,0.00,0.032,304.2773,26.300,-2.700,0.000,0.000,0.000,0.000,0.000,3.091,39.0500,38.97,1.0634,0.0,69.60,69.100,0,0.00,0.00,131072.00,65.625,0.062,0.107,0.000,-0.044,89.700,89.500,0.012,3.472,5.371,0.00,0.00,72.96,0.00,
91.894,18,0.0,1.2,0.0,0.0,180,2037,2,5060,5047,108,21.7,21.8,24.5,24.5,24.5,0,14.30,14.30,21.0,38.2,72,0.99,60.0,53.6,-0.7,1.00,11,16,97,-0.740,-14.75,0,3,0.00,0.032,304.3432,26.500,-2.700,0.000,0.000,0.000,0.000,0.000,3.163,39.4400,39.21,1.0634,0.0,69.20,70.000,0,0.00,0.00,131072.00,66.375,0.060,0.107,0.000,-0.046,90.000,89.500,-0.018,3.796,5.151,0.00,0.00,72.96,0.00,
91.974,18,0.0,1.2,0.0,0.0,180,2061,2,5060,5037,108,21.7,21.8,24.5,24.5,24.5,0,14.27,14.27,21.0,38.2,72,0.99,60.0,54.2,-0.8,1.00,12,16,97,-0.678,-14.75,0,3,0.00,0.032,305.3540,26.400,-2.700,0.000,0.000,0.000,0.000,0.000,3.076,38.5700,38.42,1.0634,0.0,69.00,67.600,0,0.00,0.00,131072.00,66.312,0.062,0.107,0.000,-0.044,89.700,89.500,-0.018,4.119,4.846,0.00,0.00,72.82,0.00,
92.054,18,0.0,1.2,0.0,0.0,180,2078,2,5060,5054,108,21.7,21.8,24.5,24.5,24.5,0,14.27,14.28,20.3,38.2,72,0.99,60.0,54.2,-0.7,0.99,12,16,97,-0.703,-14.75,0,3,0.00,0.032,305.4638,26.400,-2.700,0.000,0.000,0.000,0.000,0.000,3.076,38.6100,38.33,1.0634,0.0,67.50,67.300,0,0.00,0.00,131072.00,66.625,0.060,0.107,0.000,-0.046,89.600,89.500,0.012,4.406,4.241,0.00,0.00,72.96,0.00,
92.134,18,0.0,1.2,0.0,0.0,180,2097,2,5060,5047,108,21.7,21.8,24.5,24.5,24.5,0,14.30,14.30,20.3,38.2,72,0.99,60.0,53.8,-0.7,1.00,12,16,97,-0.717,-14.75,0,3,0.00,0.032,305.3979,26.100,-2.700,0.000,0.000,0.000,0.000,0.000,3.076,38.3300,38.33,1.0634,0.0,67.30,67.300,0,0.00,0.00,131072.00,66.906,0.058,0.107,0.000,-0.048,89.300,90.200,-0.018,4.650,3.710,0.00,0.00,72.96,0.00,
92.216,17,0.0,1.3,0.0,0.0,180,2111,2,5060,5069,107,21.7,21.8,24.5,24.5,24.5,0,14.35,14.35,19.9,37.5,72,0.99,60.0,54.1,-0.7,1.00,12,16,97,-0.579,-14.75,0,3,0.00,0.032,306.2548,25.900,-2.700,0.000,0.000,0.000,0.000,0.000,2.990,37.5400,37.62,1.0634,0.0,66.10,65.200,0,0.00,0.00,131072.00,66.531,0.058,0.107,0.000,-0.048,89.700,90.400,0.000,4.858,3.405,0.00,0.00,72.82,0.00,
92.295,17,0.0,1.2,0.0,0.0,181,2124,2,5060,5057,107,21.7,22.3,25.0,25.0,25.0,0,14.37,14.37,19.5,36.7,72,0.99,60.0,53.7,-0.7,1.00,11,16,97,-0.733,-14.75,0,3,0.00,0.032,306.7382,25.900,-2.700,0.000,0.000,0.000,0.000,0.000,2.942,36.8700,36.93,1.0634,0.0,64.00,63.700,0,0.00,0.00,131072.00,66.156,0.060,0.107,0.000,-0.046,90.400,90.900,0.012,5.029,2.947,0.00,0.00,72.96,0.00,
92.374,17,0.0,1.2,0.0,0.0,181,2136,2,5060,5044,107,22.5,22.8,25.0,25.5,25.0,0,14.38,14.39,18.7,36.0,72,0.99,56.0,53.0,-0.6,1.00,11,16,97,-0.696,-14.75,0,3,0.00,0.031,307.6171,25.600,-2.700,0.000,0.000,0.000,0.000,0.000,2.802,36.0600,35.61,1.0628,0.0,61.60,61.100,0,0.00,0.00,131072.00,65.093,0.058,0.107,0.000,-0.048,91.400,91.200,-0.018,5.133,0.903,0.00,0.00,72.96,0.00,
92.455,17,0.0,1.2,0.0,0.0,181,2144,2,5060,5057,107,22.5,22.8,25.5,25.5,25.5,0,14.40,14.40,18.3,35.2,72,0.99,56.0,52.1,-0.7,1.00,11,16,97,-0.647,-14.75,0,3,0.00,0.029,308.4082,25.600,-2.700,0.000,0.000,0.000,0.000,0.000,2.802,35.8200,35.47,1.0623,0.0,59.70,59.600,0,0.00,0.00,131072.00,64.375,0.060,0.107,0.000,-0.046,91.800,91.900,0.000,5.133,-0.982,0.00,0.00,72.82,0.00,
92.534,17,0.0,1.3,0.0,0.0,181,2155,2,5060,5067,107,22.5,22.8,25.5,25.5,25.5,0,14.41,14.40,18.3,35.2,72,0.99,56.0,51.2,-0.7,1.00,11,17,97,-0.717,-14.75,0,3,0.00,0.029,308.4082,25.700,-2.700,0.000,0.000,0.000,0.000,0.000,2.802,35.6600,35.46,1.0617,0.0,59.30,59.500,0,0.00,0.00,131072.00,64.218,0.060,0.107,0.000,-0.046,92.100,92.000,0.000,5.078,-0.683,0.00,0.00,72.96,0.00,
92.615,17,0.0,1.2,0.0,0.0,181,2177,2,5060,5026,107,23.2,23.3,26.0,26.0,26.0,0,14.45,14.45,17.9,35.2,72,0.99,56.0,52.2,-0.8,1.01,11,17,97,-0.805,-14.75,0,3,0.00,0.029,308.1884,25.700,-2.700,0.000,0.000,0.000,0.000,0.000,2.802,35.5900,35.48,1.0610,0.0,59.20,59.300,0,0.00,0.00,131072.00,64.437,0.062,0.107,0.000,-0.044,92.700,92.000,0.042,5.035,-0.079,0.00,0.00,72.96,0.00,
92.684,17,0.0,1.2,0.0,0.0,181,2201,2,5060,5047,107,23.2,23.3,26.0,26.0,26.0,0,14.48,14.48,17.9,35.2,72,0.99,60.0,52.2,-0.7,1.01,11,17,97,-0.740,-14.75,0,3,0.00,0.031,308.0566,25.800,-2.700,0.000,0.000,0.000,0.000,0.000,2.802,35.3900,35.46,1.0605,0.0,59.60,59.500,0,0.00,0.00,131072.00,64.750,0.062,0.107,0.000,-0.044,92.400,92.000,-0.018,5.041,0.372,0.00,0.00,72.96,0.00,
92.764,16,0.0,1.2,0.0,0.0,181,2218,2,5060,5050,107,23.2,23.3,26.0,26.0,26.0,1,14.49,14.49,17.9,34.5,72,0.99,56.0,53.2,-0.7,1.01,11,17,97,-0.733,-14.75,0,3,0.00,0.029,308.8916,25.700,-2.700,0.000,0.000,0.000,0.000,0.000,2.715,34.5200,34.65,1.0605,0.0,58.20,57.600,0,0.00,0.00,131072.00,64.343,0.062,0.107,0.000,-0.044,92.900,92.300,0.000,5.078,0.372,0.00,0.00,72.96,0.00,
92.844,16,0.0,1.2,0.0,0.0,181,2227,2,5060,5062,107,23.2,23.8,26.5,26.5,26.5,0,14.45,14.44,17.1,33.7,72,0.99,56.0,53.0,-0.7,1.01,11,17,97,-0.737,-14.75,0,3,0.00,0.029,309.3090,25.400,-2.700,0.000,0.000,0.000,0.000,0.000,2.691,34.4800,34.33,1.0600,0.0,56.60,56.600,0,0.00,0.00,131072.00,64.125,0.062,0.107,0.000,-0.044,93.200,92.700,0.030,5.096,0.073,0.00,0.00,72.96,0.00,
92.934,16,0.0,1.2,0.0,0.0,181,2235,2,5060,5050,107,23.2,23.8,26.5,26.5,26.5,0,14.37,14.35,17.1,33.7,72,0.99,56.0,51.7,-0.7,1.01,11,17,97,-0.719,-14.75,0,3,0.00,0.029,309.4189,25.200,-2.700,0.000,0.000,0.000,0.000,0.000,2.691,34.2500,34.28,1.0595,0.0,56.40,56.600,0,0.00,0.00,131072.00,64.062,0.060,0.107,0.000,-0.046,92.800,92.700,-0.079,5.096,-0.378,0.00,0.00,72.96,0.00,
93.004,16,0.0,1.2,0.0,0.0,181,2247,2,5060,5054,107,23.2,23.8,26.5,26.5,26.5,0,14.33,14.33,16.7,33.7,72,0.99,56.0,50.6,-0.7,1.00,11,17,97,-0.764,-14.75,0,3,0.00,0.029,310.1440,25.400,-2.700,0.000,0.000,0.000,0.000,0.000,2.662,34.2100,33.88,1.0594,0.0,55.60,55.200,0,0.00,0.00,131072.00,64.031,0.062,0.107,0.000,-0.044,93.200,92.700,0.000,5.096,-0.152,0.00,0.00,72.96,0.00,
93.074,16,0.0,1.2,0.0,0.0,181,2262,2,5060,5047,107,24.0,24.3,27.0,27.0,27.0,0,14.35,14.35,16.7,33.0,72,0.99,56.0,51.0,-0.7,1.00,11,17,97,-0.672,-14.75,0,3,0.00,0.029,310.8691,25.300,-2.700,0.000,0.000,0.000,0.000,0.000,2.522,32.6300,32.40,1.0594,0.0,54.80,52.700,0,0.00,0.00,131072.00,62.875,0.062,0.107,0.000,-0.044,93.000,93.400,-0.030,5.072,-1.660,0.00,0.00,72.82,0.00,
93.154,16,0.0,1.2,0.0,0.0,181,2269,2,5060,5039,107,24.7,24.8,27.5,27.5,27.5,0,14.36,14.37,16.0,31.5,72,0.99,56.0,49.0,-0.7,1.00,11,17,97,-0.712,-14.75,0,3,0.00,0.029,311.9238,25.400,-2.700,0.000,0.000,0.000,0.000,0.000,2.526,32.4400,32.17,1.0590,0.0,51.10,51.000,0,0.00,0.00,131072.00,61.968,0.062,0.107,0.000,-0.044,93.800,93.500,-0.061,4.943,-2.862,0.00,0.00,72.96,0.00,
93.234,16,0.0,1.2,0.0,0.0,181,2272,2,5060,5060,107,24.7,24.8,28.0,27.5,28.0,0,14.36,14.36,15.6,32.2,72,0.99,56.0,48.9,-0.8,1.00,11,18,97,-0.708,-14.75,0,3,0.00,0.029,311.8139,25.100,-2.700,0.000,0.000,0.000,0.000,0.000,2.512,32.3200,32.43,1.0583,0.0,51.00,51.300,0,0.00,0.00,131072.00,61.593,0.064,0.107,0.000,-0.042,93.700,94.300,0.000,4.724,-3.912,0.00,0.00,72.96,0.00,
93.304,16,0.0,1.2,0.0,0.0,182,2282,2,5060,5059,107,24.7,24.8,27.5,27.5,27.5,0,14.36,14.37,16.0,32.2,72,0.99,56.0,49.1,-0.7,1.00,11,18,97,-0.728,-14.75,0,3,0.00,0.029,311.8579,25.300,-2.700,0.000,0.000,0.000,0.000,0.000,2.450,31.8100,31.72,1.0575,0.0,51.40,50.000,0,0.00,0.00,131072.00,61.343,0.064,0.107,0.000,-0.042,94.800,94.400,0.012,4.504,-4.211,0.00,0.00,72.96,0.00,
93.384,15,0.0,1.2,0.0,0.0,182,2299,2,5060,5052,107,24.7,25.3,28.0,27.5,28.0,0,14.42,14.42,15.6,31.5,72,0.99,56.0,49.2,-0.7,1.00,11,18,97,-0.696,-14.75,0,3,0.00,0.029,312.6489,25.100,-2.700,0.000,0.000,0.000,0.000,0.000,2.358,30.6600,30.66,1.0570,0.0,48.80,46.800,0,0.00,0.00,131072.00,60.093,0.066,0.107,0.000,-0.041,94.800,95.900,-0.030,4.180,-6.384,0.00,0.00,72.96,0.00,
93.469,15,0.0,1.2,0.0,0.0,182,2311,2,5060,5037,107,25.5,25.8,28.5,28.5,28.5,0,14.43,14.43,14.4,30.0,72,0.99,52.0,47.0,-0.7,1.00,10,18,97,-0.774,-14.75,0,3,0.00,0.027,313.7695,25.100,-2.700,0.000,0.000,0.000,0.000,0.000,2.358,30.1500,30.43,1.0563,0.0,45.70,45.200,0,0.00,0.00,131072.00,59.312,0.066,0.107,0.000,-0.041,96.300,96.200,0.000,3.753,-7.659,0.00,0.00,72.96,0.00,
93.544,14,0.0,1.2,0.0,0.0,182,2324,2,5060,5047,107,26.2,26.3,29.5,29.0,28.5,0,14.40,14.39,14.4,29.2,72,0.99,52.0,47.2,-0.7,1.00,10,18,98,-0.701,-14.75,0,3,0.00,0.027,315.1318,24.900,-2.700,0.000,0.000,0.000,0.000,0.000,2.222,28.7000,28.92,1.0556,0.0,43.40,41.000,0,0.00,0.00,131072.00,57.625,0.068,0.107,0.000,-0.039,96.900,97.800,-0.048,3.216,-10.284,0.00,0.00,72.96,0.00,
93.624,13,0.0,1.1,0.0,0.0,182,2331,2,5060,5057,107,26.2,26.3,29.0,29.0,29.0,0,14.43,14.44,14.0,28.5,72,0.99,52.0,45.6,-0.7,1.00,10,18,98,-0.692,-14.75,0,3,0.00,0.027,315.8349,24.600,-2.700,0.000,0.000,0.000,0.000,0.000,2.194,28.5800,28.58,1.0541,0.0,41.00,41.100,0,0.00,0.00,131072.00,56.531,0.068,0.107,0.000,-0.039,98.200,98.400,-0.061,2.545,-10.961,0.00,0.00,72.96,0.00,
93.695,13,0.0,1.1,0.0,0.0,182,2339,2,5060,5060,107,26.2,26.3,26.7,27.7,29.0,0,14.48,14.49,13.2,27.7,72,0.99,48.0,44.2,-0.7,1.00,10,18,98,-0.742,-14.75,0,3,0.00,0.025,316.8457,24.700,-2.700,0.000,0.000,0.000,0.000,0.000,2.107,27.4900,27.55,1.0529,0.0,38.60,37.400,0,0.00,0.00,131072.00,55.125,0.070,0.107,0.000,-0.037,99.200,99.800,0.000,1.965,-10.577,0.00,0.00,72.96,0.00,
93.784,12,0.0,1.1,0.0,0.0,182,2345,2,5060,5060,107,26.2,26.3,25.2,25.2,25.2,0,14.57,14.59,13.2,26.2,72,0.99,48.0,43.3,-0.7,1.01,9,18,98,-0.760,-14.75,0,3,0.00,0.025,317.6367,24.500,-2.700,0.000,0.000,0.000,0.000,0.000,1.927,25.0100,25.12,1.0513,0.0,33.10,30.500,0,0.00,0.00,131072.00,52.093,0.072,0.107,0.000,-0.035,101.000,102.500,-0.030,1.245,-11.914,0.00,0.00,72.96,0.00,
93.864,12,0.0,1.1,0.0,0.0,182,2345,2,5060,5054,107,21.7,21.8,21.8,23.6,23.6,0,14.62,14.63,11.7,23.2,72,0.99,40.0,39.9,-0.7,1.02,9,18,99,-0.749,-14.75,0,3,0.00,0.023,319.7900,24.200,0.000,0.000,0.000,0.000,0.000,0.000,1.796,23.2500,23.46,1.0497,0.0,26.30,24.800,0,0.00,0.00,131072.00,48.250,0.070,0.105,0.000,-0.035,103.200,106.400,0.073,0.512,-9.729,0.00,0.00,72.96,0.00,
93.948,12,0.0,1.1,0.0,0.0,182,2349,2,5060,5047,107,28.5,29.0,29.0,25.2,24.4,0,14.68,14.67,10.9,22.5,72,0.99,40.0,36.9,-0.7,1.02,8,18,99,-0.740,-14.75,0,3,0.00,0.023,320.1416,24.300,0.000,0.000,0.000,0.000,0.000,0.000,1.759,22.8600,23.23,1.0471,0.0,23.40,23.400,0,0.00,0.00,131072.00,46.031,0.072,0.105,0.000,-0.033,106.000,107.900,0.115,-0.061,-7.037,0.00,0.00,72.96,0.00,
94.014,10,0.0,1.0,0.0,0.0,182,2363,2,5060,5070,107,22.5,22.8,22.6,26.2,26.2,0,14.60,14.59,10.9,21.7,72,0.99,40.0,36.1,-0.8,1.02,8,18,99,-0.814,-14.75,0,3,0.00,0.023,320.2514,23.700,0.000,0.000,0.000,0.000,0.000,0.000,1.647,19.6800,21.33,1.0455,0.0,21.10,16.400,0,0.00,0.00,131072.00,43.625,0.072,0.105,0.000,-0.033,107.900,111.300,-0.640,-0.445,-17.663,0.00,0.00,72.96,0.00,
94.096,5,0.0,1.1,0.0,0.0,182,2374,2,4579,5018,107,11.2,11.4,11.4,12.4,13.1,0,14.59,14.59,8.2,17.2,72,0.99,32.0,32.5,-0.7,1.03,7,18,99,-0.656,-14.75,0,3,0.00,0.018,323.0859,4.000,0.000,0.000,0.000,0.000,0.000,0.000,1.173,13.1000,14.61,1.0441,0.0,4.70,-3.000,0,0.00,0.00,131072.00,34.312,0.072,0.105,0.000,-0.033,111.900,116.800,-0.640,-0.445,-17.663,0.00,0.00,72.82,0.00,
94.175,0,0.0,1.0,0.0,0.0,182,2352,2,3420,4853,107,11.2,11.6,10.0,8.1,8.1,0,14.62,14.61,6.2,11.2,72,0.99,20.0,25.1,-0.3,1.03,5,18,99,-0.472,-14.75,0,3,0.00,0.016,324.7119,4.000,0.000,0.000,0.000,0.000,0.000,0.000,1.007,12.3200,12.40,1.0402,0.0,-14.40,-19.800,0,0.00,0.00,131072.00,27.281,0.074,0.105,0.000,-0.031,117.700,117.500,17.541,0.000,199.993,0.00,0.00,72.67,0.00,
94.255,0,0.0,1.0,0.0,0.0,182,2297,2,2580,4735,107,-2.2,-2.9,-2.9,-0.7,-1.8,0,14.46,14.44,5.8,12.0,72,0.99,20.0,32.5,-0.2,1.02,5,18,20,-0.422,-14.75,0,3,0.00,0.016,324.7998,4.000,0.000,0.000,0.000,0.000,0.000,0.000,0.970,12.2700,13.00,1.0335,0.0,-19.50,-31.900,0,0.00,0.00,131072.00,24.781,0.076,0.105,0.000,-0.029,120.700,117.500,-1.776,0.000,199.993,0.00,0.00,72.67,0.00,
94.335,0,0.0,0.9,0.0,0.0,182,2247,2,2217,4615,107,-8.2,-8.4,-7.3,-9.5,-9.5,0,14.29,14.30,6.2,12.0,72,0.99,20.0,52.7,-0.3,1.01,5,18,20,-0.416,-14.75,0,3,0.00,0.018,324.7119,4.000,0.000,0.000,0.000,0.000,0.000,0.000,0.915,12.2300,12.47,1.0206,0.0,-21.80,-31.600,0,0.00,0.00,131072.00,23.625,0.078,0.105,0.000,-0.027,119.900,117.500,-4.266,0.000,199.993,0.00,0.00,72.67,0.00,
94.414,0,0.0,0.9,0.0,0.0,183,2237,2,2061,4500,107,-12.7,-13.0,-13.0,-13.0,-13.0,0,14.66,14.96,5.8,12.0,72,0.99,20.0,41.8,-0.4,1.03,5,18,20,-0.452,-14.75,0,3,0.00,0.018,324.8657,4.000,0.000,0.000,0.000,0.000,0.000,0.000,0.896,12.2400,12.03,1.0110,0.0,-23.60,-31.600,0,0.00,0.00,131072.00,23.125,0.080,0.105,0.000,-0.025,120.000,117.500,-4.425,0.000,139.599,0.00,0.00,72.67,0.00,
94.495,0,0.0,0.8,0.0,0.0,183,2271,2,1993,4386,107,-12.7,-13.0,-13.0,-13.0,-13.0,0,16.79,17.06,5.8,11.2,72,0.99,20.0,49.8,-0.6,1.14,5,18,20,-0.488,-14.75,0,3,0.00,0.018,324.2285,4.000,0.000,0.000,0.000,0.000,0.000,0.000,0.907,12.2900,11.86,1.0065,0.0,-25.00,-33.300,0,0.00,0.00,131072.00,23.187,0.083,0.105,0.000,-0.021,119.900,117.500,0.231,-0.317,-10.327,0.00,0.00,72.67,0.00,
94.564,0,0.0,0.7,0.0,0.0,183,2300,2,1965,4255,107,-12.0,-12.5,-12.5,-12.5,-12.5,0,16.54,16.02,5.4,11.2,72,0.99,20.0,44.0,-0.7,1.18,5,18,20,-0.565,-14.75,0,3,0.00,0.018,324.0307,4.000,0.000,0.000,0.000,0.000,0.000,0.000,0.926,12.3000,11.92,1.0054,0.0,-25.00,-33.500,0,0.00,0.00,131072.00,23.437,0.085,0.105,0.000,-0.019,119.900,117.500,0.000,-0.616,-4.687,0.00,0.00,72.82,0.00,
94.635,0,0.0,0.7,0.0,0.0,183,2304,2,1953,4143,107,-12.0,-12.5,-12.5,-12.5,-12.5,0,15.92,15.98,5.4,11.2,72,0.99,20.0,39.5,-0.8,1.14,5,18,20,-0.610,-14.75,0,3,0.00,0.018,324.2065,4.000,0.000,0.000,0.000,0.000,0.000,0.000,0.937,12.3000,12.00,1.0051,0.0,-25.00,-33.600,0,0.00,0.00,131072.00,23.593,0.087,0.105,0.000,-0.017,119.900,117.500,0.024,-0.848,-3.735,0.00,0.00,72.82,0.00,
94.715,0,0.0,0.7,0.0,0.0,183,2290,2,1947,4039,107,-12.0,-12.5,-4.0,-12.5,-4.0,0,16.31,16.31,5.8,12.0,72,0.99,20.0,35.2,-0.8,1.14,5,18,99,-0.647,-14.75,0,3,0.00,0.018,0.0000,14.100,0.000,0.000,0.000,0.000,0.000,0.000,0.937,12.2800,12.02,1.0051,0.0,-25.80,-33.700,0,0.00,0.00,131072.00,23.593,0.087,0.105,0.000,-0.017,119.200,117.500,4.718,0.000,-200.000,0.00,0.00,72.82,0.00,
94.795,0,0.0,0.6,0.0,0.0,183,2265,2,1945,4026,107,-3.7,-4.0,-4.0,-4.0,-3.5,0,16.03,15.81,5.8,12.0,72,0.99,20.0,36.4,-0.9,1.00,5,18,99,-0.663,-14.75,0,3,0.00,0.018,0.0000,14.000,0.000,0.000,0.000,0.000,0.000,0.000,0.926,12.2500,12.00,1.0056,0.0,-33.50,-33.500,0,0.00,0.00,131072.00,23.375,0.089,0.105,0.000,-0.015,119.500,117.500,4.913,0.000,-200.000,0.00,0.00,72.82,0.00,
94.875,0,0.0,0.6,0.0,0.0,183,2233,2,1943,4031,107,-3.7,-4.0,-4.5,-4.5,-4.5,0,15.02,15.05,5.8,12.0,72,0.99,20.0,30.1,-0.9,1.00,5,18,99,-0.681,-14.75,0,3,0.00,0.018,0.0000,13.900,0.000,0.000,0.000,0.000,0.000,0.000,0.926,12.2200,12.12,1.0065,0.0,-33.40,-33.400,0,0.00,0.00,131072.00,23.031,0.089,0.105,0.000,-0.015,119.200,117.500,4.803,-5.236,-200.000,0.00,0.00,72.82,0.00,
94.956,0,0.0,0.6,0.0,0.0,183,2221,2,1943,4034,107,-4.5,-4.5,-4.5,-4.5,-4.5,0,16.54,16.54,5.8,12.0,72,0.99,20.0,42.3,-0.9,1.00,5,17,99,-0.692,-14.75,0,3,0.00,0.016,0.0000,13.900,0.000,0.000,0.000,0.000,0.000,0.000,0.922,12.2200,12.11,1.0087,0.0,-33.40,-28.000,0,0.00,0.00,131072.00,22.843,0.089,0.105,0.000,-0.015,119.000,117.500,4.614,-7.604,-60.815,0.00,0.00,72.96,0.00,
95.036,2,0.0,0.6,0.0,0.0,183,2218,2,1943,4037,107,-4.5,-4.5,-4.5,-4.3,-4.5,0,17.95,18.08,5.8,12.0,72,0.99,20.0,36.8,-0.9,1.00,5,17,99,-0.687,-14.75,0,3,0.00,0.016,324.7119,4.000,0.000,0.000,0.000,0.000,0.000,0.000,0.922,12.2100,12.08,1.0109,0.0,-33.50,-15.000,0,0.00,0.00,131072.00,22.718,0.089,0.105,0.000,-0.015,118.400,117.500,4.614,-7.604,-60.815,0.00,0.00,72.82,0.00,
95.115,4,0.0,0.6,0.0,0.0,184,2207,2,1943,4005,107,-2.2,-2.5,-3.1,-2.5,-3.5,0,19.11,19.11,5.8,12.0,72,0.99,20.0,35.7,-0.8,1.00,5,17,99,-0.676,-14.75,0,3,0.00,0.016,324.0966,4.000,0.000,0.000,0.000,0.000,0.000,0.000,0.915,12.2000,12.07,1.0123,0.0,-22.30,-11.800,0,0.00,0.00,131072.00,22.593,0.089,0.105,0.000,-0.015,118.200,117.500,4.614,-7.604,-60.815,0.00,0.00,72.82,0.00,
95.195,4,0.0,0.6,0.0,0.0,184,2197,2,1943,3885,107,0.0,0.5,2.3,1.3,2.3,0,19.11,19.11,5.8,12.0,72,0.99,20.0,30.9,-0.8,1.00,5,17,99,-0.666,-14.75,0,3,0.00,0.018,324.1625,4.000,0.000,0.000,0.000,0.000,0.000,0.000,0.915,12.1900,12.07,1.0136,0.0,-16.30,-9.700,0,0.00,0.00,131072.00,22.500,0.089,0.105,0.000,-0.015,118.200,117.500,4.614,-7.604,-60.815,0.00,0.00,72.82,0.00,
95.295,5,0.0,0.6,0.0,0.0,184,2204,2,1943,3765,107,9.0,9.6,8.2,9.6,6.8,0,19.11,19.11,5.8,12.0,72,0.99,20.0,30.4,-0.7,1.00,5,17,99,-0.659,-14.75,0,3,0.00,0.018,324.0747,4.000,0.000,0.000,0.000,0.000,0.000,0.000,0.944,12.6800,11.95,1.0144,0.0,-9.50,-5.800,0,0.00,0.00,131072.00,22.812,0.089,0.105,0.000,-0.015,117.600,117.500,4.614,-7.604,-60.815,0.00,0.00,72.82,0.00,
95.365,7,0.0,0.6,0.0,0.0,184,2201,2,1943,3625,107,18.7,19.4,19.4,16.6,18.0,0,19.11,19.11,6.2,12.0,72,0.99,20.0,32.9,-0.7,1.00,5,17,99,-0.675,-14.75,0,3,0.00,0.018,324.0087,4.000,0.000,0.000,0.000,0.000,0.000,0.000,1.007,13.8000,13.35,1.0147,0.0,-5.30,-2.400,0,0.00,0.00,131072.00,23.968,0.089,0.105,0.000,-0.015,118.000,117.500,4.614,-7.604,-60.815,0.00,0.00,72.82,0.00,
95.446,8,0.0,0.6,0.0,0.0,184,2199,2,1943,3520,107,24.0,24.1,22.7,24.1,23.6,0,19.11,19.11,6.6,13.5,72,0.99,20.0,28.3,-0.8,1.00,5,17,99,-0.731,-14.75,0,3,0.00,0.018,323.1958,4.000,0.000,0.000,0.000,0.000,0.000,0.000,1.070,14.9500,14.42,1.0154,0.0,-0.30,1.500,0,0.00,0.00,131072.00,25.781,0.089,0.105,0.000,-0.015,118.000,116.900,4.614,-7.604,-60.815,0.00,0.00,72.97,0.00,
95.525,10,0.0,0.6,0.0,0.0,184,2200,2,1943,3391,107,19.5,19.9,18.5,17.0,18.5,0,19.11,19.11,7.0,15.7,72,0.99,24.0,37.0,-0.8,1.00,6,17,99,-0.799,-14.75,0,3,0.00,0.021,321.1523,35.000,0.000,0.000,0.000,0.000,0.000,0.000,1.332,20.6600,18.81,1.0162,0.0,6.70,14.200,0,0.00,0.00,131072.00,31.437,0.089,0.105,0.000,-0.015,117.000,114.800,4.614,-7.604,-60.815,0.00,0.00,72.97,0.00,
95.604,12,0.0,0.6,0.0,0.0,184,2206,2,3424,3510,108,16.5,16.9,12.0,16.9,16.5,0,17.59,17.37,10.9,22.5,72,0.99,36.0,33.0,-0.9,1.00,9,17,99,-0.836,-14.75,0,3,0.00,0.025,316.0766,24.400,0.000,0.000,0.000,0.000,0.000,0.000,1.625,24.8700,24.33,1.0181,0.0,23.30,30.400,0,0.00,0.00,131072.00,40.531,0.089,0.105,0.000,-0.015,113.900,109.700,4.614,-7.604,-60.815,0.00,0.00,73.11,0.00,
95.676,13,0.0,0.6,0.0,0.0,184,2227,2,3579,3663,108,15.7,16.3,18.1,17.5,18.1,0,16.16,16.06,12.1,24.7,72,0.99,40.0,36.7,-0.8,0.96,10,17,99,-0.758,-14.75,0,3,0.00,0.025,314.3627,30.100,0.000,0.000,0.000,0.000,0.000,0.000,1.737,26.6500,26.07,1.0212,0.0,30.90,34.500,0,0.00,0.00,131072.00,45.875,0.089,0.105,0.000,-0.015,109.000,105.300,4.614,-7.604,-60.815,0.00,0.00,72.97,0.00,
95.750,14,0.0,0.6,0.0,0.0,184,2223,2,3760,3890,108,27.7,28.0,28.0,28.0,21.3,0,15.53,15.42,12.8,26.2,72,0.99,44.0,40.0,-0.7,0.97,11,17,99,-0.727,-14.75,0,3,0.00,0.027,313.9672,24.100,0.000,0.000,0.000,0.000,0.000,0.000,1.823,27.4700,26.85,1.0250,0.0,36.40,37.900,0,0.00,0.00,131072.00,49.125,0.089,0.105,0.000,-0.015,103.300,101.800,4.614,-7.604,-60.815,0.00,0.00,72.97,0.00,
95.835,14,0.0,0.6,0.0,0.0,184,2215,2,4064,4069,108,27.7,28.0,28.0,28.0,28.0,0,14.37,14.27,13.2,26.2,72,0.99,44.0,42.6,-0.6,0.96,11,17,99,-0.788,-14.75,0,3,0.00,0.027,315.1098,20.800,0.000,0.000,0.000,0.000,0.000,0.000,1.868,28.3400,26.42,1.0283,0.0,36.60,35.900,0,0.00,0.00,131072.00,51.000,0.091,0.107,0.000,-0.015,98.700,100.600,0.054,0.231,4.650,0.00,0.00,72.97,0.00,
95.905,14,0.0,0.6,0.0,0.0,184,2213,2,4254,4337,108,27.7,28.0,28.0,28.0,28.0,0,13.87,13.83,13.6,27.0,72,0.99,44.0,42.4,-0.6,0.95,11,17,98,-0.820,-14.75,0,3,0.00,0.027,315.0219,24.800,0.000,0.000,0.000,0.000,0.000,0.000,1.985,28.4200,27.50,1.0302,0.0,38.80,39.800,0,0.00,0.00,131072.00,52.125,0.091,0.107,0.000,-0.015,98.600,100.000,-0.048,0.543,5.773,0.00,0.00,72.97,0.00,
95.974,14,0.0,0.6,0.0,0.0,185,2221,2,4417,4459,108,28.5,28.5,28.0,28.5,28.0,0,13.76,13.77,13.6,27.7,72,0.99,48.0,44.7,-0.6,0.96,11,17,98,-0.833,-14.75,0,3,0.00,0.027,314.4287,25.300,0.000,0.000,0.000,0.000,0.000,0.000,2.030,28.4200,27.87,1.0322,0.0,39.70,40.300,0,0.00,0.00,131072.00,52.687,0.091,0.107,0.000,-0.015,98.100,99.300,0.042,0.903,6.750,0.00,0.00,72.97,0.00,
96.045,14,0.0,0.6,0.0,0.0,185,2232,2,4503,4537,108,27.7,28.0,28.5,28.0,28.0,0,13.96,14.01,14.0,27.7,72,0.99,48.0,46.1,-0.6,0.98,11,17,98,-0.840,-14.75,0,3,0.00,0.027,314.0991,25.000,0.000,0.000,0.000,0.000,0.000,0.000,2.035,28.3800,27.81,1.0338,0.0,40.00,40.200,0,0.00,0.00,131072.00,52.968,0.089,0.107,0.000,-0.017,98.100,99.400,-0.030,1.263,5.847,0.00,0.00,73.11,0.00,
96.115,14,0.0,0.6,0.0,0.0,185,2237,2,4574,4598,108,27.7,28.0,28.5,28.0,28.5,0,14.22,14.29,13.6,27.7,72,0.99,48.0,44.9,-0.6,0.99,11,17,98,-0.860,-14.75,0,3,0.00,0.027,313.4838,25.200,0.000,0.000,0.000,0.000,0.000,0.000,2.059,28.2600,28.06,1.0350,0.0,40.20,40.500,0,0.00,0.00,131072.00,53.062,0.089,0.107,0.000,-0.017,98.000,99.900,0.000,1.574,5.548,0.00,0.00,73.11,0.00,
96.184,14,0.0,0.7,0.0,0.0,185,2239,2,4646,4669,108,28.5,28.5,28.5,28.5,28.5,0,14.40,14.40,14.0,27.7,72,0.99,48.0,43.6,-0.7,1.01,11,17,98,-0.779,-14.75,0,3,0.00,0.027,313.2421,25.400,0.000,0.000,0.000,0.000,0.000,0.000,2.059,28.2600,28.03,1.0363,0.0,40.40,40.300,0,0.00,0.00,131072.00,53.062,0.089,0.107,0.000,-0.017,98.100,99.900,-0.030,1.879,5.096,0.00,0.00,72.97,0.00,
96.265,14,0.0,0.7,0.0,0.0,185,2243,2,4723,4746,108,28.5,28.5,28.5,28.0,28.0,0,14.32,14.30,13.6,27.7,72,0.99,48.0,43.4,-0.7,1.01,11,17,98,-0.752,-14.75,0,3,0.00,0.027,313.5498,25.300,0.000,0.000,0.000,0.000,0.000,0.000,2.059,28.2600,28.01,1.0372,0.0,40.10,40.700,0,0.00,0.00,131072.00,53.125,0.089,0.107,0.000,-0.017,98.500,99.500,0.024,2.178,5.249,0.00,0.00,72.97,0.00,
96.365,14,0.0,0.7,0.0,0.0,185,2252,2,4804,4827,108,28.5,29.0,29.0,28.5,28.5,0,14.05,14.01,13.6,27.7,72,0.99,48.0,43.4,-0.7,1.00,11,17,98,-0.761,-14.75,0,3,0.00,0.027,313.8354,25.900,0.000,0.000,0.000,0.000,0.000,0.000,2.082,28.0700,28.20,1.0386,0.0,40.00,40.000,0,0.00,0.00,131072.00,53.093,0.089,0.107,0.000,-0.017,98.500,99.700,0.000,2.532,4.425,0.00,0.00,72.97,0.00,
96.445,14,0.0,0.7,0.0,0.0,185,2266,2,4903,4922,108,28.5,29.0,28.5,29.0,28.5,0,13.70,13.65,13.6,27.7,72,0.99,48.0,42.7,-0.7,0.99,11,17,98,-0.799,-14.75,0,3,0.00,0.027,314.5166,25.500,0.000,0.000,0.000,0.000,0.000,0.000,2.068,28.0000,27.86,1.0394,0.0,39.80,40.300,0,0.00,0.00,131072.00,53.187,0.089,0.107,0.000,-0.017,98.700,99.900,0.000,2.832,5.474,0.00,0.00,72.97,0.00,
96.526,14,0.0,0.7,0.0,0.0,185,2276,2,4968,4983,108,28.5,28.5,28.5,28.5,28.5,0,13.54,13.52,13.6,27.7,72,0.99,48.0,42.8,-0.7,0.98,11,18,98,-0.820,-14.75,0,3,0.00,0.027,314.8901,25.400,0.000,0.000,0.000,0.000,0.000,0.000,2.082,28.1500,28.00,1.0401,0.0,39.20,39.400,0,0.00,0.00,131072.00,53.500,0.089,0.107,0.000,-0.017,98.800,99.600,0.000,3.143,5.096,0.00,0.00,72.97,0.00,
96.594,14,0.0,0.7,0.0,0.0,185,2286,2,5037,5032,108,28.5,29.0,29.0,29.0,29.0,0,13.51,13.51,13.2,27.7,72,0.99,48.0,44.3,-0.7,0.98,11,18,98,-0.763,-14.75,0,3,0.00,0.027,314.9340,25.600,0.000,0.000,0.000,0.000,0.000,0.000,2.082,28.0300,28.03,1.0407,0.0,39.60,40.000,0,0.00,0.00,131072.00,53.562,0.087,0.107,0.000,-0.019,99.100,99.900,0.000,3.411,4.650,0.00,0.00,72.97,0.00,
96.665,14,0.0,0.7,0.0,0.0,186,2294,2,5060,5097,108,28.5,29.0,29.0,29.0,29.0,0,13.56,13.57,13.6,27.7,72,0.99,48.0,43.8,-0.7,0.98,11,18,98,-0.736,-14.75,0,3,0.00,0.027,316.5161,24.300,0.000,0.000,0.000,0.000,0.000,0.000,2.098,28.2700,28.18,1.0415,0.0,39.20,39.700,0,0.00,0.00,131072.00,54.031,0.087,0.107,0.000,-0.019,99.000,99.300,0.012,3.692,5.847,0.00,0.00,72.97,0.00,
96.735,14,0.0,0.7,0.0,0.0,186,2301,2,5060,5102,108,28.5,29.0,29.0,29.0,29.0,0,13.63,13.63,13.6,27.7,72,0.99,48.0,44.6,-0.7,0.98,11,18,98,-0.768,-14.75,0,3,0.00,0.029,316.6259,24.500,0.000,0.000,0.000,0.000,0.000,0.000,2.098,28.2300,28.21,1.0421,0.0,39.40,39.500,0,0.00,0.00,131072.00,54.312,0.087,0.107,0.000,-0.019,99.000,99.200,-0.030,3.948,4.272,0.00,0.00,72.97,0.00,
96.835,14,0.0,0.7,0.0,0.0,186,2308,2,5060,5070,108,28.5,29.0,29.0,29.0,29.0,0,13.75,13.83,13.6,27.7,72,0.99,48.0,45.3,-0.7,0.99,11,18,98,-0.733,-14.75,0,3,0.00,0.027,316.3623,24.700,0.000,0.000,0.000,0.000,0.000,0.000,2.098,28.1900,27.96,1.0428,0.0,39.20,39.000,0,0.00,0.00,131072.00,54.500,0.087,0.107,0.000,-0.019,98.900,99.200,0.042,4.284,4.345,0.00,0.00,72.96,0.00,
96.904,14,0.0,0.8,0.0,0.0,186,2321,2,5060,5070,107,28.5,29.0,29.0,29.0,29.0,0,14.16,14.19,13.2,27.7,72,0.99,48.0,44.1,-0.7,0.99,11,18,98,-0.804,-14.75,0,3,0.00,0.029,316.2963,24.800,0.000,0.000,0.000,0.000,0.000,0.000,2.112,28.1900,28.03,1.0428,0.0,38.90,39.100,0,0.00,0.00,131072.00,54.750,0.085,0.107,0.000,-0.021,99.000,99.200,0.000,4.479,3.375,0.00,0.00,72.97,0.00,
96.985,14,0.0,0.8,0.0,0.0,186,2327,2,5060,5060,107,28.5,29.0,29.0,29.0,29.0,0,14.33,14.34,13.2,27.7,72,0.99,48.0,44.6,-0.7,0.99,11,18,98,-0.763,-14.75,0,3,0.00,0.029,316.3623,24.700,0.000,0.000,0.000,0.000,0.000,0.000,2.131,28.3100,28.18,1.0433,0.0,38.80,39.100,0,0.00,0.00,131072.00,54.968,0.085,0.107,0.000,-0.021,99.000,99.200,0.042,4.687,4.046,0.00,0.00,72.97,0.00,
97.055,14,0.0,0.8,0.0,0.0,186,2334,2,5060,5067,107,28.5,29.0,29.0,29.0,29.0,0,14.40,14.40,13.2,27.7,72,0.99,48.0,45.4,-0.7,0.99,11,18,98,-0.758,-14.75,0,3,0.00,0.029,316.4501,24.700,0.000,0.000,0.000,0.000,0.000,0.000,2.087,27.6400,27.57,1.0439,0.0,38.70,37.800,0,0.00,0.00,131072.00,54.781,0.085,0.107,0.000,-0.021,99.000,99.800,0.000,4.858,2.996,0.00,0.00,72.97,0.00,
97.135,14,0.0,0.8,0.0,0.0,186,2341,2,5060,5046,107,28.5,29.0,29.0,29.0,29.0,0,14.43,14.43,13.2,27.0,72,0.99,48.0,44.3,-0.7,0.99,11,18,98,-0.792,-14.75,0,3,0.00,0.027,316.9995,24.800,0.000,0.000,0.000,0.000,0.000,0.000,2.045,26.8200,26.97,1.0439,0.0,36.70,35.500,0,0.00,0.00,131072.00,53.906,0.085,0.107,0.000,-0.021,99.600,100.400,0.012,4.980,1.647,0.00,0.00,72.97,0.00,
97.205,13,0.0,0.8,0.0,0.0,186,2346,2,5060,5054,107,28.5,29.0,29.0,29.0,29.0,0,14.44,14.44,12.5,26.2,72,0.99,48.0,43.3,-0.7,0.99,10,18,98,-0.738,-14.75,0,3,0.00,0.027,317.9882,24.600,0.000,0.000,0.000,0.000,0.000,0.000,1.999,26.5800,26.28,1.0439,0.0,34.80,34.900,0,0.00,0.00,131072.00,52.906,0.085,0.107,0.000,-0.021,100.200,101.500,-0.048,5.010,-0.225,0.00,0.00,72.97,0.00,
97.284,13,0.0,0.8,0.0,0.0,186,2349,2,5060,5060,107,28.5,29.0,29.0,29.0,29.0,0,14.47,14.47,12.5,26.2,72,0.99,48.0,42.8,-0.7,0.99,10,18,98,-0.774,-14.75,0,3,0.00,0.025,318.2519,24.700,0.000,0.000,0.000,0.000,0.000,0.000,2.013,26.5800,26.50,1.0439,0.0,33.80,33.500,0,0.00,0.00,131072.00,52.593,0.085,0.107,0.000,-0.021,101.300,101.500,0.000,4.986,-0.225,0.00,0.00,72.96,0.00,
97.365,13,0.0,0.8,0.0,0.0,186,2356,2,5060,5059,107,28.5,29.0,29.0,29.0,29.0,0,14.50,14.52,12.5,26.2,72,0.99,48.0,41.8,-0.7,0.99,10,18,98,-0.826,-14.75,0,3,0.00,0.025,318.2299,24.300,0.000,0.000,0.000,0.000,0.000,0.000,2.008,26.5000,26.40,1.0439,0.0,33.60,33.400,0,0.00,0.00,131072.00,52.406,0.085,0.107,0.000,-0.021,101.400,101.500,0.000,4.943,-0.976,0.00,0.00,72.96,0.00,
97.446,13,0.0,0.8,0.0,0.0,186,2364,2,5060,5059,107,28.5,29.0,29.0,29.0,29.0,0,14.57,14.58,12.5,26.2,72,0.99,48.0,42.7,-0.7,1.01,10,18,98,-0.758,-14.75,0,3,0.00,0.025,317.3291,24.800,0.000,0.000,0.000,0.000,0.000,0.000,1.990,26.3900,26.21,1.0439,0.0,34.10,34.200,0,0.00,0.00,131072.00,52.437,0.085,0.107,0.000,-0.021,101.900,101.500,0.024,4.888,-0.903,0.00,0.00,72.96,0.00,
97.535,13,0.0,0.8,0.0,0.0,187,2378,2,5060,5047,107,29.2,29.5,29.5,29.0,29.5,0,14.63,14.64,12.5,26.2,72,0.99,48.0,43.8,-0.7,1.01,10,18,98,-0.743,-14.75,0,3,0.00,0.027,317.2631,24.800,0.000,0.000,0.000,0.000,0.000,0.000,2.013,26.4300,26.45,1.0439,0.0,34.00,33.900,0,0.00,0.00,131072.00,52.593,0.085,0.107,0.000,-0.021,101.700,101.500,-0.061,4.840,-1.049,0.00,0.00,72.97,0.00,
97.644,13,0.0,0.8,0.0,0.0,187,2385,2,5060,5060,107,29.2,29.5,29.5,29.5,29.5,0,14.64,14.62,12.5,25.5,72,0.99,48.0,43.1,-0.7,1.01,10,18,98,-0.768,-14.75,0,3,0.00,0.027,317.3071,24.700,0.000,0.000,0.000,0.000,0.000,0.000,2.008,26.4300,26.32,1.0439,0.0,33.50,33.600,0,0.00,0.00,131072.00,52.812,0.083,0.107,0.000,-0.023,101.900,101.500,0.042,4.827,0.518,0.00,0.00,72.97,0.00,
97.819,13,0.0,0.8,0.0,0.0,187,2392,2,5060,5054,107,29.2,29.5,29.5,29.5,29.5,0,14.50,14.49,12.1,25.5,72,0.99,44.0,43.4,-0.6,1.01,10,19,98,-0.737,-14.75,0,3,0.00,0.025,318.0981,24.700,0.000,0.000,0.000,0.000,0.000,0.000,1.954,25.8400,25.56,1.0439,0.0,32.60,31.400,0,0.00,0.00,131072.00,52.187,0.083,0.107,0.000,-0.023,101.900,102.300,0.000,4.821,-0.750,0.00,0.00,72.96,0.00,
98.002,13,0.0,0.8,0.0,0.0,187,2411,2,5060,5069,107,30.0,30.0,30.0,30.0,30.0,0,14.37,14.37,11.7,24.7,72,0.99,44.0,41.7,-0.7,1.01,10,19,98,-0.764,-14.75,0,3,0.00,0.025,318.4936,24.500,0.000,0.000,0.000,0.000,0.000,0.000,1.950,25.4900,25.23,1.0434,0.0,30.50,30.400,0,0.00,0.00,131072.00,51.656,0.083,0.107,0.000,-0.023,102.300,102.400,0.000,4.681,-1.501,0.00,0.00,72.96,0.00,
98.075,13,0.0,0.8,0.0,0.0,188,2427,2,5060,5047,107,30.0,30.0,30.0,30.0,30.0,0,14.38,14.38,11.7,24.7,72,0.99,44.0,42.3,-0.7,1.02,10,19,98,-0.764,-14.75,0,3,0.00,0.025,318.5375,24.700,0.000,0.000,0.000,0.000,0.000,0.000,1.963,25.4100,25.33,1.0434,0.0,30.40,30.100,0,0.00,0.00,131072.00,51.843,0.083,0.107,0.000,-0.023,102.600,102.800,0.024,4.510,-0.604,0.00,0.00,72.96,0.00,
98.156,13,0.0,0.8,0.0,0.0,188,2430,2,5060,5052,107,30.0,30.0,30.0,30.0,30.0,0,14.38,14.38,11.7,24.7,72,0.99,44.0,42.0,-0.7,1.02,10,19,98,-0.789,-14.75,0,3,0.00,0.025,318.4057,24.800,0.000,0.000,0.000,0.000,0.000,0.000,1.963,25.3300,25.32,1.0433,0.0,30.50,30.500,0,0.00,0.00,131072.00,51.750,0.083,0.107,0.000,-0.023,103.200,103.200,0.000,4.443,-1.275,0.00,0.00,72.96,0.00,
98.234,13,0.0,0.8,0.0,0.0,188,2437,2,5060,5067,107,30.0,30.0,30.0,30.0,30.0,0,14.40,14.40,11.7,24.7,72,0.99,44.0,42.7,-0.7,1.02,10,19,98,-0.758,-14.75,0,3,0.00,0.025,318.2958,24.600,0.000,0.000,0.000,0.000,0.000,0.000,1.963,25.2900,25.22,1.0433,0.0,30.40,30.400,0,0.00,0.00,131072.00,51.718,0.083,0.107,0.000,-0.023,103.100,103.200,0.024,4.382,-0.604,0.00,0.00,72.96,0.00,
98.315,13,0.0,0.8,0.0,0.0,188,2444,2,5060,5050,107,30.0,30.0,30.0,30.0,30.0,0,14.43,14.44,11.3,24.7,72,0.99,44.0,42.3,-0.7,1.02,10,19,98,-0.789,-14.75,0,3,0.00,0.025,318.3618,24.500,0.000,0.000,0.000,0.000,0.000,0.000,1.963,25.2100,25.18,1.0433,2.0,30.40,30.400,0,0.00,0.00,131072.00,51.750,0.083,0.107,0.000,-0.023,103.300,103.200,0.024,4.321,-0.524,0.00,0.00,72.96,0.00,
98.405,13,0.0,0.8,0.0,0.0,188,2452,2,5060,5062,107,30.0,30.0,30.0,30.0,30.0,0,14.44,14.44,11.3,24.7,72,0.99,44.0,42.1,-0.7,1.02,10,19,98,-0.749,-14.75,0,3,0.00,0.025,318.4057,24.800,0.000,0.000,0.000,0.000,0.000,0.000,1.963,25.1300,25.11,1.0433,2.0,30.30,30.300,0,0.00,0.00,131072.00,51.718,0.083,0.107,0.000,-0.023,103.500,103.200,-0.030,4.254,-1.574,0.00,0.00,72.96,0.00,
98.486,13,0.0,0.8,0.0,0.0,188,2457,2,5060,5054,107,30.0,30.0,30.0,30.0,30.0,0,14.42,14.42,11.3,24.7,72,0.99,44.0,42.3,-0.7,1.02,10,19,98,-0.794,-14.75,0,3,0.00,0.025,318.7353,24.600,0.000,0.000,0.000,0.000,0.000,0.000,1.950,25.1700,24.83,1.0433,2.0,30.00,29.300,0,0.00,0.00,131072.00,51.843,0.083,0.107,0.000,-0.023,103.300,103.200,-0.030,4.211,-0.903,0.00,0.00,72.96,0.00,
98.575,13,0.0,0.8,0.0,0.0,188,2468,2,5060,5065,107,30.0,30.0,30.0,30.0,30.0,0,14.40,14.40,11.3,24.7,72,0.99,44.0,42.5,-0.7,1.03,10,19,98,-0.764,-14.75,0,3,0.00,0.025,318.4277,24.700,0.000,0.000,0.000,0.000,0.000,0.000,1.963,25.0500,24.95,1.0433,2.0,29.90,29.500,0,0.00,0.00,131072.00,51.906,0.083,0.107,0.000,-0.023,103.300,103.200,-0.048,4.168,-0.750,0.00,0.00,72.96,0.00,
98.655,13,0.0,0.8,0.0,0.0,188,2476,2,5060,5054,107,30.0,30.5,30.5,30.5,30.5,0,14.39,14.39,11.3,24.7,72,0.99,44.0,42.4,-0.7,1.03,10,19,98,-0.794,-14.75,0,3,0.00,0.025,318.5156,24.700,0.000,0.000,0.000,0.000,0.000,0.000,1.963,25.1300,24.88,1.0433,2.0,29.50,29.500,0,0.00,0.00,131072.00,52.000,0.083,0.107,0.000,-0.023,103.700,103.700,0.000,4.132,-0.604,0.00,0.00,72.96,0.00,
98.734,13,0.0,0.9,0.0,0.0,188,2481,2,5060,5054,107,30.0,30.5,30.5,30.5,30.5,0,14.40,14.40,11.3,24.7,72,0.99,44.0,42.2,-0.7,1.03,10,19,98,-0.769,-14.75,0,3,0.00,0.025,318.3618,24.800,0.000,0.000,0.000,0.000,0.000,0.000,1.963,25.0900,24.90,1.0433,2.0,29.30,29.300,0,0.00,0.00,131072.00,52.156,0.082,0.107,0.000,-0.025,103.500,103.600,0.000,4.113,-0.225,0.00,0.00,72.96,0.00,
98.815,13,0.0,0.8,0.0,0.0,188,2487,2,5060,5047,107,30.0,30.5,30.5,30.5,30.5,0,14.39,14.39,11.3,24.7,72,0.99,44.0,42.3,-0.7,1.03,10,19,98,-0.758,-14.75,0,3,0.00,0.025,318.4716,24.900,0.000,0.000,0.000,0.000,0.000,0.000,1.963,25.0100,24.81,1.0433,2.0,29.20,29.200,0,0.00,0.00,131072.00,52.281,0.083,0.107,0.000,-0.023,103.600,103.700,0.000,4.113,0.000,0.00,0.00,72.96,0.00,
98.956,13,0.0,0.8,0.0,0.0,189,2490,2,5060,5067,107,30.0,30.5,30.5,30.5,30.5,0,14.39,14.39,11.3,24.7,72,0.99,44.0,42.7,-0.7,1.03,10,19,98,-0.769,-14.75,0,3,0.00,0.025,318.3837,24.900,0.000,0.000,0.000,0.000,0.000,0.000,1.963,24.9400,24.85,1.0433,2.0,29.00,28.800,0,0.00,0.00,131072.00,52.406,0.082,0.107,0.000,-0.025,104.000,103.900,0.000,4.144,0.372,0.00,0.00,72.96,0.00,
99.035,13,0.0,0.8,0.0,0.0,189,2502,2,5060,5059,107,30.0,30.5,30.5,31.0,31.0,0,14.37,14.37,11.3,24.7,72,0.99,44.0,42.6,-0.7,1.03,10,19,98,-0.744,-14.75,0,3,0.00,0.025,318.4277,24.600,0.000,0.000,0.000,0.000,0.000,0.000,1.963,24.9000,24.73,1.0433,2.0,29.00,29.000,0,0.00,0.00,131072.00,52.375,0.083,0.107,0.000,-0.023,103.800,104.000,0.042,4.187,1.043,0.00,0.00,72.96,0.00,
99.107,13,0.0,0.8,0.0,0.0,189,2508,2,5060,5032,107,30.7,31.0,31.0,31.0,31.0,0,14.37,14.38,11.3,24.0,72,0.99,44.0,42.1,-0.7,1.03,10,19,98,-0.724,-14.75,0,3,0.00,0.025,318.4277,25.200,0.000,0.000,0.000,0.000,0.000,0.000,1.963,24.9400,24.67,1.0433,2.0,28.80,28.500,0,0.00,0.00,131072.00,52.406,0.083,0.107,0.000,-0.023,104.000,104.000,0.042,4.223,1.123,0.00,0.00,72.96,0.00,
99.195,13,0.0,0.8,0.0,0.0,189,2517,2,5060,5052,107,30.7,31.0,31.0,31.0,31.0,0,14.38,14.38,11.3,24.7,72,0.99,48.0,42.5,-0.7,1.03,10,20,98,-0.764,-14.75,0,3,0.00,0.025,318.3618,25.000,0.000,0.000,0.000,0.000,0.000,0.000,1.972,24.8200,24.68,1.0433,2.0,28.70,28.500,0,0.00,0.00,131072.00,52.500,0.085,0.109,0.000,-0.023,103.900,104.000,0.000,4.272,1.269,0.00,0.00,72.96,0.00,
99.273,13,0.0,0.8,0.0,0.0,189,2527,2,5060,5064,107,30.7,31.0,31.0,31.0,31.0,0,14.39,14.39,11.3,24.0,72,0.99,44.0,43.0,-0.7,1.04,10,20,98,-0.760,-14.75,0,3,0.00,0.025,318.4936,24.800,0.000,0.000,0.000,0.000,0.000,0.000,1.972,24.9000,24.62,1.0433,2.0,28.20,27.700,0,0.00,0.00,131072.00,52.687,0.085,0.109,0.000,-0.023,104.100,104.000,0.042,4.327,1.568,0.00,0.00,72.96,0.00,
99.375,13,0.0,0.8,0.0,0.0,189,2532,2,5060,5057,107,31.5,31.5,31.0,31.5,31.0,0,14.40,14.40,11.3,24.0,72,0.99,48.0,42.9,-0.7,1.04,10,20,98,-0.708,-14.75,0,3,0.00,0.025,318.4057,25.100,0.000,0.000,0.000,0.000,0.000,0.000,1.999,24.7800,24.88,1.0433,2.0,28.20,28.700,0,0.00,0.00,131072.00,52.843,0.085,0.109,0.000,-0.023,104.200,104.000,0.024,4.425,1.348,0.00,0.00,72.96,0.00,
99.445,13,0.0,0.8,0.0,0.0,189,2542,2,5060,5059,107,30.7,31.0,31.5,31.0,31.5,0,14.40,14.41,11.3,24.0,72,0.99,48.0,43.2,-0.7,1.04,10,20,98,-0.733,-14.75,0,3,0.00,0.025,318.2519,25.200,0.000,0.000,0.000,0.000,0.000,0.000,1.976,24.7800,24.57,1.0433,2.0,28.50,27.300,0,0.00,0.00,131072.00,52.875,0.085,0.109,0.000,-0.023,104.100,104.000,0.042,4.528,2.093,0.00,0.00,72.96,0.00,
99.565,13,0.0,0.9,0.0,0.0,189,2545,2,5060,5062,107,31.5,31.5,31.0,31.5,31.0,0,14.43,14.43,11.3,24.7,72,0.99,48.0,43.4,-0.7,1.04,10,20,98,-0.703,-14.75,0,3,0.00,0.025,318.2958,25.000,0.000,0.000,0.000,0.000,0.000,0.000,1.985,24.8200,24.70,1.0433,2.0,28.30,27.700,0,0.00,0.00,131072.00,52.968,0.083,0.109,0.000,-0.025,103.900,104.000,0.000,4.675,1.568,0.00,0.00,72.96,0.00,
99.644,13,0.0,0.9,0.0,0.0,189,2549,2,5060,5060,107,31.5,31.5,31.0,31.5,31.0,0,14.42,14.41,11.3,24.0,72,0.99,48.0,44.0,-0.7,1.04,10,20,98,-0.721,-14.75,0,3,0.00,0.025,318.0541,25.100,0.000,0.000,0.000,0.000,0.000,0.000,1.985,24.7000,24.62,1.0433,2.0,28.50,28.300,0,0.00,0.00,131072.00,52.937,0.083,0.109,0.000,-0.025,103.900,104.000,0.000,4.748,0.897,0.00,0.00,72.96,0.00,
99.725,13,0.0,0.9,0.0,0.0,189,2554,2,5060,5060,107,31.5,31.5,31.5,31.5,31.5,0,14.39,14.38,11.3,24.0,72,0.99,48.0,43.0,-0.7,1.04,10,20,98,-0.728,-14.75,0,3,0.00,0.025,318.0322,25.300,0.000,0.000,0.000,0.000,0.000,0.000,1.976,24.5800,24.47,1.0433,2.0,28.40,28.300,0,0.00,0.00,131072.00,52.968,0.083,0.109,0.000,-0.025,104.000,104.000,0.000,4.846,1.043,0.00,0.00,72.96,0.00,
99.814,13,0.0,0.8,0.0,0.0,189,2558,2,5060,5049,107,31.5,31.5,31.5,31.5,31.5,0,14.36,14.36,11.3,24.0,72,0.99,48.0,43.4,-0.7,1.04,10,20,98,-0.696,-14.75,0,3,0.00,0.025,318.1201,25.400,0.000,0.000,0.000,0.000,0.000,0.000,1.976,24.7800,24.45,1.0433,2.0,27.80,27.500,0,0.00,0.00,131072.00,53.125,0.083,0.109,0.000,-0.025,103.800,104.000,0.000,4.919,1.196,0.00,0.00,72.96,0.00,
99.905,13,0.0,0.9,0.0,0.0,189,2565,2,5060,5036,107,31.5,31.5,32.0,32.0,32.0,0,14.34,14.34,11.3,24.0,72,0.99,48.0,42.9,-0.7,1.04,10,20,98,-0.717,-14.75,0,3,0.00,0.027,318.1420,25.600,0.000,0.000,0.000,0.000,0.000,0.000,1.990,24.7800,24.52,1.0432,2.0,27.70,27.700,0,0.00,0.00,131072.00,53.343,0.082,0.109,0.000,-0.027,104.000,104.000,0.000,5.017,1.647,0.00,0.00,72.96,0.00,
99.984,13,0.0,0.9,0.0,0.0,190,2573,2,5060,5074,107,31.5,32.0,32.0,32.0,32.0,0,14.31,14.32,10.9,24.0,72,0.99,48.0,43.3,-0.7,1.04,10,20,98,-0.742,-14.75,0,3,0.00,0.027,318.2519,25.100,0.000,0.000,0.000,0.000,0.000,0.000,1.990,24.7000,24.48,1.0432,2.0,27.70,27.300,0,0.00,0.00,131072.00,53.375,0.083,0.109,0.000,-0.025,103.800,104.000,-0.030,5.090,0.671,0.00,0.00,72.96,0.00,
100.075,13,0.0,0.9,0.0,0.0,190,2579,2,5060,5069,107,31.5,32.0,32.0,32.0,32.0,0,14.31,14.31,10.9,24.0,72,0.99,48.0,43.2,-0.7,1.04,10,20,98,-0.733,-14.75,0,3,0.00,0.027,318.2299,25.100,0.000,0.000,0.000,0.000,0.000,0.000,1.990,24.7000,24.41,1.0432,2.0,27.50,27.100,0,0.00,0.00,131072.00,53.468,0.083,0.109,0.000,-0.025,103.900,104.000,0.024,5.169,1.422,0.00,0.00,72.96,0.00,
100.145,13,0.0,0.8,0.0,0.0,190,2587,2,5060,5044,107,31.5,32.0,32.0,32.0,32.0,0,14.33,14.33,10.9,24.0,72,0.99,48.0,42.6,-0.7,1.04,10,20,98,-0.744,-14.75,0,3,0.00,0.027,318.0761,25.800,0.000,0.000,0.000,0.000,0.000,0.000,1.990,24.5400,24.32,1.0432,2.0,27.70,27.900,0,0.00,0.00,131072.00,53.468,0.083,0.109,0.000,-0.025,104.000,104.400,0.024,5.242,1.495,0.00,0.00,72.96,0.00,
100.225,13,0.0,0.9,0.0,0.0,190,2590,2,5060,5042,107,31.5,32.0,32.0,32.0,32.0,0,14.35,14.35,10.9,24.0,72,0.99,48.0,42.8,-0.7,1.05,10,20,98,-0.742,-14.75,0,3,0.00,0.027,318.0322,25.800,0.000,0.000,0.000,0.000,0.000,0.000,2.008,24.5800,24.58,1.0432,2.0,27.50,27.900,0,0.00,0.00,131072.00,53.531,0.082,0.109,0.000,-0.027,104.100,104.100,-0.030,5.297,0.445,0.00,0.00,72.96,0.00,
100.310,13,0.0,0.9,0.0,0.0,190,2594,2,5060,5049,107,31.5,32.0,32.0,32.0,32.0,0,14.37,14.37,10.9,24.0,72,0.99,48.0,43.1,-0.7,1.05,10,20,98,-0.733,-14.75,0,3,0.00,0.027,318.1640,25.600,0.000,0.000,0.000,0.000,0.000,0.000,1.985,24.5000,24.27,1.0432,2.0,27.50,27.000,0,0.00,0.00,131072.00,53.468,0.082,0.109,0.000,-0.027,104.200,104.700,0.000,5.340,0.299,0.00,0.00,72.96,0.00,
100.398,13,0.0,0.9,0.0,0.0,190,2597,2,5060,5052,107,31.5,32.0,32.0,32.0,32.0,0,14.38,14.39,10.9,24.0,72,0.99,48.0,43.8,-0.7,1.05,10,20,98,-0.703,-14.75,0,3,0.00,0.027,318.1420,25.700,0.000,0.000,0.000,0.000,0.000,0.000,1.990,24.4700,24.28,1.0432,2.0,27.10,27.000,0,0.00,0.00,131072.00,53.468,0.083,0.109,0.000,-0.025,104.600,104.700,0.024,5.377,0.897,0.00,0.00,72.96,0.00,
100.515,13,0.0,0.9,0.0,0.0,190,2605,2,5060,5065,107,32.2,32.5,32.5,32.5,32.5,0,14.37,14.36,10.9,24.0,72,0.99,48.0,43.5,-0.7,1.05,10,20,98,-0.744,-14.75,0,3,0.00,0.027,318.0761,25.500,0.000,0.000,0.000,0.000,0.000,0.000,2.045,25.1300,24.83,1.0432,2.0,27.40,27.100,0,0.00,0.00,131072.00,54.031,0.082,0.109,0.000,-0.027,104.800,103.900,0.024,5.432,1.794,0.00,0.00,72.96,0.00,
100.606,14,0.0,0.9,0.0,0.0,190,2617,2,5060,5055,107,31.5,32.0,32.0,32.0,32.0,0,14.36,14.36,11.3,24.7,72,0.99,48.0,44.3,-0.7,1.05,11,20,97,-0.789,-14.75,0,3,0.00,0.029,316.6699,25.900,0.000,0.000,0.000,0.000,0.000,0.000,2.131,25.8800,25.83,1.0432,2.0,30.20,31.500,0,0.00,0.00,131072.00,55.812,0.082,0.109,0.000,-0.027,103.600,102.200,-0.018,5.633,3.747,0.00,0.00,72.96,0.00,
100.684,14,0.0,0.9,0.0,0.0,190,2625,2,5060,5049,107,31.5,32.0,32.0,32.0,32.0,0,14.38,14.38,11.7,25.5,72,0.99,52.0,46.4,-0.7,1.05,11,20,97,-0.737,-14.75,0,3,0.00,0.029,316.4501,26.100,0.000,0.000,0.000,0.000,0.000,0.000,2.131,25.9600,25.88,1.0438,2.0,31.80,31.900,0,0.00,0.00,131072.00,56.750,0.082,0.109,0.000,-0.027,102.200,101.700,0.012,5.822,2.770,0.00,0.00,72.96,0.00,
100.775,14,0.0,0.9,0.0,0.0,191,2628,2,5060,5042,107,32.2,32.5,32.5,32.5,32.5,0,14.42,14.42,11.7,25.5,72,0.99,52.0,46.6,-0.7,1.06,11,20,97,-0.744,-14.75,0,3,0.00,0.029,316.4282,26.400,0.000,0.000,0.000,0.000,0.000,0.000,2.131,25.9200,25.78,1.0446,2.0,31.60,31.600,0,0.00,0.00,131072.00,57.093,0.082,0.109,0.000,-0.027,101.800,101.600,-0.061,5.987,1.947,0.00,0.00,72.96,0.00,
100.845,14,0.0,0.9,0.0,0.0,191,2628,2,5060,5047,107,31.5,32.0,32.5,32.0,32.0,0,14.41,14.40,11.7,26.2,72,0.99,52.0,45.8,-0.7,1.06,11,20,97,-0.760,-14.75,0,3,0.00,0.029,315.8569,26.400,0.000,0.000,0.000,0.000,0.000,0.000,2.184,26.5800,26.36,1.0451,2.0,32.90,33.000,0,0.00,0.00,131072.00,58.125,0.082,0.109,0.000,-0.027,101.600,101.200,0.000,6.158,3.448,0.00,0.00,72.96,0.00,
100.914,14,0.0,0.9,0.0,0.0,191,2632,2,5060,5062,107,31.5,32.0,32.0,32.0,32.0,0,14.33,14.33,12.1,26.2,72,0.99,52.0,46.5,-0.7,1.05,11,20,97,-0.780,-14.75,0,3,0.00,0.031,315.3295,26.400,0.000,0.000,0.000,0.000,0.000,0.000,2.247,27.3700,27.11,1.0457,2.0,34.00,35.000,0,0.00,0.00,131072.00,59.406,0.082,0.109,0.000,-0.027,101.100,100.300,0.012,6.341,3.900,0.00,0.00,72.96,0.00,
100.994,14,0.0,0.9,0.0,0.0,191,2641,2,5060,5060,107,31.5,32.0,32.0,32.0,32.0,0,14.27,14.25,12.5,27.0,72,0.99,52.0,48.5,-0.7,1.05,11,20,97,-0.749,-14.75,0,3,0.00,0.031,315.0000,26.300,0.000,0.000,0.000,0.000,0.000,0.000,2.261,27.3700,27.22,1.0466,2.0,35.70,35.800,0,0.00,0.00,131072.00,60.281,0.080,0.109,0.000,-0.029,100.300,100.000,-0.061,6.573,2.697,0.00,0.00,72.96,0.00,
101.064,14,0.0,0.9,0.0,0.0,191,2649,2,5060,5059,107,31.5,32.0,32.0,32.0,32.0,0,14.20,14.19,12.1,27.0,72,0.99,52.0,49.0,-0.7,1.04,11,20,97,-0.692,-14.75,0,3,0.00,0.029,315.2856,26.600,0.000,0.000,0.000,0.000,0.000,0.000,2.257,27.2100,27.22,1.0473,2.0,35.80,35.000,0,0.00,0.00,131072.00,60.500,0.080,0.109,0.000,-0.029,100.200,100.100,0.000,6.683,1.647,0.00,0.00,72.96,0.00,
101.135,14,0.0,1.0,0.0,0.0,191,2651,2,5060,5070,107,31.5,32.0,32.5,32.5,32.5,0,14.16,14.14,12.1,27.0,72,0.99,52.0,49.5,-0.6,1.04,11,21,97,-0.651,-14.75,0,3,0.00,0.031,315.3955,26.200,0.000,0.000,0.000,0.000,0.000,0.000,2.232,27.2100,26.83,1.0474,2.0,35.50,35.500,0,0.00,0.00,131072.00,60.625,0.078,0.109,0.000,-0.031,100.000,100.000,-0.030,6.744,0.299,0.00,0.00,72.82,0.00,
101.206,14,0.0,0.9,0.0,0.0,191,2654,2,5060,5060,107,32.2,32.5,32.5,32.5,32.5,0,14.10,14.10,12.1,27.0,72,0.99,52.0,48.3,-0.7,1.03,11,21,97,-0.667,-14.75,0,3,0.00,0.031,315.7470,26.400,0.000,0.000,0.000,0.000,0.000,0.000,2.257,27.1700,26.96,1.0474,2.0,35.20,35.100,0,0.00,0.00,131072.00,60.687,0.078,0.109,0.000,-0.031,99.800,100.000,0.042,6.756,0.598,0.00,0.00,72.82,0.00,
101.275,14,0.0,1.0,0.0,0.0,191,2659,2,5060,5054,107,32.2,32.5,32.5,32.5,32.5,0,14.12,14.13,12.1,26.2,72,0.99,52.0,48.7,-0.7,1.02,11,21,96,-0.692,-14.75,0,3,0.00,0.031,316.0107,26.400,0.000,0.000,0.000,0.000,0.000,0.000,2.257,27.2500,26.96,1.0474,2.0,34.70,34.700,0,0.00,0.00,131072.00,60.843,0.078,0.109,0.000,-0.031,100.000,100.000,0.000,6.762,0.372,0.00,0.00,72.96,0.00,
101.365,14,0.0,1.0,0.0,0.0,191,2668,2,5060,5050,107,32.2,32.5,32.5,32.5,32.5,0,14.22,14.24,12.1,27.0,72,0.99,52.0,48.2,-0.7,1.02,11,21,96,-0.701,-14.75,0,3,0.00,0.031,315.8569,26.500,0.000,0.000,0.000,0.000,0.000,0.000,2.271,27.2100,26.98,1.0474,2.0,34.90,34.900,0,0.00,0.00,131072.00,60.968,0.078,0.109,0.000,-0.031,99.800,100.000,-0.030,6.762,-0.225,0.00,0.00,72.96,0.00,
101.488,14,0.0,1.0,0.0,0.0,191,2679,2,5060,5050,107,32.2,32.5,32.5,32.5,32.5,0,14.35,14.36,12.1,26.2,72,0.99,52.0,48.8,-0.7,1.03,11,21,96,-0.717,-14.75,0,3,0.00,0.031,315.7250,26.600,0.000,0.000,0.000,0.000,0.000,0.000,2.271,27.1700,26.91,1.0480,2.0,34.50,34.500,0,0.00,0.00,131072.00,61.156,0.078,0.109,0.000,-0.031,100.000,100.000,-0.030,6.750,-0.152,0.00,0.00,72.96,0.00,
101.565,14,0.0,1.0,0.0,0.0,191,2687,2,5060,5055,107,32.2,32.5,32.5,32.5,32.5,0,14.41,14.40,12.1,26.2,72,0.99,52.0,48.9,-0.7,1.03,11,21,97,-0.678,-14.75,0,3,0.00,0.029,316.3623,26.400,0.000,0.000,0.000,0.000,0.000,0.000,2.174,25.7600,25.65,1.0485,2.0,33.90,31.700,0,0.00,0.00,131072.00,59.968,0.078,0.109,0.000,-0.031,100.100,101.200,-0.140,6.683,-3.454,0.00,0.00,72.82,0.00,
101.646,13,0.0,1.0,0.0,0.0,191,2692,2,5060,5055,107,33.0,33.0,33.0,33.0,33.0,0,14.36,14.35,11.3,25.5,72,0.99,52.0,46.1,-0.7,1.03,10,21,97,-0.712,-14.75,0,3,0.00,0.029,317.5268,26.400,0.000,0.000,0.000,0.000,0.000,0.000,2.087,24.6600,24.52,1.0484,2.0,30.20,28.700,0,0.00,0.00,131072.00,57.687,0.076,0.109,0.000,-0.033,101.500,103.400,-0.061,6.243,-10.125,0.00,0.00,72.96,0.00,
101.744,12,0.0,1.0,0.0,0.0,192,2694,2,5060,5054,107,33.0,33.5,33.5,33.5,33.5,0,14.29,14.29,10.9,22.5,72,0.99,48.0,44.9,-0.7,1.03,10,21,98,-0.687,-14.75,0,3,0.00,0.027,319.1528,25.900,0.000,0.000,0.000,0.000,0.000,0.000,1.836,20.7900,21.23,1.0474,2.0,23.10,18.600,0,0.00,0.00,131072.00,52.062,0.080,0.109,0.000,-0.029,104.700,109.900,-1.263,0.000,-37.780,0.00,0.00,72.82,0.00,
101.815,11,0.0,1.0,0.0,0.0,192,2693,2,5060,5072,107,33.0,33.0,33.0,30.7,32.5,0,14.28,14.28,9.3,20.2,72,0.99,40.0,38.6,-0.6,1.02,9,21,99,-0.724,-14.75,0,3,0.00,0.025,320.1855,25.400,0.000,0.000,0.000,0.000,0.000,0.000,1.836,21.0800,21.03,1.0465,2.0,18.30,18.700,0,0.00,0.00,131072.00,49.625,0.078,0.107,0.000,-0.029,107.200,110.800,0.482,0.000,-30.456,0.00,0.00,72.96,0.00,
101.885,11,0.0,1.0,0.0,0.0,192,2692,2,4750,5028,107,17.2,17.8,21.6,16.1,16.1,0,14.26,14.26,8.9,18.7,72,0.99,40.0,38.1,-0.7,1.01,8,21,99,-0.712,-14.75,0,3,0.00,0.023,321.4599,4.000,0.000,0.000,0.000,0.000,0.000,0.000,1.611,18.6700,18.37,1.0457,2.0,12.30,11.700,0,0.00,0.00,131072.00,44.750,0.078,0.107,0.000,-0.029,110.700,114.200,0.482,0.000,-30.456,0.00,0.00,72.96,0.00,
102.007,11,0.0,1.0,0.0,0.0,192,2689,2,3763,4838,107,29.2,29.5,29.5,29.5,29.5,0,14.34,14.36,8.2,17.2,72,0.99,36.0,33.8,-0.7,1.02,8,21,99,-0.724,-14.75,0,3,0.00,0.023,321.6137,4.000,0.000,0.000,0.000,0.000,0.000,0.000,1.543,17.3200,17.57,1.0435,2.0,10.20,9.100,0,0.00,0.00,131072.00,40.937,0.078,0.107,0.000,-0.029,117.100,115.400,0.482,0.000,-30.456,0.00,0.00,72.96,0.00,
102.074,10,0.0,1.0,0.0,0.0,192,2699,2,2480,4541,107,28.5,29.0,28.5,29.0,28.5,0,14.52,14.53,7.8,16.5,72,0.99,32.0,32.3,-0.7,1.04,7,21,99,-0.687,-14.75,0,3,0.00,0.023,321.7016,4.000,0.000,0.000,0.000,0.000,0.000,0.000,1.503,17.1500,17.08,1.0418,2.0,8.20,7.800,0,0.00,0.00,131072.00,39.656,0.078,0.107,0.000,-0.029,118.000,115.900,0.482,0.000,-30.456,0.00,0.00,72.82,0.00,
102.155,10,0.0,1.0,0.0,0.0,192,2703,2,2199,4373,107,28.5,28.5,28.5,29.0,29.0,0,14.62,14.62,7.8,16.5,72,0.99,32.0,31.7,-0.7,1.05,7,21,99,-0.692,-14.75,0,3,0.00,0.023,321.4819,4.000,0.000,0.000,0.000,0.000,0.000,0.000,1.503,17.1500,17.11,1.0401,2.0,7.80,7.600,0,0.00,0.00,131072.00,39.218,0.078,0.107,0.000,-0.029,118.500,116.000,0.482,0.000,-30.456,0.00,0.00,72.96,0.00,
102.225,10,0.0,0.9,0.0,0.0,192,2701,2,2053,4179,107,28.5,28.5,28.5,28.5,28.5,0,14.79,14.78,7.8,16.5,72,0.99,32.0,30.6,-0.8,1.06,7,21,99,-0.692,-14.75,0,3,0.00,0.023,321.1962,4.000,0.000,0.000,0.000,0.000,0.000,0.000,1.507,17.2200,17.15,1.0386,2.0,7.70,7.600,0,0.00,0.00,131072.00,39.125,0.080,0.107,0.000,-0.027,118.100,116.000,0.482,0.000,-30.456,0.00,0.00,72.96,0.00,
102.295,10,0.0,1.0,0.0,0.0,192,2697,2,1996,4013,107,28.5,28.5,28.5,28.5,28.5,0,14.75,14.74,7.8,16.5,72,0.99,32.0,31.6,-0.8,1.06,7,21,99,-0.692,-14.75,0,3,0.00,0.023,321.0205,4.000,0.000,0.000,0.000,0.000,0.000,0.000,1.503,17.1800,17.16,1.0374,2.0,7.80,7.600,0,0.00,0.00,131072.00,39.093,0.080,0.107,0.000,-0.027,118.200,116.000,0.482,0.000,-30.456,0.00,0.00,72.96,0.00,
102.364,10,0.0,0.9,0.0,0.0,192,2692,2,1968,3847,107,28.5,28.5,28.5,28.5,28.5,0,14.66,14.66,7.8,16.5,72,0.99,32.0,31.3,-0.8,1.06,7,21,99,-0.681,-14.75,0,3,0.00,0.023,320.8227,4.000,0.000,0.000,0.000,0.000,0.000,0.000,1.503,17.2200,17.11,1.0366,2.0,7.60,7.500,0,0.00,0.00,131072.00,39.000,0.080,0.107,0.000,-0.027,117.900,116.000,0.482,0.000,-30.456,0.00,0.00,72.82,0.00,
102.444,10,0.0,0.9,0.0,0.0,192,2692,2,1955,3684,107,28.5,28.5,28.5,28.5,28.5,0,14.59,14.58,7.8,16.5,72,0.99,32.0,31.2,-0.8,1.06,7,21,99,-0.687,-14.75,0,3,0.00,0.023,320.5810,4.000,0.000,0.000,0.000,0.000,0.000,0.000,1.503,17.2800,17.10,1.0358,2.0,7.50,7.300,0,0.00,0.00,131072.00,39.031,0.080,0.107,0.000,-0.027,117.500,116.000,0.482,0.000,-30.456,0.00,0.00,72.82,0.00,
102.526,11,0.0,0.9,0.0,0.0,192,2694,2,1948,3500,107,28.5,28.5,28.5,28.5,28.5,0,14.48,14.48,7.8,17.2,72,0.99,36.0,31.4,-0.8,1.06,7,21,99,-0.721,-14.75,0,3,0.00,0.023,319.5263,4.000,0.000,0.000,0.000,0.000,0.000,0.000,1.565,18.5300,17.83,1.0349,2.0,9.10,9.300,0,0.00,0.00,131072.00,40.281,0.080,0.107,0.000,-0.027,117.200,115.100,0.482,0.000,-30.456,0.00,0.00,72.96,0.00,
102.594,11,0.0,0.9,0.0,0.0,192,2695,2,3151,3317,107,30.0,30.0,29.5,30.0,30.0,0,14.42,14.41,8.2,18.0,72,0.99,36.0,34.0,-0.9,1.05,8,21,99,-0.789,-14.75,0,3,0.00,0.023,318.7792,17.100,0.000,0.000,0.000,0.000,0.000,0.000,1.625,18.8100,18.55,1.0343,2.0,11.90,11.800,0,0.00,0.00,131072.00,41.812,0.080,0.107,0.000,-0.027,116.300,114.500,0.482,0.000,-30.456,0.00,0.00,72.96,0.00,
102.674,11,0.0,0.9,0.0,0.0,192,2698,2,3151,3155,107,30.0,30.0,30.0,30.0,30.0,0,14.42,14.42,8.2,18.0,72,0.99,36.0,35.1,-0.8,1.06,8,21,99,-0.708,-14.75,0,3,0.00,0.023,318.4277,21.000,0.000,0.000,0.000,0.000,0.000,0.000,1.625,18.7700,18.58,1.0343,2.0,12.10,11.800,0,0.00,0.00,131072.00,42.406,0.082,0.107,0.000,-0.025,115.300,114.400,0.482,0.000,-30.456,0.00,0.00,72.96,0.00,
102.773,12,0.0,0.9,0.0,0.0,192,2699,2,3186,3061,107,30.7,31.0,31.0,30.5,30.5,0,14.49,14.51,8.5,19.5,72,0.99,40.0,35.0,-0.7,1.07,8,21,99,-0.753,-14.75,0,3,0.00,0.025,317.3510,24.500,0.000,0.000,0.000,0.000,0.000,0.000,1.759,21.0800,20.28,1.0344,2.0,15.10,15.800,0,0.00,0.00,131072.00,45.125,0.082,0.107,0.000,-0.025,114.400,112.500,0.482,0.000,-30.456,0.00,0.00,72.96,0.00,
102.898,12,0.0,0.8,0.0,0.0,192,2702,2,3376,3360,107,33.0,33.0,33.5,33.0,33.0,0,14.56,14.57,9.3,21.0,72,0.99,44.0,39.3,-0.7,1.07,9,21,99,-0.785,-14.75,0,3,0.00,0.025,316.9775,27.200,0.000,0.000,0.000,0.000,0.000,0.000,1.832,21.5600,21.16,1.0353,2.0,18.40,18.300,0,0.00,0.00,131072.00,47.968,0.083,0.107,0.000,-0.023,112.000,110.700,0.482,0.000,-30.456,0.00,0.00,72.96,0.00,
103.014,12,0.0,0.8,0.0,0.0,193,2704,2,3587,3597,107,33.0,33.5,33.5,33.5,33.5,0,14.54,14.48,9.3,21.0,72,0.99,44.0,39.6,-0.7,1.07,10,21,99,-0.737,-14.75,0,3,0.00,0.025,317.5268,27.800,0.000,0.000,0.000,0.000,0.000,0.000,1.836,21.4200,21.46,1.0370,2.0,19.00,18.500,0,0.00,0.00,131072.00,48.656,0.082,0.107,0.000,-0.025,111.000,110.700,-0.061,0.109,0.897,0.00,0.00,72.96,0.00,
103.084,12,0.0,0.9,0.0,0.0,193,2700,2,3770,3691,107,33.0,33.5,33.5,33.5,33.5,0,14.23,14.20,9.3,20.2,72,0.99,44.0,39.7,-0.6,1.04,9,21,99,-0.721,-14.75,0,3,0.00,0.025,318.1420,29.600,0.000,0.000,0.000,0.000,0.000,0.000,1.759,20.5500,20.56,1.0379,2.0,18.20,16.800,0,0.00,0.00,131072.00,47.500,0.083,0.107,0.000,-0.023,110.300,111.800,-0.579,0.073,-7.574,0.00,0.00,72.96,0.00,
103.154,12,0.0,0.8,0.0,0.0,193,2696,2,3875,3806,107,32.2,32.5,32.5,32.5,32.5,0,14.09,14.08,9.3,20.2,72,0.99,40.0,37.9,-0.7,1.01,9,21,99,-0.719,-14.75,0,3,0.00,0.025,318.6694,29.400,0.000,0.000,0.000,0.000,0.000,0.000,1.759,20.5000,20.50,1.0381,2.0,17.00,16.800,0,0.00,0.00,131072.00,46.906,0.083,0.107,0.000,-0.023,111.200,112.000,-0.579,0.073,-7.574,0.00,0.00,72.96,0.00,
103.224,12,0.0,0.8,0.0,0.0,193,2698,2,3971,3908,107,32.2,32.5,32.5,32.5,32.5,0,14.08,14.09,9.3,19.5,72,0.99,40.0,37.2,-0.7,1.01,9,21,99,-0.724,-14.75,0,3,0.00,0.025,318.9331,28.200,0.000,0.000,0.000,0.000,0.000,0.000,1.742,20.5000,20.30,1.0381,2.0,16.50,16.100,0,0.00,0.00,131072.00,46.625,0.083,0.107,0.000,-0.023,111.500,112.000,-0.579,0.073,-7.574,0.00,0.00,72.96,0.00,
103.294,12,0.0,0.8,0.0,0.0,193,2704,2,4060,4072,107,32.2,32.5,32.5,32.5,32.5,0,14.10,14.11,8.9,20.2,72,0.99,40.0,36.8,-0.7,1.01,9,21,99,-0.724,-14.75,0,3,0.00,0.025,319.1088,30.000,0.000,0.000,0.000,0.000,0.000,0.000,1.742,20.5500,20.25,1.0381,2.0,16.30,16.100,0,0.00,0.00,131072.00,46.656,0.083,0.107,0.000,-0.023,111.500,112.000,-0.579,0.073,-7.574,0.00,0.00,72.96,0.00,
103.374,12,0.0,0.8,0.0,0.0,193,2707,2,4142,4098,107,32.2,32.5,32.5,32.5,32.5,0,14.19,14.19,9.3,19.5,72,0.99,40.0,37.5,-0.7,1.00,9,21,99,-0.728,-14.75,0,3,0.00,0.025,319.3725,28.800,0.000,0.000,0.000,0.000,0.000,0.000,1.719,19.7300,19.93,1.0381,2.0,16.60,15.600,0,0.00,0.00,131072.00,46.281,0.083,0.107,0.000,-0.023,111.500,112.400,-0.579,0.073,-7.574,0.00,0.00,72.96,0.00,
103.464,11,0.0,0.9,0.0,0.0,193,2703,2,4207,4245,107,31.5,32.0,31.5,31.5,31.5,0,14.30,14.31,8.5,19.5,72,0.99,40.0,36.8,-0.7,1.02,9,21,99,-0.701,-14.75,0,3,0.00,0.025,320.0537,29.100,0.000,0.000,0.000,0.000,0.000,0.000,1.683,19.0600,19.56,1.0381,2.0,14.90,13.800,0,0.00,0.00,131072.00,45.031,0.082,0.107,0.000,-0.025,112.200,113.400,-0.579,0.073,-7.574,0.00,0.00,72.96,0.00,
103.544,11,0.0,0.9,0.0,0.0,193,2696,2,3717,4209,107,30.0,30.0,29.5,29.5,29.5,0,14.39,14.40,8.2,18.0,72,0.99,36.0,33.7,-0.7,1.02,8,21,99,-0.699,-14.75,0,3,0.00,0.023,320.8886,4.000,0.000,0.000,0.000,0.000,0.000,0.000,1.611,18.7200,18.28,1.0380,2.0,11.50,10.800,0,0.00,0.00,131072.00,43.031,0.082,0.107,0.000,-0.025,114.200,114.300,-0.579,0.073,-7.574,0.00,0.00,72.96,0.00,
103.614,11,0.0,0.8,0.0,0.0,193,2695,2,3275,4006,107,29.2,29.5,29.5,29.5,29.5,0,14.40,14.40,8.2,18.0,72,0.99,36.0,33.4,-0.7,1.02,8,21,99,-0.733,-14.75,0,3,0.00,0.023,320.6909,4.000,0.000,0.000,0.000,0.000,0.000,0.000,1.611,18.6200,18.28,1.0374,2.0,11.50,11.300,0,0.00,0.00,131072.00,42.531,0.083,0.107,0.000,-0.023,114.800,114.400,-0.579,0.073,-7.574,0.00,0.00,72.96,0.00,
103.684,11,0.0,0.8,0.0,0.0,193,2702,2,3056,3835,107,30.0,30.0,30.0,29.5,29.5,0,14.39,14.41,8.2,18.0,72,0.99,36.0,34.0,-0.7,1.02,8,21,99,-0.721,-14.75,0,3,0.00,0.023,320.4492,4.000,0.000,0.000,0.000,0.000,0.000,0.000,1.625,18.6200,18.43,1.0365,2.0,11.50,11.600,0,0.00,0.00,131072.00,42.375,0.083,0.107,0.000,-0.023,115.100,114.400,-0.579,0.073,-7.574,0.00,0.00,72.96,0.00,
103.756,11,0.0,0.8,0.0,0.0,193,2711,2,2965,3664,107,30.0,30.0,30.0,30.0,30.0,0,14.50,14.51,8.2,18.0,72,0.99,36.0,34.2,-0.7,1.04,8,21,99,-0.724,-14.75,0,3,0.00,0.023,319.7021,4.000,0.000,0.000,0.000,0.000,0.000,0.000,1.625,18.6700,18.36,1.0363,2.0,11.80,11.700,0,0.00,0.00,131072.00,42.468,0.083,0.107,0.000,-0.023,115.200,114.400,-0.579,0.073,-7.574,0.00,0.00,72.96,0.00,
103.834,11,0.0,0.8,0.0,0.0,193,2712,2,2947,3493,107,30.0,30.0,30.0,30.0,30.0,0,14.58,14.58,8.2,18.0,72,0.99,36.0,34.5,-0.7,1.05,8,21,99,-0.733,-14.75,0,3,0.00,0.023,319.0649,9.500,0.000,0.000,0.000,0.000,0.000,0.000,1.625,18.7200,18.40,1.0363,2.0,11.70,11.600,0,0.00,0.00,131072.00,42.593,0.083,0.107,0.000,-0.023,115.000,114.400,-0.579,0.073,-7.574,0.00,0.00,72.96,0.00,
103.905,11,0.0,0.8,0.0,0.0,193,2707,2,2978,3301,107,30.0,30.5,30.5,30.5,30.5,0,14.71,14.74,8.2,18.0,72,0.99,36.0,34.0,-0.7,1.06,9,21,99,-0.733,-14.75,0,3,0.00,0.023,318.5595,14.200,0.000,0.000,0.000,0.000,0.000,0.000,1.634,18.6200,18.58,1.0363,2.0,12.10,11.800,0,0.00,0.00,131072.00,42.531,0.083,0.107,0.000,-0.023,115.100,114.400,-0.579,0.073,-7.574,0.00,0.00,72.96,0.00,
103.976,11,0.0,0.8,0.0,0.0,193,2703,2,2851,3132,107,30.0,30.5,30.5,30.5,30.5,0,14.74,14.73,8.2,18.0,72,0.99,36.0,34.8,-0.6,1.06,8,21,99,-0.703,-14.75,0,3,0.00,0.023,318.4277,4.000,0.000,0.000,0.000,0.000,0.000,0.000,1.561,17.8900,17.66,1.0363,2.0,11.80,10.200,0,0.00,0.00,131072.00,41.656,0.083,0.107,0.000,-0.023,115.000,115.000,-0.579,0.073,-7.574,0.00,0.00,72.96,0.00,
104.064,10,0.0,0.8,0.0,0.0,193,2698,2,2377,2970,107,28.5,29.0,29.0,29.0,29.0,0,14.73,14.73,7.8,17.2,72,0.99,36.0,33.0,-0.7,1.06,8,21,99,-0.719,-14.75,0,3,0.00,0.023,318.6694,4.000,0.000,0.000,0.000,0.000,0.000,0.000,1.516,17.2500,17.02,1.0358,2.0,9.00,7.000,0,0.00,0.00,131072.00,40.156,0.083,0.107,0.000,-0.023,115.600,115.800,-0.579,0.073,-7.574,0.00,0.00,72.96,0.00,
104.149,10,0.0,0.8,0.0,0.0,193,2699,2,2111,2772,107,28.5,28.5,28.5,28.5,28.5,0,14.71,14.70,7.4,16.5,72,0.99,32.0,31.5,-0.8,1.07,8,21,99,-0.753,-14.75,0,3,0.00,0.023,318.7792,4.000,0.000,0.000,0.000,0.000,0.000,0.000,1.516,17.2200,17.10,1.0349,2.0,7.20,7.000,0,0.00,0.00,131072.00,39.375,0.083,0.107,0.000,-0.023,115.800,116.000,-0.579,0.073,-7.574,0.00,0.00,72.96,0.00,
104.224,10,0.0,0.8,0.0,0.0,193,2703,2,2015,2604,107,28.5,28.5,28.5,28.5,28.5,0,14.63,14.64,7.8,16.5,72,0.99,32.0,30.9,-0.8,1.07,8,21,99,-0.749,-14.75,0,3,0.00,0.022,318.5595,4.000,0.000,0.000,0.000,0.000,0.000,0.000,1.471,16.6100,16.50,1.0341,2.0,6.40,5.300,0,0.00,0.00,131072.00,38.406,0.083,0.107,0.000,-0.023,116.300,116.000,-0.579,0.073,-7.574,0.00,0.00,72.96,0.00,
104.304,10,0.0,0.8,0.0,0.0,193,2704,2,1974,2439,107,27.7,28.0,28.0,28.0,28.0,0,14.63,14.63,7.4,15.7,72,0.99,32.0,30.5,-0.7,1.07,8,21,99,-0.712,-14.75,0,3,0.00,0.022,318.1201,6.700,0.000,0.000,0.000,0.000,0.000,0.000,1.466,16.5400,16.56,1.0332,2.0,5.60,5.500,0,0.00,0.00,131072.00,37.906,0.083,0.107,0.000,-0.023,116.400,116.000,-0.579,0.073,-7.574,0.00,0.00,72.96,0.00,
104.374,10,0.0,0.8,0.0,0.0,193,2698,2,1956,2277,107,27.7,28.0,28.0,28.0,28.0,0,14.62,14.62,7.4,15.7,72,0.99,32.0,31.1,-0.7,1.07,8,21,99,-0.701,-14.75,0,3,0.00,0.022,317.8125,10.200,0.000,0.000,0.000,0.000,0.000,0.000,1.457,16.5000,16.50,1.0324,2.0,5.60,5.500,0,0.00,0.00,131072.00,37.656,0.083,0.107,0.000,-0.023,116.100,116.000,-0.579,0.073,-7.574,0.00,0.00,72.96,0.00,
104.473,10,0.0,0.8,0.0,0.0,193,2692,2,1949,2139,107,27.7,28.0,28.0,28.0,28.0,0,14.60,14.60,7.4,16.5,72,0.99,32.0,32.1,-0.7,1.07,8,21,99,-0.696,-14.75,0,3,0.00,0.022,317.4609,14.300,0.000,0.000,0.000,0.000,0.000,0.000,1.444,16.5000,16.36,1.0316,2.0,5.60,5.500,0,0.00,0.00,131072.00,37.500,0.083,0.107,0.000,-0.023,116.100,116.000,-0.579,0.073,-7.574,0.00,0.00,72.96,0.00,
104.544,10,0.0,0.8,0.0,0.0,193,2693,2,1945,1987,107,27.0,27.5,27.5,27.5,27.5,0,14.58,14.57,7.4,15.7,72,0.99,32.0,31.2,-0.7,1.07,8,21,99,-0.687,-14.75,0,3,0.00,0.022,316.9335,17.800,0.000,0.000,0.000,0.000,0.000,0.000,1.449,16.6100,16.42,1.0309,2.0,5.30,5.100,0,0.00,0.00,131072.00,37.531,0.083,0.107,0.000,-0.023,116.000,116.000,-0.579,0.073,-7.574,0.00,0.00,72.82,0.00,
104.641,10,0.0,0.8,0.0,0.0,193,2698,2,1944,1946,107,27.0,27.5,27.5,27.5,27.5,0,14.56,14.55,7.4,15.7,72,0.99,32.0,32.0,-0.7,1.07,8,21,99,-0.683,-14.75,0,3,0.00,0.022,316.6259,18.000,0.000,0.000,0.000,0.000,0.000,0.000,1.449,16.5700,16.41,1.0309,2.0,5.20,4.800,0,0.00,0.00,131072.00,37.593,0.085,0.107,0.000,-0.021,115.800,116.000,-0.579,0.073,-7.574,0.00,0.00,72.82,0.00,
104.715,10,0.0,0.8,0.0,0.0,193,2699,2,1943,1956,107,27.7,28.0,28.0,28.0,27.5,0,14.51,14.50,7.4,16.5,72,0.99,32.0,31.2,-0.7,1.07,8,21,99,-0.724,-14.75,0,3,0.00,0.023,315.8569,18.400,0.000,0.000,0.000,0.000,0.000,0.000,1.503,17.2800,17.07,1.0309,2.0,6.50,7.300,0,0.00,0.00,131072.00,38.531,0.085,0.107,0.000,-0.021,115.900,116.000,-0.579,0.073,-7.574,0.00,0.00,72.96,0.00,
104.790,10,0.0,0.8,0.0,0.0,193,2698,2,1943,1915,107,28.5,28.5,28.5,28.5,28.5,0,14.40,14.38,7.8,16.5,72,0.99,32.0,31.9,-0.8,1.06,8,21,99,-0.758,-14.75,0,3,0.00,0.023,316.0766,17.800,0.000,0.000,0.000,0.000,0.000,0.000,1.503,17.2500,17.07,1.0309,2.0,7.40,7.100,0,0.00,0.00,131072.00,38.937,0.083,0.107,0.000,-0.023,115.900,116.000,-0.579,0.073,-7.574,0.00,0.00,72.96,0.00,
104.864,10,0.0,0.8,0.0,0.0,193,2692,2,1943,1934,107,28.5,28.5,28.5,28.5,28.5,0,14.31,14.31,7.8,16.5,72,0.99,32.0,32.3,-0.8,1.04,8,21,99,-0.769,-14.75,0,3,0.00,0.023,316.4501,18.200,0.000,0.000,0.000,0.000,0.000,0.000,1.503,17.2200,17.05,1.0309,2.0,7.60,7.300,0,0.00,0.00,131072.00,39.000,0.085,0.107,0.000,-0.021,115.800,116.000,-0.579,0.073,-7.574,0.00,0.00,72.96,0.00,
104.935,10,0.0,0.8,0.0,0.0,193,2689,2,1943,1951,107,28.5,28.5,28.5,28.5,28.5,0,14.26,14.25,7.8,16.5,72,0.99,32.0,32.3,-0.8,1.03,8,21,99,-0.764,-14.75,0,3,0.00,0.023,316.6918,18.100,0.000,0.000,0.000,0.000,0.000,0.000,1.507,17.2200,17.11,1.0309,2.0,7.60,7.500,0,0.00,0.00,131072.00,39.000,0.085,0.107,0.000,-0.021,115.900,116.000,-0.579,0.073,-7.574,0.00,0.00,72.96,0.00,
105.015,10,0.0,0.8,0.0,0.0,193,2691,2,1943,1939,107,28.5,28.5,28.5,28.5,28.5,0,14.23,14.23,7.8,16.5,72,0.99,32.0,32.8,-0.7,1.02,8,21,99,-0.744,-14.75,0,3,0.00,0.023,316.7138,17.400,0.000,0.000,0.000,0.000,0.000,0.000,1.507,17.2500,17.13,1.0309,2.0,7.70,7.600,0,0.00,0.00,131072.00,39.000,0.085,0.107,0.000,-0.021,116.000,116.000,-0.579,0.073,-7.574,0.00,0.00,72.96,0.00,
105.085,10,0.0,0.8,0.0,0.0,193,2693,2,1943,1959,107,28.5,28.5,28.5,28.5,28.5,0,14.28,14.30,7.8,16.5,72,0.99,32.0,32.6,-0.7,1.02,8,21,99,-0.753,-14.75,0,3,0.00,0.023,316.7138,17.800,0.000,0.000,0.000,0.000,0.000,0.000,1.507,17.2200,17.13,1.0309,2.0,7.80,7.600,0,0.00,0.00,131072.00,39.000,0.085,0.107,0.000,-0.021,116.000,116.000,-0.579,0.073,-7.574,0.00,0.00,72.96,0.00,
105.165,10,0.0,0.8,0.0,0.0,193,2692,2,1943,1949,107,28.5,28.5,28.5,28.5,28.5,0,14.40,14.42,7.8,16.5,72,0.99,32.0,32.7,-0.7,1.04,8,21,99,-0.719,-14.75,0,3,0.00,0.023,316.2524,17.800,0.000,0.000,0.000,0.000,0.000,0.000,1.507,17.1800,17.17,1.0309,2.0,7.90,7.800,0,0.00,0.00,131072.00,38.968,0.085,0.107,0.000,-0.021,115.900,116.000,-0.579,0.073,-7.574,0.00,0.00,72.96,0.00,
105.245,10,0.0,0.8,0.0,0.0,193,2691,2,1943,1920,107,28.5,28.5,28.5,28.5,28.5,0,14.52,14.53,7.8,16.5,72,0.99,32.0,32.2,-0.7,1.05,8,21,99,-0.724,-14.75,0,3,0.00,0.023,316.0546,17.900,0.000,0.000,0.000,0.000,0.000,0.000,1.507,17.2200,17.15,1.0309,2.0,7.90,7.600,0,0.00,0.00,131072.00,38.937,0.085,0.107,0.000,-0.021,116.000,116.000,-0.579,0.073,-7.574,0.00,0.00,72.96,0.00,
105.345,10,0.0,0.8,0.0,0.0,193,2687,2,1943,1964,107,28.5,28.5,28.5,28.5,28.5,0,14.59,14.59,7.8,16.5,72,0.99,32.0,32.6,-0.7,1.06,8,21,99,-0.696,-14.75,0,3,0.00,0.023,315.9008,18.200,0.000,0.000,0.000,0.000,0.000,0.000,1.503,17.2200,17.11,1.0309,2.0,8.00,7.600,0,0.00,0.00,131072.00,38.875,0.085,0.107,0.000,-0.021,115.900,116.000,-0.579,0.073,-7.574,0.00,0.00,72.96,0.00,
105.425,10,0.0,0.8,0.0,0.0,193,2687,2,1943,1920,107,27.7,28.0,28.0,28.0,28.0,0,14.54,14.53,7.8,16.5,72,0.99,32.0,32.4,-0.7,1.06,8,21,99,-0.703,-14.75,0,3,0.00,0.023,315.8569,17.800,0.000,0.000,0.000,0.000,0.000,0.000,1.503,17.2200,17.12,1.0309,2.0,7.80,7.600,0,0.00,0.00,131072.00,38.906,0.085,0.107,0.000,-0.021,116.000,116.000,-0.579,0.073,-7.574,0.00,0.00,72.96,0.00,
105.495,10,0.0,0.8,0.0,0.0,193,2684,2,1943,1920,107,27.7,28.0,28.0,28.0,28.0,0,14.45,14.45,7.8,16.5,72,0.99,32.0,33.0,-0.7,1.05,8,21,99,-0.719,-14.75,0,3,0.00,0.023,316.2084,17.600,0.000,0.000,0.000,0.000,0.000,0.000,1.503,17.2200,17.11,1.0309,2.0,7.80,7.600,0,0.00,0.00,131072.00,38.875,0.085,0.107,0.000,-0.021,115.900,116.000,-0.579,0.073,-7.574,0.00,0.00,72.96,0.00,
105.565,10,0.0,0.8,0.0,0.0,193,2682,2,1943,1958,107,27.7,28.0,28.0,28.0,28.0,0,14.37,14.36,7.8,16.5,72,0.99,32.0,33.0,-0.7,1.03,8,21,99,-0.708,-14.75,0,3,0.00,0.022,316.9335,17.900,0.000,0.000,0.000,0.000,0.000,0.000,1.457,16.5700,16.56,1.0309,2.0,7.00,5.600,0,0.00,0.00,131072.00,38.187,0.085,0.107,0.000,-0.021,115.900,116.000,-0.579,0.073,-7.574,0.00,0.00,72.96,0.00,
105.634,10,0.0,0.8,0.0,0.0,193,2679,2,1943,1915,107,27.0,27.5,27.5,27.5,27.5,0,14.35,14.35,7.4,15.7,72,0.99,32.0,32.3,-0.6,1.02,8,21,99,-0.676,-14.75,0,3,0.00,0.022,317.0214,17.400,0.000,0.000,0.000,0.000,0.000,0.000,1.449,16.6400,16.56,1.0308,2.0,5.80,5.500,0,0.00,0.00,131072.00,37.687,0.085,0.107,0.000,-0.021,116.200,116.000,-0.579,0.073,-7.574,0.00,0.00,72.82,0.00,
105.704,10,0.0,0.8,0.0,0.0,193,2676,2,1943,1956,107,27.0,27.5,27.5,27.5,27.5,0,14.36,14.37,7.4,16.5,72,0.99,32.0,32.2,-0.6,1.02,8,21,99,-0.672,-14.75,0,3,0.00,0.022,317.1313,17.800,0.000,0.000,0.000,0.000,0.000,0.000,1.449,16.6100,16.53,1.0308,2.0,5.80,5.600,0,0.00,0.00,131072.00,37.468,0.085,0.107,0.000,-0.021,115.800,116.000,-0.579,0.073,-7.574,0.00,0.00,72.82,0.00,
105.785,10,0.0,0.8,0.0,0.0,193,2679,2,1943,1929,107,27.0,27.5,27.5,27.5,27.5,0,14.44,14.44,7.4,16.5,72,0.99,32.0,31.3,-0.6,1.03,8,21,99,-0.672,-14.75,0,3,0.00,0.022,317.0214,18.000,0.000,0.000,0.000,0.000,0.000,0.000,1.449,16.6100,16.55,1.0307,2.0,5.90,5.600,0,0.00,0.00,131072.00,37.437,0.085,0.107,0.000,-0.021,115.700,116.000,-0.579,0.073,-7.574,0.00,0.00,72.82,0.00,
105.870,10,0.0,0.8,0.0,0.0,193,2684,2,1943,1923,107,27.0,27.5,27.5,27.5,27.5,0,14.56,14.58,7.4,15.7,72,0.99,32.0,31.8,-0.6,1.05,8,21,99,-0.701,-14.75,0,3,0.00,0.022,316.9995,17.600,0.000,0.000,0.000,0.000,0.000,0.000,1.412,16.1600,15.91,1.0307,2.0,4.40,3.300,0,0.00,0.00,131072.00,36.812,0.085,0.107,0.000,-0.021,115.900,116.000,-0.579,0.073,-7.574,0.00,0.00,72.96,0.00,
105.945,9,0.0,0.8,0.0,0.0,193,2682,2,1943,1923,107,27.0,27.0,26.5,26.5,26.5,0,14.66,14.67,7.0,15.0,72,0.99,32.0,29.3,-0.8,1.06,7,21,99,-0.749,-14.75,0,3,0.00,0.022,317.4389,17.400,0.000,0.000,0.000,0.000,0.000,0.000,1.389,15.8600,15.53,1.0299,2.0,2.40,2.000,0,0.00,0.00,131072.00,36.093,0.085,0.107,0.000,-0.021,116.400,116.700,-0.579,0.073,-7.574,0.00,0.00,72.96,0.00,
106.016,9,0.0,0.8,0.0,0.0,193,2674,2,1943,1954,107,26.2,26.5,26.5,26.5,26.5,0,14.67,14.67,7.0,15.0,72,0.99,32.0,29.3,-0.8,1.06,7,21,99,-0.753,-14.75,0,3,0.00,0.022,317.3950,18.000,0.000,0.000,0.000,0.000,0.000,0.000,1.389,15.7600,15.60,1.0290,2.0,2.40,2.300,0,0.00,0.00,131072.00,35.750,0.085,0.107,0.000,-0.021,116.600,116.700,-0.579,0.073,-7.574,0.00,0.00,72.96,0.00,
106.085,9,0.0,0.8,0.0,0.0,193,2671,2,1943,1918,107,25.5,26.0,26.0,26.5,26.5,0,14.62,14.62,6.6,15.0,72,0.99,28.0,29.1,-0.8,1.06,7,21,99,-0.737,-14.75,0,3,0.00,0.022,317.6367,17.500,0.000,0.000,0.000,0.000,0.000,0.000,1.363,15.4500,15.35,1.0283,2.0,2.00,1.300,0,0.00,0.00,131072.00,35.156,0.085,0.107,0.000,-0.021,116.800,116.700,-0.579,0.073,-7.574,0.00,0.00,72.96,0.00,
106.155,9,0.0,0.8,0.0,0.0,193,2669,2,1943,1953,107,25.5,26.0,26.0,26.0,26.0,0,14.57,14.57,7.0,15.0,72,0.99,28.0,29.1,-0.8,1.06,7,21,99,-0.733,-14.75,0,3,0.00,0.022,317.6586,17.700,0.000,0.000,0.000,0.000,0.000,0.000,1.363,15.4500,15.42,1.0281,2.0,1.80,1.700,0,0.00,0.00,131072.00,34.812,0.085,0.107,0.000,-0.021,116.600,116.700,-0.579,0.073,-7.574,0.00,0.00,72.96,0.00,
106.246,9,0.0,0.8,0.0,0.0,193,2669,2,1943,1953,107,26.2,26.5,26.5,26.5,26.5,0,14.49,14.49,7.0,15.0,72,0.99,28.0,28.9,-0.8,1.05,7,21,99,-0.719,-14.75,0,3,0.00,0.022,317.7246,17.500,0.000,0.000,0.000,0.000,0.000,0.000,1.349,15.4500,15.27,1.0280,2.0,1.90,1.500,0,0.00,0.00,131072.00,34.687,0.085,0.107,0.000,-0.021,116.700,116.700,-0.579,0.073,-7.574,0.00,0.00,72.96,0.00,
106.337,9,0.0,0.8,0.0,0.0,193,2670,2,1943,1953,107,25.5,26.0,26.0,26.0,26.0,0,14.44,14.44,6.6,15.0,72,0.99,28.0,28.7,-0.7,1.04,7,21,99,-0.717,-14.75,0,3,0.00,0.022,317.7905,17.600,0.000,0.000,0.000,0.000,0.000,0.000,1.349,15.4200,15.28,1.0280,2.0,1.50,1.200,0,0.00,0.00,131072.00,34.656,0.087,0.107,0.000,-0.019,116.800,116.700,-0.579,0.073,-7.574,0.00,0.00,72.96,0.00,
106.426,10,0.0,0.8,0.0,0.0,193,2666,2,1943,1953,107,26.2,26.5,26.0,26.5,26.0,0,14.40,14.40,6.6,15.7,72,0.99,32.0,29.4,-0.7,1.04,7,21,99,-0.737,-14.75,0,3,0.00,0.022,317.4389,18.000,0.000,0.000,0.000,0.000,0.000,0.000,1.412,16.8800,16.18,1.0280,2.0,3.50,4.000,0,0.00,0.00,131072.00,35.906,0.085,0.107,0.000,-0.021,116.800,116.500,-0.579,0.073,-7.574,0.00,0.00,72.96,0.00,
106.499,11,0.0,0.8,0.0,0.0,193,2663,2,1943,1938,107,27.7,28.0,28.0,27.5,28.0,0,14.40,14.40,7.4,16.5,72,0.99,32.0,30.6,-0.8,1.04,8,21,99,-0.785,-14.75,0,3,0.00,0.023,316.3623,18.000,0.000,0.000,0.000,0.000,0.000,0.000,1.525,17.9600,17.83,1.0280,2.0,7.70,9.600,0,0.00,0.00,131072.00,38.281,0.087,0.107,0.000,-0.019,116.500,115.600,-0.579,0.073,-7.574,0.00,0.00,72.96,0.00,
106.586,11,0.0,0.8,0.0,0.0,193,2670,2,1943,1926,107,28.5,29.0,29.0,29.0,29.0,0,14.45,14.47,7.8,18.0,72,0.99,36.0,33.8,-0.8,1.04,8,21,99,-0.785,-14.75,0,3,0.00,0.000,315.1538,18.200,0.000,0.000,0.000,0.000,0.000,0.000,1.561,17.9600,18.05,1.0288,2.0,11.00,11.000,0,0.00,0.00,131072.00,39.843,0.085,0.107,0.000,-0.021,115.700,114.700,-0.579,0.073,-7.574,0.00,0.00,72.96,0.00,
106.666,11,0.0,0.8,0.0,0.0,193,2674,2,1943,1944,107,28.5,29.0,29.5,29.0,29.0,0,14.50,14.51,8.2,17.2,72,0.99,36.0,33.6,-0.8,1.05,8,21,99,-0.862,-14.75,0,3,0.00,0.000,315.4394,18.400,0.000,0.000,0.000,0.000,0.000,0.000,1.584,18.0400,17.83,1.0296,2.0,10.20,10.200,0,0.00,0.00,131072.00,40.375,0.085,0.107,0.000,-0.021,114.600,114.400,-0.579,0.073,-7.574,0.00,0.00,73.11,0.00,
106.745,11,0.0,0.8,0.0,0.0,193,2673,2,1956,1972,107,28.5,29.0,29.0,29.0,29.0,0,14.44,14.42,7.8,17.2,72,0.99,36.0,31.9,-1.0,1.04,7,21,99,-1.018,-14.75,0,3,0.00,0.000,315.7690,18.500,0.000,0.000,0.000,0.000,0.000,0.000,1.561,17.5200,17.22,1.0296,2.0,9.70,9.500,0,0.00,0.00,131072.00,40.156,0.085,0.107,0.000,-0.021,114.100,114.300,-0.579,0.073,-7.574,0.00,0.00,73.25,0.00,
106.825,9,0.0,0.8,0.0,0.0,193,2661,2,1952,1961,107,27.0,27.5,28.5,27.5,28.5,0,14.35,14.35,7.8,16.5,72,0.99,32.0,31.0,-1.2,1.02,7,21,99,-1.064,-14.75,0,3,0.00,0.000,317.6367,17.500,0.000,0.000,0.000,0.000,0.000,0.000,1.430,15.7900,15.56,1.0296,2.0,5.80,3.800,0,0.00,0.00,131072.00,37.468,0.085,0.107,0.000,-0.021,114.600,115.800,-0.579,0.073,-7.574,0.00,0.00,73.25,0.00,
106.955,9,0.0,0.8,0.0,0.0,193,2647,2,1947,1941,107,26.2,26.5,26.5,26.5,26.5,0,14.37,14.37,7.0,15.0,72,0.99,28.0,27.7,-1.2,1.01,6,21,99,-1.204,-14.75,0,3,0.00,-0.001,318.2519,17.300,0.000,0.000,0.000,0.000,0.000,0.000,1.408,15.4900,15.30,1.0285,2.0,1.50,1.500,0,0.00,0.00,131072.00,34.968,0.085,0.107,0.000,-0.021,115.800,116.000,-0.579,0.073,-7.574,0.00,0.00,73.40,0.00,
107.050,9,0.0,0.8,0.0,0.0,193,2635,2,1944,1938,107,25.5,26.0,26.0,26.0,26.0,0,14.51,14.52,7.0,15.0,72,0.99,28.0,29.1,-1.4,1.03,6,21,99,-1.281,-14.75,0,3,0.00,-0.001,318.2519,17.100,0.000,0.000,0.000,0.000,0.000,0.000,1.408,15.4900,15.18,1.0279,2.0,1.50,1.200,0,0.00,0.00,131072.00,34.500,0.085,0.107,0.000,-0.021,115.900,116.000,-0.579,0.073,-7.574,0.00,0.00,73.54,0.00,
107.134,9,0.0,0.8,0.0,0.0,193,2641,2,1943,1936,107,25.5,26.0,26.0,26.0,26.0,0,14.84,14.85,6.6,15.0,72,0.99,28.0,26.1,-1.5,1.06,6,21,99,-1.317,-14.75,0,3,0.00,-0.001,317.8344,17.300,0.000,0.000,0.000,0.000,0.000,0.000,1.412,15.5200,15.20,1.0278,2.0,1.20,1.100,0,0.00,0.00,131072.00,34.437,0.085,0.107,0.000,-0.021,115.900,116.000,-0.579,0.073,-7.574,0.00,0.00,73.54,0.00,
107.205,9,0.0,0.8,0.0,0.0,193,2647,2,1943,1933,107,25.5,26.0,26.0,26.0,26.0,0,14.94,14.94,6.6,15.0,72,0.99,28.0,28.0,-1.5,1.07,6,21,99,-1.372,-14.75,0,3,0.00,-0.001,317.7026,17.100,0.000,0.000,0.000,0.000,0.000,0.000,1.421,15.4900,15.23,1.0278,2.0,1.60,1.300,0,0.00,0.00,131072.00,34.468,0.085,0.107,0.000,-0.021,115.900,116.000,-0.579,0.073,-7.574,0.00,0.00,73.54,0.00,
107.275,9,0.0,0.8,0.0,0.0,193,2651,2,1943,1948,107,25.5,26.0,26.0,26.0,26.0,0,14.90,14.88,6.6,15.0,72,0.99,28.0,27.2,-1.5,1.07,6,21,99,-1.388,-14.75,0,3,0.00,-0.001,317.5708,17.700,0.000,0.000,0.000,0.000,0.000,0.000,1.421,15.5200,15.25,1.0278,2.0,1.40,1.200,0,0.00,0.00,131072.00,34.531,0.085,0.107,0.000,-0.021,115.900,116.000,-0.579,0.073,-7.574,0.00,0.00,73.54,0.00,
107.345,9,0.0,0.8,0.0,0.0,193,2655,2,1943,1908,107,25.5,26.0,26.0,26.0,26.0,0,14.78,14.72,7.0,15.0,72,0.99,28.0,27.6,-1.5,1.07,6,20,99,-1.367,-14.75,0,3,0.00,-0.001,317.5268,17.300,0.000,0.000,0.000,0.000,0.000,0.000,1.434,15.4900,15.42,1.0278,2.0,1.70,1.700,0,0.00,0.00,131072.00,34.593,0.085,0.107,0.000,-0.021,115.700,116.000,-0.579,0.073,-7.574,0.00,0.00,73.54,0.00,
107.425,9,0.0,0.8,0.0,0.0,193,2651,2,1943,1953,107,26.2,26.5,26.0,26.5,26.5,0,14.56,14.55,7.0,15.0,72,0.99,28.0,28.0,-1.5,1.06,6,20,99,-1.367,-14.75,0,3,0.00,-0.001,317.5708,17.700,0.000,0.000,0.000,0.000,0.000,0.000,1.412,15.4500,15.20,1.0278,2.0,2.20,2.000,0,0.00,0.00,131072.00,34.531,0.085,0.107,0.000,-0.021,116.000,116.000,-0.579,0.073,-7.574,0.00,0.00,73.54,0.00,
107.508,9,0.0,0.8,0.0,0.0,193,2637,2,1943,1938,107,25.5,26.0,26.0,26.0,26.0,0,14.47,14.45,6.6,15.0,72,0.99,28.0,28.0,-1.4,1.05,6,20,99,-1.335,-14.75,0,3,0.00,-0.001,317.8125,17.800,0.000,0.000,0.000,0.000,0.000,0.000,1.421,15.4900,15.46,1.0278,2.0,1.90,2.000,0,0.00,0.00,131072.00,34.437,0.085,0.107,0.000,-0.021,115.900,116.000,-0.579,0.073,-7.574,0.00,0.00,73.54,0.00,
107.595,9,0.0,0.8,0.0,0.0,194,2629,2,1943,1943,107,25.5,26.0,26.0,26.0,26.0,0,14.36,14.36,7.0,15.0,72,0.99,28.0,28.4,-1.4,1.04,6,20,99,-1.326,-14.75,0,3,0.00,-0.001,317.8784,17.500,0.000,0.000,0.000,0.000,0.000,0.000,1.434,15.7900,15.67,1.0278,2.0,2.50,2.700,0,0.00,0.00,131072.00,34.656,0.085,0.107,0.000,-0.021,115.800,116.000,-0.579,0.073,-7.574,0.00,0.00,73.54,0.00,
107.664,10,0.0,0.8,0.0,0.0,193,2629,2,1943,1928,107,27.0,27.0,27.0,26.5,26.5,0,14.36,14.36,7.0,15.7,72,0.99,32.0,28.9,-1.4,1.04,6,20,99,-1.342,-14.75,0,3,0.00,-0.001,317.3950,17.300,0.000,0.000,0.000,0.000,0.000,0.000,1.552,17.3200,17.26,1.0278,2.0,4.50,6.700,0,0.00,0.00,131072.00,36.375,0.085,0.107,0.000,-0.021,116.000,115.200,-0.579,0.073,-7.574,0.00,0.00,73.54,0.00,
107.734,10,0.0,0.8,0.0,0.0,193,2633,2,1943,1971,107,27.7,28.0,28.0,28.0,28.0,0,14.40,14.40,7.8,16.5,72,0.99,32.0,30.5,-1.5,1.04,7,20,99,-1.358,-14.75,0,3,0.00,-0.001,316.5820,17.900,0.000,0.000,0.000,0.000,0.000,0.000,1.565,17.4900,17.32,1.0279,2.0,8.30,8.200,0,0.00,0.00,131072.00,37.843,0.085,0.107,0.000,-0.021,115.200,114.500,-0.579,0.073,-7.574,0.00,0.00,73.54,0.00,
107.815,10,0.0,0.8,0.0,0.0,194,2639,2,1943,1933,107,27.7,28.0,28.0,28.0,28.0,0,14.45,14.46,7.8,17.2,72,0.99,32.0,31.9,-1.4,1.04,7,20,99,-1.358,-14.75,0,3,0.00,-0.001,316.2744,17.600,0.000,0.000,0.000,0.000,0.000,0.000,1.574,17.4500,17.17,1.0283,2.0,8.30,8.000,0,0.00,0.00,131072.00,38.562,0.085,0.107,0.000,-0.021,114.600,114.400,-0.579,0.073,-7.574,0.00,0.00,73.54,0.00,
107.897,10,0.0,0.8,0.0,0.0,193,2637,2,1943,1928,107,27.7,28.0,28.0,28.0,28.0,0,14.50,14.50,7.8,16.5,72,0.99,32.0,33.2,-1.4,1.04,7,20,99,-1.331,-14.75,0,3,0.00,-0.001,316.2304,17.600,0.000,0.000,0.000,0.000,0.000,0.000,1.584,17.5500,17.41,1.0283,2.0,8.30,8.200,0,0.00,0.00,131072.00,38.781,0.085,0.107,0.000,-0.021,114.500,114.400,-0.579,0.073,-7.574,0.00,0.00,73.54,0.00,
107.964,10,0.0,0.7,0.0,0.0,193,2628,2,1943,1949,107,27.7,28.0,28.0,28.0,28.0,0,14.45,14.45,7.8,16.5,72,0.99,32.0,32.7,-1.3,1.03,7,20,99,-1.326,-14.75,0,3,0.00,-0.001,316.4062,18.100,0.000,0.000,0.000,0.000,0.000,0.000,1.574,17.5500,17.33,1.0283,2.0,8.50,8.200,0,0.00,0.00,131072.00,38.812,0.087,0.107,0.000,-0.019,114.300,114.400,-0.579,0.073,-7.574,0.00,0.00,73.54,0.00,
108.045,10,0.0,0.8,0.0,0.0,193,2621,2,1943,1931,107,27.7,28.0,28.0,28.0,28.0,0,14.44,14.44,7.8,17.2,72,0.99,32.0,32.6,-1.3,1.03,7,20,99,-1.310,-14.75,0,3,0.00,-0.001,316.4282,17.900,0.000,0.000,0.000,0.000,0.000,0.000,1.574,17.5200,17.40,1.0283,2.0,8.90,8.800,0,0.00,0.00,131072.00,38.718,0.085,0.107,0.000,-0.021,114.200,114.400,-0.579,0.073,-7.574,0.00,0.00,73.54,0.00,
108.125,10,0.0,0.8,0.0,0.0,193,2620,2,1943,1931,107,27.7,28.0,28.0,28.0,28.0,0,14.48,14.48,7.8,17.2,72,0.99,32.0,32.6,-1.3,1.03,7,20,99,-1.306,-14.75,0,3,0.00,-0.001,316.3403,17.600,0.000,0.000,0.000,0.000,0.000,0.000,1.574,17.5200,17.40,1.0283,2.0,9.00,8.800,0,0.00,0.00,131072.00,38.656,0.085,0.107,0.000,-0.021,114.000,114.400,-0.579,0.073,-7.574,0.00,0.00,73.54,0.00,
108.205,10,0.0,0.7,0.0,0.0,194,2621,2,1943,1948,107,27.7,28.0,28.0,28.0,28.0,0,14.54,14.54,7.8,17.2,72,0.99,32.0,33.1,-1.3,1.04,7,20,99,-1.317,-14.75,0,3,0.00,-0.001,316.2744,17.600,0.000,0.000,0.000,0.000,0.000,0.000,1.584,17.5200,17.47,1.0283,2.0,9.20,9.000,0,0.00,0.00,131072.00,38.625,0.087,0.107,0.000,-0.019,114.400,114.400,-0.579,0.073,-7.574,0.00,0.00,73.54,0.00,
108.275,10,0.0,0.8,0.0,0.0,193,2622,2,1943,1949,107,27.7,28.0,28.0,28.0,28.0,0,14.60,14.60,7.8,17.2,72,0.99,32.0,32.4,-1.3,1.04,7,20,99,-1.317,-14.75,0,3,0.00,-0.001,316.1206,18.100,0.000,0.000,0.000,0.000,0.000,0.000,1.584,17.5200,17.45,1.0283,2.0,9.10,9.000,0,0.00,0.00,131072.00,38.656,0.085,0.107,0.000,-0.021,114.100,114.400,-0.579,0.073,-7.574,0.00,0.00,73.54,0.00,
108.391,10,0.0,0.8,0.0,0.0,193,2623,2,1943,1925,107,27.7,28.0,28.0,28.0,28.0,0,14.64,14.64,7.8,17.2,72,0.99,32.0,32.9,-1.3,1.05,7,20,99,-1.317,-14.75,0,3,0.00,-0.001,315.9667,18.000,0.000,0.000,0.000,0.000,0.000,0.000,1.584,17.1500,17.45,1.0283,2.0,9.10,8.500,0,0.00,0.00,131072.00,38.531,0.085,0.107,0.000,-0.021,114.400,114.600,-0.579,0.073,-7.574,0.00,0.00,73.54,0.00,
108.475,10,0.0,0.8,0.0,0.0,194,2623,2,1943,1959,107,27.0,27.0,27.5,27.0,27.0,0,14.60,14.59,7.4,16.5,72,0.99,32.0,31.0,-1.4,1.05,6,20,99,-1.351,-14.75,0,3,0.00,-0.001,316.9775,17.700,0.000,0.000,0.000,0.000,0.000,0.000,1.529,16.8800,16.60,1.0283,2.0,6.50,6.200,0,0.00,0.00,131072.00,37.593,0.085,0.107,0.000,-0.021,115.000,115.200,-0.579,0.073,-7.574,0.00,0.00,73.54,0.00,
108.565,10,0.0,0.8,0.0,0.0,194,2623,2,1943,1966,107,27.0,27.0,27.0,27.0,27.0,0,14.54,14.53,7.4,16.5,72,0.99,32.0,30.9,-1.4,1.04,6,20,99,-1.233,-14.75,0,3,0.00,-0.001,317.0874,17.600,0.000,0.000,0.000,0.000,0.000,0.000,1.529,16.8800,16.57,1.0283,2.0,6.20,6.000,0,0.00,0.00,131072.00,37.312,0.085,0.107,0.000,-0.021,115.000,115.200,-0.579,0.073,-7.574,0.00,0.00,73.40,0.00,
108.645,10,0.0,0.8,0.0,0.0,194,2625,2,1943,1944,107,27.0,27.5,27.5,27.0,27.0,0,14.54,14.56,7.4,16.5,72,0.99,32.0,29.5,-1.5,1.04,6,20,99,-1.193,-14.75,0,3,0.00,-0.001,317.0214,17.700,0.000,0.000,0.000,0.000,0.000,0.000,1.529,16.8800,16.56,1.0283,2.0,6.10,5.700,0,0.00,0.00,131072.00,37.250,0.085,0.107,0.000,-0.021,115.300,115.200,-0.579,0.073,-7.574,0.00,0.00,73.40,0.00,
108.717,10,0.0,0.8,0.0,0.0,193,2626,2,1943,1916,107,27.0,27.5,27.5,27.5,27.5,0,14.59,14.64,7.4,15.7,72,0.99,32.0,30.0,-1.5,1.05,6,20,99,-1.258,-14.75,0,3,0.00,-0.001,317.2851,17.200,0.000,0.000,0.000,0.000,0.000,0.000,1.494,16.1000,16.20,1.0283,2.0,5.30,4.500,0,0.00,0.00,131072.00,36.375,0.085,0.107,0.000,-0.021,115.300,115.900,-0.579,0.073,-7.574,0.00,0.00,73.40,0.00,
108.795,9,0.0,0.8,0.0,0.0,193,2626,2,1943,1959,107,26.2,26.5,27.0,26.5,26.5,0,14.84,14.85,7.0,15.7,72,0.99,32.0,29.5,-1.4,1.07,6,20,99,-1.315,-14.75,0,3,0.00,-0.001,317.3291,17.400,0.000,0.000,0.000,0.000,0.000,0.000,1.466,15.8300,15.98,1.0281,2.0,3.70,3.700,0,0.00,0.00,131072.00,35.468,0.085,0.107,0.000,-0.021,115.800,116.000,-0.579,0.073,-7.574,0.00,0.00,73.54,0.00,
108.875,9,0.0,0.8,0.0,0.0,194,2621,2,1943,1941,107,26.2,26.5,26.5,26.5,26.5,0,14.91,14.91,7.0,15.7,72,0.99,32.0,28.2,-1.5,1.08,6,20,99,-1.372,-14.75,0,3,0.00,-0.001,317.1752,17.600,0.000,0.000,0.000,0.000,0.000,0.000,1.457,15.8300,15.88,1.0280,2.0,4.00,3.700,0,0.00,0.00,131072.00,35.093,0.085,0.107,0.000,-0.021,116.000,116.000,-0.579,0.073,-7.574,0.00,0.00,73.54,0.00,
108.945,9,0.0,0.8,0.0,0.0,193,2617,2,1943,1915,107,25.5,26.0,26.0,26.5,26.5,0,14.87,14.87,7.0,15.7,72,0.99,28.0,28.4,-1.5,1.08,6,20,99,-1.399,-14.75,0,3,0.00,-0.001,317.2412,17.200,0.000,0.000,0.000,0.000,0.000,0.000,1.434,15.8600,15.53,1.0280,2.0,3.70,3.300,0,0.00,0.00,131072.00,34.968,0.085,0.107,0.000,-0.021,116.100,116.000,-0.579,0.073,-7.574,0.00,0.00,73.54,0.00,
109.083,9,0.0,0.8,0.0,0.0,193,2613,2,1943,1954,107,25.5,26.0,26.0,26.0,26.0,0,14.69,14.67,7.0,15.7,72,0.99,28.0,28.4,-1.6,1.07,6,20,99,-1.428,-14.75,0,3,0.00,-0.001,317.3950,17.600,0.000,0.000,0.000,0.000,0.000,0.000,1.449,15.8600,15.73,1.0280,2.0,3.40,3.300,0,0.00,0.00,131072.00,34.906,0.085,0.107,0.000,-0.021,116.000,116.000,-0.579,0.073,-7.574,0.00,0.00,73.69,0.00,
109.230,9,0.0,0.8,0.0,0.0,193,2607,2,1943,1956,107,25.5,26.0,26.0,26.0,26.0,0,14.29,14.27,7.0,15.7,72,0.99,28.0,28.5,-1.6,1.03,6,20,99,-1.428,-14.75,0,3,0.00,-0.001,317.8125,16.900,0.000,0.000,0.000,0.000,0.000,0.000,1.449,15.8900,15.75,1.0280,2.0,3.40,3.300,0,0.00,0.00,131072.00,34.843,0.085,0.107,0.000,-0.021,116.000,116.000,-0.579,0.073,-7.574,0.00,0.00,73.69,0.00,
109.306,9,0.0,0.8,0.0,0.0,194,2604,2,1943,1936,107,25.5,26.0,26.0,26.0,26.0,0,14.17,14.18,7.0,15.7,72,0.99,28.0,29.2,-1.5,1.01,6,20,99,-1.444,-14.75,0,3,0.00,-0.001,318.1640,16.600,0.000,0.000,0.000,0.000,0.000,0.000,1.449,15.9300,15.78,1.0280,2.0,3.40,3.300,0,0.00,0.00,131072.00,34.875,0.085,0.107,0.000,-0.021,116.100,116.000,-0.579,0.073,-7.574,0.00,0.00,73.69,0.00,
109.432,9,0.0,0.8,0.0,0.0,193,2603,2,1943,1949,107,25.5,26.0,26.0,26.0,26.0,0,14.27,14.30,7.0,15.7,72,0.99,28.0,29.4,-1.5,1.01,6,20,99,-1.440,-14.75,0,3,0.00,-0.001,318.1420,17.100,0.000,0.000,0.000,0.000,0.000,0.000,1.449,15.9600,15.78,1.0280,2.0,3.50,3.300,0,0.00,0.00,131072.00,34.906,0.085,0.107,0.000,-0.021,116.100,116.000,-0.579,0.073,-7.574,0.00,0.00,73.69,0.00,
109.514,9,0.0,0.8,0.0,0.0,194,2602,2,1943,1938,107,25.5,26.0,26.0,26.0,26.0,0,14.52,14.53,7.0,15.7,72,0.99,28.0,28.8,-1.5,1.04,6,20,99,-1.444,-14.75,0,3,0.00,-0.001,317.8564,17.400,0.000,0.000,0.000,0.000,0.000,0.000,1.449,16.3000,15.80,1.0280,2.0,3.40,3.300,0,0.00,0.00,131072.00,35.093,0.085,0.107,0.000,-0.021,116.000,116.000,-0.579,0.073,-7.574,0.00,0.00,73.69,0.00,
109.637,10,0.0,0.8,0.0,0.0,194,2598,2,1943,1923,107,26.2,26.5,26.5,26.5,26.5,0,14.61,14.63,7.4,15.7,72,0.99,32.0,29.2,-1.5,1.04,6,20,99,-1.465,-14.75,0,3,0.00,-0.001,317.4169,17.300,0.000,0.000,0.000,0.000,0.000,0.000,1.480,16.4000,16.22,1.0280,2.0,4.90,4.600,0,0.00,0.00,131072.00,35.593,0.085,0.107,0.000,-0.021,116.000,116.000,-0.579,0.073,-7.574,0.00,0.00,73.69,0.00,
109.724,10,0.0,0.8,0.0,0.0,193,2595,2,1943,1963,107,26.2,26.5,26.5,26.5,26.5,0,14.71,14.71,7.4,15.7,72,0.99,32.0,30.5,-1.5,1.05,6,20,99,-1.440,-14.75,0,3,0.00,-0.001,317.3950,17.400,0.000,0.000,0.000,0.000,0.000,0.000,1.480,16.4000,16.23,1.0280,2.0,4.80,4.600,0,0.00,0.00,131072.00,35.781,0.085,0.107,0.000,-0.021,116.100,116.000,-0.579,0.073,-7.574,0.00,0.00,73.69,0.00,
109.794,10,0.0,0.7,0.0,0.0,193,2592,2,1943,1966,107,26.2,26.5,26.5,26.5,26.5,0,14.64,14.62,7.4,15.7,72,0.99,32.0,30.8,-1.5,1.05,6,20,99,-1.440,-14.75,0,3,0.00,-0.001,317.3950,17.500,0.000,0.000,0.000,0.000,0.000,0.000,1.480,16.4000,16.25,1.0280,2.0,4.80,4.600,0,0.00,0.00,131072.00,35.781,0.087,0.107,0.000,-0.019,115.800,116.000,-0.579,0.073,-7.574,0.00,0.00,73.69,0.00,
109.895,10,0.0,0.8,0.0,0.0,193,2592,2,1943,1921,107,26.2,26.5,26.5,26.5,26.5,0,14.56,14.54,7.4,15.7,72,0.99,32.0,30.2,-1.4,1.04,6,20,99,-1.412,-14.75,0,3,0.00,-0.001,317.5268,17.400,0.000,0.000,0.000,0.000,0.000,0.000,1.480,16.1300,16.27,1.0280,2.0,4.80,4.600,0,0.00,0.00,131072.00,35.687,0.085,0.107,0.000,-0.021,116.000,115.800,-0.579,0.073,-7.574,0.00,0.00,73.54,0.00,
109.985,9,0.0,0.8,0.0,0.0,193,2590,2,1943,1934,107,26.2,26.5,26.5,26.5,26.5,0,14.51,14.51,7.0,15.7,72,0.99,28.0,30.6,-1.4,1.03,6,20,99,-1.297,-14.75,0,3,0.00,-0.001,317.8125,17.300,0.000,0.000,0.000,0.000,0.000,0.000,1.434,15.9600,15.75,1.0280,2.0,4.00,4.000,0,0.00,0.00,131072.00,35.093,0.085,0.107,0.000,-0.021,115.900,116.000,-0.579,0.073,-7.574,0.00,0.00,73.54,0.00,
110.065,9,0.0,0.8,0.0,0.0,193,2590,2,1943,1929,107,25.5,26.0,26.0,26.0,26.0,0,14.52,14.53,7.0,15.7,72,0.99,28.0,29.2,-1.3,1.03,6,20,99,-1.168,-14.75,0,3,0.00,-0.001,317.7685,17.000,0.000,0.000,0.000,0.000,0.000,0.000,1.444,15.9600,15.95,1.0278,2.0,3.70,3.600,0,0.00,0.00,131072.00,34.875,0.085,0.107,0.000,-0.021,115.900,116.000,-0.579,0.073,-7.574,0.00,0.00,73.40,0.00,
110.135,9,0.0,0.8,0.0,0.0,193,2587,2,1943,1934,107,25.5,26.0,26.0,26.0,26.0,0,14.55,14.56,7.0,15.7,72,0.99,28.0,28.8,-1.3,1.03,6,20,99,-1.249,-14.75,0,3,0.00,-0.001,317.7905,17.300,0.000,0.000,0.000,0.000,0.000,0.000,1.444,15.9600,15.93,1.0278,2.0,3.90,3.700,0,0.00,0.00,131072.00,34.781,0.085,0.107,0.000,-0.021,115.700,116.000,-0.579,0.073,-7.574,0.00,0.00,73.40,0.00,
110.205,9,0.0,0.8,0.0,0.0,193,2588,2,1943,1941,107,25.5,26.0,26.0,26.0,26.0,0,14.59,14.61,7.0,15.0,72,0.99,28.0,29.2,-1.3,1.04,6,20,99,-1.306,-14.75,0,3,0.00,-0.001,318.0322,16.900,0.000,0.000,0.000,0.000,0.000,0.000,1.385,15.3500,15.11,1.0278,2.0,3.10,2.000,0,0.00,0.00,131072.00,34.156,0.085,0.107,0.000,-0.021,115.800,116.000,-0.579,0.073,-7.574,0.00,0.00,73.54,0.00,
110.285,8,0.0,0.8,0.0,0.0,193,2588,2,1943,1931,107,25.5,25.5,25.5,25.5,25.5,0,14.76,14.77,6.6,14.2,72,0.99,28.0,27.7,-1.4,1.05,6,20,99,-1.326,-14.75,0,3,0.00,-0.001,318.3837,16.800,0.000,0.000,0.000,0.000,0.000,0.000,1.363,14.9800,14.81,1.0272,2.0,0.30,0.000,0,0.00,0.00,131072.00,33.125,0.085,0.107,0.000,-0.021,116.100,116.700,-0.579,0.073,-7.574,0.00,0.00,73.54,0.00,
110.366,8,0.0,0.8,0.0,0.0,193,2587,2,1943,1954,107,24.7,24.9,26.0,24.5,24.5,0,14.77,14.77,6.6,14.2,72,0.99,28.0,27.6,-1.4,1.06,6,20,99,-1.350,-14.75,0,3,0.00,0.000,318.5595,17.100,0.000,0.000,0.000,0.000,0.000,0.000,1.328,14.9800,14.47,1.0268,2.0,-0.20,-0.300,0,0.00,0.00,131072.00,32.718,0.085,0.107,0.000,-0.021,116.700,116.700,-0.579,0.073,-7.574,0.00,0.00,73.55,0.00,
110.508,8,0.0,0.8,0.0,0.0,193,2587,2,1943,1941,107,27.0,27.0,24.7,27.0,27.0,0,14.73,14.73,6.6,14.2,72,0.99,28.0,27.4,-1.3,1.06,6,20,99,-1.196,-14.75,0,3,0.00,0.000,318.5156,17.200,0.000,0.000,0.000,0.000,0.000,0.000,1.328,14.9800,14.86,1.0257,2.0,-0.40,-0.100,0,0.00,0.00,131072.00,32.593,0.085,0.107,0.000,-0.021,116.900,116.700,-0.579,0.073,-7.574,0.00,0.00,73.40,0.00,
110.575,8,0.0,0.8,0.0,0.0,193,2583,2,1943,1948,107,26.2,26.5,24.5,26.5,24.2,0,14.62,14.61,6.6,14.2,72,0.99,28.0,28.6,-1.1,1.05,6,20,99,-1.064,-14.75,0,3,0.00,0.000,318.6254,16.900,0.000,0.000,0.000,0.000,0.000,0.000,1.307,14.9800,14.80,1.0257,2.0,-0.30,-0.300,0,0.00,0.00,131072.00,32.531,0.085,0.107,0.000,-0.021,117.000,116.700,-0.579,0.073,-7.574,0.00,0.00,73.26,0.00,
110.645,8,0.0,0.7,0.0,0.0,193,2581,2,1943,1938,107,25.5,26.0,24.3,24.3,24.3,0,14.53,14.52,6.6,14.2,72,0.99,28.0,28.7,-1.0,1.04,7,20,99,-0.953,-14.75,0,3,0.00,0.000,318.5375,17.000,0.000,0.000,0.000,0.000,0.000,0.000,1.307,14.9400,15.00,1.0256,2.0,0.00,0.200,0,0.00,0.00,131072.00,32.468,0.087,0.107,0.000,-0.019,117.100,116.700,-0.579,0.073,-7.574,0.00,0.00,73.11,0.00,
110.725,8,0.0,0.8,0.0,0.0,193,2579,2,1943,1951,107,24.0,24.4,24.7,24.4,24.0,0,14.44,14.42,6.6,15.0,72,0.99,28.0,29.5,-0.9,1.04,7,20,99,-0.860,-14.75,0,3,0.00,0.012,318.5815,16.900,0.000,0.000,0.000,0.000,0.000,0.000,1.293,14.9100,14.95,1.0256,2.0,0.60,0.600,0,0.00,0.00,131072.00,32.375,0.085,0.107,0.000,-0.021,116.900,116.700,-0.579,0.073,-7.574,0.00,0.00,73.11,0.00,
110.807,8,0.0,0.8,0.0,0.0,193,2577,2,1943,1925,107,24.0,24.3,24.3,24.0,24.3,0,14.34,14.34,6.6,14.2,72,0.99,28.0,29.3,-0.8,1.02,7,20,99,-0.808,-14.75,0,3,0.00,0.016,318.7133,16.500,0.000,0.000,0.000,0.000,0.000,0.000,1.293,14.9100,15.02,1.0256,2.0,0.20,0.300,0,0.00,0.00,131072.00,32.343,0.087,0.107,0.000,-0.019,116.800,116.700,-0.579,0.073,-7.574,0.00,0.00,72.97,0.00,
110.906,8,0.0,0.8,0.0,0.0,193,2571,2,1943,1934,107,25.5,26.0,26.0,26.0,26.0,0,14.31,14.31,6.6,14.2,72,0.99,28.0,28.7,-0.7,1.01,7,20,99,-0.727,-14.75,0,3,0.00,0.018,319.0649,16.900,0.000,0.000,0.000,0.000,0.000,0.000,1.272,14.9100,14.81,1.0256,2.0,0.00,0.000,0,0.00,0.00,131072.00,32.250,0.085,0.107,0.000,-0.021,116.700,116.700,-0.579,0.073,-7.574,0.00,0.00,72.97,0.00,
110.975,8,0.0,0.8,0.0,0.0,193,2567,2,1943,1929,107,24.0,24.7,24.3,24.3,24.3,0,14.37,14.38,6.6,14.2,72,0.99,28.0,28.4,-0.7,1.01,7,20,99,-0.727,-14.75,0,3,0.00,0.019,319.0209,16.500,0.000,0.000,0.000,0.000,0.000,0.000,1.272,14.9100,14.85,1.0256,2.0,0.00,0.000,0,0.00,0.00,131072.00,32.218,0.087,0.107,0.000,-0.019,116.800,116.700,-0.579,0.073,-7.574,0.00,0.00,72.97,0.00,
111.045,8,0.0,0.8,0.0,0.0,193,2563,2,1943,1949,107,25.5,26.0,25.0,26.0,24.0,0,14.44,14.46,6.6,14.2,72,0.99,28.0,27.6,-0.7,1.01,7,20,99,-0.702,-14.75,0,3,0.00,0.019,319.0869,17.000,0.000,0.000,0.000,0.000,0.000,0.000,1.264,14.9400,14.76,1.0256,2.0,-0.10,-0.100,0,0.00,0.00,131072.00,32.218,0.087,0.107,0.000,-0.019,116.800,116.700,-0.579,0.073,-7.574,0.00,0.00,72.97,0.00,
111.156,9,0.0,0.7,0.0,0.0,193,2562,2,1943,1933,107,25.5,25.5,24.4,24.0,24.4,0,14.54,14.55,6.6,15.0,72,0.99,28.0,27.7,-0.7,1.03,7,20,99,-0.713,-14.75,0,3,0.00,0.021,318.5156,16.700,0.000,0.000,0.000,0.000,0.000,0.000,1.297,15.3800,15.18,1.0256,2.0,1.10,1.100,0,0.00,0.00,131072.00,32.812,0.087,0.107,0.000,-0.019,116.900,116.700,-0.579,0.073,-7.574,0.00,0.00,72.97,0.00,
111.235,9,0.0,0.8,0.0,0.0,193,2563,2,1943,1939,107,24.0,24.4,24.4,24.1,24.4,0,14.65,14.72,6.6,15.0,72,0.99,28.0,27.8,-0.7,1.03,7,20,99,-0.718,-14.75,0,3,0.00,0.021,318.4277,17.000,0.000,0.000,0.000,0.000,0.000,0.000,1.297,15.3500,15.17,1.0256,2.0,1.10,0.800,0,0.00,0.00,131072.00,33.000,0.087,0.107,0.000,-0.019,116.700,116.700,-0.579,0.073,-7.574,0.00,0.00,72.97,0.00,
111.314,9,0.0,0.7,0.0,0.0,193,2566,2,1943,1925,107,23.2,23.4,24.4,24.4,24.4,0,14.82,14.83,6.6,15.0,72,0.99,28.0,27.5,-0.7,1.05,7,20,99,-0.700,-14.75,0,3,0.00,0.021,318.3398,16.800,0.000,0.000,0.000,0.000,0.000,0.000,1.297,15.3500,15.13,1.0256,2.0,1.10,1.100,0,0.00,0.00,131072.00,33.093,0.087,0.107,0.000,-0.019,116.700,116.700,-0.579,0.073,-7.574,0.00,0.00,72.97,0.00,
111.385,9,0.0,0.7,0.0,0.0,193,2566,2,1943,1951,107,23.2,23.7,24.9,23.7,23.7,0,14.85,14.85,6.6,15.0,72,0.99,28.0,28.1,-0.7,1.06,7,20,99,-0.697,-14.75,0,3,0.00,0.021,318.2519,17.200,0.000,0.000,0.000,0.000,0.000,0.000,1.297,15.3500,15.13,1.0256,2.0,0.80,1.100,0,0.00,0.00,131072.00,33.125,0.087,0.107,0.000,-0.019,116.600,116.700,-0.579,0.073,-7.574,0.00,0.00,72.97,0.00,
111.467,9,0.0,0.7,0.0,0.0,193,2563,2,1943,1936,107,23.2,23.7,23.7,23.7,23.7,0,14.84,14.84,6.6,15.0,72,0.99,28.0,28.4,-0.7,1.06,7,20,99,-0.670,-14.75,0,3,0.00,0.021,318.1860,16.900,0.000,0.000,0.000,0.000,0.000,0.000,1.297,15.3800,15.15,1.0256,2.0,0.90,0.800,0,0.00,0.00,131072.00,33.125,0.087,0.107,0.000,-0.019,116.600,116.700,-0.579,0.073,-7.574,0.00,0.00,72.82,0.00,
111.545,9,0.0,0.7,0.0,0.0,193,2561,2,1943,1933,107,24.0,24.4,24.1,24.4,24.1,0,14.78,14.77,7.0,15.0,72,0.99,28.0,28.7,-0.7,1.07,7,20,99,-0.654,-14.75,0,3,0.00,0.021,318.0322,16.800,0.000,0.000,0.000,0.000,0.000,0.000,1.307,15.3500,15.35,1.0256,2.0,1.30,1.500,0,0.00,0.00,131072.00,33.093,0.087,0.107,0.000,-0.019,116.700,116.700,-0.579,0.073,-7.574,0.00,0.00,72.82,0.00,
111.615,9,0.0,0.7,0.0,0.0,193,2557,2,1943,1949,107,23.2,23.8,23.8,23.8,23.8,0,14.70,14.69,7.0,15.0,72,0.99,28.0,28.3,-0.7,1.06,7,20,99,-0.645,-14.75,0,3,0.00,0.021,318.1640,17.400,0.000,0.000,0.000,0.000,0.000,0.000,1.307,15.3500,15.36,1.0256,2.0,1.50,1.700,0,0.00,0.00,131072.00,33.031,0.087,0.107,0.000,-0.019,116.800,116.700,-0.579,0.073,-7.574,0.00,0.00,72.82,0.00,
111.696,9,0.0,0.7,0.0,0.0,193,2557,2,1943,1918,107,24.0,24.1,24.1,24.1,24.1,0,14.64,14.64,7.0,15.0,72,0.99,28.0,28.3,-0.7,1.06,7,20,99,-0.650,-14.75,0,3,0.00,0.021,317.9663,17.000,0.000,0.000,0.000,0.000,0.000,0.000,1.307,15.3500,15.36,1.0256,2.0,1.70,1.700,0,0.00,0.00,131072.00,33.000,0.087,0.107,0.000,-0.019,116.800,116.700,-0.579,0.073,-7.574,0.00,0.00,72.82,0.00,
111.765,9,0.0,0.7,0.0,0.0,193,2556,2,1943,1933,107,24.0,24.1,24.1,24.1,24.1,0,14.57,14.57,7.0,15.0,72,0.99,28.0,27.6,-0.7,1.05,7,20,99,-0.657,-14.75,0,3,0.00,0.021,318.1420,17.300,0.000,0.000,0.000,0.000,0.000,0.000,1.297,15.3500,15.22,1.0256,2.0,1.70,1.700,0,0.00,0.00,131072.00,33.000,0.087,0.107,0.000,-0.019,116.700,116.700,-0.579,0.073,-7.574,0.00,0.00,72.82,0.00,
111.845,9,0.0,0.7,0.0,0.0,193,2556,2,1943,1938,107,24.0,24.4,24.4,24.1,24.1,0,14.53,14.51,6.6,15.0,72,0.99,28.0,28.2,-0.7,1.05,7,20,99,-0.641,-14.75,0,3,0.00,0.021,318.4057,17.000,0.000,0.000,0.000,0.000,0.000,0.000,1.293,15.3800,15.18,1.0256,2.0,1.10,1.100,0,0.00,0.00,131072.00,33.031,0.087,0.107,0.000,-0.019,116.700,116.700,-0.579,0.073,-7.574,0.00,0.00,72.82,0.00,
111.915,9,0.0,0.7,0.0,0.0,193,2557,2,1943,1925,107,24.0,24.4,24.1,24.1,24.1,0,14.47,14.46,6.6,15.0,72,0.99,28.0,28.0,-0.7,1.04,7,20,99,-0.629,-14.75,0,3,0.00,0.021,318.4497,16.600,0.000,0.000,0.000,0.000,0.000,0.000,1.293,15.3800,15.17,1.0256,2.0,1.10,1.100,0,0.00,0.00,131072.00,33.031,0.089,0.107,0.000,-0.017,116.800,116.700,-0.579,0.073,-7.574,0.00,0.00,72.82,0.00,
112.035,9,0.0,0.7,0.0,0.0,193,2555,2,1943,1967,107,24.0,24.1,24.4,24.1,24.4,0,14.47,14.47,7.0,15.0,72,0.99,28.0,27.9,-0.6,1.04,7,20,99,-0.598,-14.75,0,3,0.00,0.021,318.4936,16.800,0.000,0.000,0.000,0.000,0.000,0.000,1.293,15.3800,15.23,1.0256,2.0,1.10,1.200,0,0.00,0.00,131072.00,33.000,0.087,0.107,0.000,-0.019,116.800,116.700,-0.579,0.073,-7.574,0.00,0.00,72.82,0.00,
112.134,9,0.0,0.7,0.0,0.0,193,2551,2,1943,1921,107,24.0,24.1,23.8,24.1,23.8,0,14.53,14.55,7.0,15.0,72,0.99,28.0,27.8,-0.6,1.04,7,20,99,-0.604,-14.75,0,3,0.00,0.020,318.4277,17.000,0.000,0.000,0.000,0.000,0.000,0.000,1.293,15.3500,15.26,1.0256,2.0,1.30,1.300,0,0.00,0.00,131072.00,32.937,0.089,0.107,0.000,-0.017,116.700,116.700,-0.579,0.073,-7.574,0.00,0.00,72.82,0.00,
112.204,9,0.0,0.7,0.0,0.0,193,2552,2,1943,1931,107,23.2,23.8,23.8,23.8,23.8,0,14.60,14.60,7.0,15.0,72,0.99,28.0,27.6,-0.6,1.05,7,20,99,-0.590,-14.75,0,3,0.00,0.020,318.3178,16.800,0.000,0.000,0.000,0.000,0.000,0.000,1.293,15.3500,15.27,1.0256,2.0,1.20,1.200,0,0.00,0.00,131072.00,32.937,0.089,0.107,0.000,-0.017,117.100,116.700,-0.579,0.073,-7.574,0.00,0.00,72.82,0.00,
112.276,9,0.0,0.7,0.0,0.0,193,2552,2,1943,1963,107,23.2,23.8,23.8,23.8,23.8,0,14.62,14.62,7.0,15.0,72,0.99,28.0,27.0,-0.6,1.05,7,20,99,-0.581,-14.75,0,3,0.00,0.020,318.3618,17.000,0.000,0.000,0.000,0.000,0.000,0.000,1.293,15.3800,15.25,1.0256,2.0,1.20,1.200,0,0.00,0.00,131072.00,32.937,0.087,0.107,0.000,-0.019,116.700,116.700,-0.579,0.073,-7.574,0.00,0.00,72.82,0.00,
112.356,9,0.0,0.7,0.0,0.0,193,2552,2,1943,1936,107,24.0,24.1,24.1,24.1,24.1,0,14.63,14.63,7.0,15.0,72,0.99,28.0,27.3,-0.6,1.05,7,20,99,-0.579,-14.75,0,3,0.00,0.020,318.3178,16.500,0.000,0.000,0.000,0.000,0.000,0.000,1.293,15.3800,15.25,1.0256,2.0,1.20,1.200,0,0.00,0.00,131072.00,33.000,0.087,0.107,0.000,-0.019,116.700,116.700,-0.579,0.073,-7.574,0.00,0.00,72.82,0.00,
112.436,9,0.0,0.7,0.0,0.0,193,2550,2,1943,1936,107,24.0,24.1,24.1,24.1,24.1,0,14.62,14.62,7.0,15.0,72,0.99,28.0,26.4,-0.7,1.05,7,20,99,-0.606,-14.75,0,3,0.00,0.020,318.2739,16.600,0.000,0.000,0.000,0.000,0.000,0.000,1.293,15.3500,15.20,1.0256,2.0,1.20,1.200,0,0.00,0.00,131072.00,32.937,0.087,0.107,0.000,-0.019,116.900,116.700,-0.579,0.073,-7.574,0.00,0.00,72.82,0.00,
112.505,9,0.0,0.7,0.0,0.0,193,2545,2,1943,1963,107,24.0,24.4,24.1,24.4,24.1,0,14.59,14.58,6.6,15.0,72,0.99,28.0,27.0,-0.7,1.05,7,20,99,-0.635,-14.75,0,3,0.00,0.018,318.4716,17.000,0.000,0.000,0.000,0.000,0.000,0.000,1.293,15.3500,15.20,1.0256,2.0,1.10,1.200,0,0.00,0.00,131072.00,32.906,0.087,0.107,0.000,-0.019,117.000,116.700,-0.579,0.073,-7.574,0.00,0.00,72.82,0.00,
112.585,9,0.0,0.7,0.0,0.0,194,2543,2,1943,1913,107,24.0,24.1,24.1,24.1,24.1,0,14.57,14.56,7.0,15.0,72,0.99,28.0,27.0,-0.7,1.05,7,20,99,-0.647,-14.75,0,3,0.00,0.018,318.3398,16.900,0.000,0.000,0.000,0.000,0.000,0.000,1.293,15.3500,15.23,1.0256,2.0,1.20,1.200,0,0.00,0.00,131072.00,32.875,0.087,0.107,0.000,-0.019,116.900,116.700,-0.579,0.073,-7.574,0.00,0.00,72.82,0.00,
112.665,9,0.0,0.7,0.0,0.0,194,2541,2,1943,1949,107,23.2,23.8,23.8,24.1,24.1,0,14.56,14.55,7.0,15.0,72,0.99,28.0,26.2,-0.7,1.04,7,20,99,-0.622,-14.75,0,3,0.00,0.018,318.5156,16.500,0.000,0.000,0.000,0.000,0.000,0.000,1.293,15.3500,15.22,1.0256,2.0,1.20,1.200,0,0.00,0.00,131072.00,32.812,0.087,0.107,0.000,-0.019,116.800,116.700,-0.579,0.073,-7.574,0.00,0.00,72.82,0.00,
112.736,9,0.0,0.7,0.0,0.0,194,2539,2,1943,1948,107,24.0,24.1,24.1,24.1,24.1,0,14.54,14.54,7.0,15.0,72,0.99,28.0,25.8,-0.7,1.04,7,20,99,-0.631,-14.75,0,3,0.00,0.018,318.4716,16.900,0.000,0.000,0.000,0.000,0.000,0.000,1.293,15.3500,15.22,1.0256,2.0,1.20,1.200,0,0.00,0.00,131072.00,32.812,0.087,0.107,0.000,-0.019,116.600,116.700,-0.579,0.073,-7.574,0.00,0.00,72.82,0.00,
112.806,9,0.0,0.7,0.0,0.0,194,2540,2,1943,1931,107,24.0,24.1,23.8,24.1,23.8,0,14.55,14.55,7.0,15.0,72,0.99,28.0,25.7,-0.7,1.04,7,20,99,-0.635,-14.75,0,3,0.00,0.018,318.4936,16.900,0.000,0.000,0.000,0.000,0.000,0.000,1.293,15.4500,15.20,1.0256,2.0,1.20,1.200,0,0.00,0.00,131072.00,32.875,0.087,0.107,0.000,-0.019,116.600,116.700,-0.579,0.073,-7.574,0.00,0.00,72.82,0.00,
112.885,9,0.0,0.7,0.0,0.0,194,2540,2,1943,1943,107,23.2,23.9,24.1,23.9,24.1,0,14.55,14.54,7.0,15.0,72,0.99,28.0,25.6,-0.7,1.04,7,20,99,-0.656,-14.75,0,3,0.00,0.020,318.3178,17.300,0.000,0.000,0.000,0.000,0.000,0.000,1.349,16.4400,16.00,1.0256,2.0,1.70,2.300,0,0.00,0.00,131072.00,33.718,0.089,0.107,0.000,-0.017,116.700,116.600,-0.579,0.073,-7.574,0.00,0.00,72.82,0.00,
112.966,10,0.0,0.7,0.0,0.0,194,2542,2,1943,1916,107,27.0,23.8,26.5,26.0,26.5,0,14.55,14.56,7.4,17.2,72,0.99,32.0,27.3,-0.9,1.04,7,20,99,-0.789,-14.75,0,3,0.00,0.020,316.4501,17.600,0.000,0.000,0.000,0.000,0.000,0.000,1.480,18.0000,17.77,1.0256,2.0,8.40,9.600,0,0.00,0.00,131072.00,36.750,0.087,0.107,0.000,-0.019,116.300,115.500,-0.579,0.073,-7.574,0.00,0.00,72.96,0.00,
113.038,10,0.0,0.7,0.0,0.0,194,2549,2,1945,1946,107,27.0,27.5,27.5,27.5,27.5,0,14.56,14.57,8.2,17.2,72,0.99,32.0,29.9,-0.9,1.04,8,20,99,-0.774,-14.75,0,3,0.00,0.022,316.3842,18.200,0.000,0.000,0.000,0.000,0.000,0.000,1.503,18.0900,17.88,1.0263,2.0,10.10,10.800,0,0.00,0.00,131072.00,38.031,0.089,0.107,0.000,-0.017,115.300,115.200,-0.579,0.073,-7.574,0.00,0.00,72.96,0.00,
113.114,10,0.0,0.7,0.0,0.0,194,2552,2,1971,1954,108,27.7,28.0,28.0,28.0,28.0,0,14.61,14.61,7.8,17.2,72,0.99,32.0,31.6,-0.7,1.04,8,20,99,-0.724,-14.75,0,3,0.00,0.020,316.4282,18.200,0.000,0.000,0.000,0.000,0.000,0.000,1.503,17.9300,17.67,1.0272,2.0,9.90,9.600,0,0.00,0.00,131072.00,38.406,0.089,0.107,0.000,-0.017,115.200,115.100,-0.579,0.073,-7.574,0.00,0.00,72.96,0.00,
113.184,10,0.0,0.7,0.0,0.0,194,2552,2,1960,1956,108,27.7,28.0,28.0,27.5,28.0,0,14.58,14.57,7.8,17.2,72,0.99,32.0,30.7,-0.6,1.04,8,20,99,-0.703,-14.75,0,3,0.00,0.022,316.2304,17.900,0.000,0.000,0.000,0.000,0.000,0.000,1.503,18.0000,17.68,1.0279,2.0,10.10,10.700,0,0.00,0.00,131072.00,38.593,0.087,0.107,0.000,-0.019,115.100,115.200,-0.579,0.073,-7.574,0.00,0.00,72.96,0.00,
113.255,10,0.0,0.7,0.0,0.0,194,2548,2,1967,1990,108,27.0,27.5,28.0,27.5,28.0,0,14.48,14.48,7.8,17.2,72,0.99,32.0,31.4,-0.6,1.02,8,20,99,-0.687,-14.75,0,3,0.00,0.022,316.7797,17.700,0.000,0.000,0.000,0.000,0.000,0.000,1.507,17.8300,17.81,1.0280,2.0,10.20,10.100,0,0.00,0.00,131072.00,38.406,0.087,0.107,0.000,-0.019,115.100,115.200,-0.579,0.073,-7.574,0.00,0.00,72.82,0.00,
113.327,10,0.0,0.7,0.0,0.0,194,2545,2,1954,1964,108,27.0,27.5,27.5,27.5,27.5,0,14.47,14.47,8.2,17.2,72,0.99,32.0,30.9,-0.6,1.02,8,20,99,-0.672,-14.75,0,3,0.00,0.020,316.9775,16.700,0.000,0.000,0.000,0.000,0.000,0.000,1.457,17.3200,17.13,1.0281,2.0,10.40,9.300,0,0.00,0.00,131072.00,37.937,0.089,0.107,0.000,-0.017,115.000,115.400,-0.579,0.073,-7.574,0.00,0.00,72.82,0.00,
113.398,10,0.0,0.8,0.0,0.0,194,2542,2,1948,1964,108,27.0,27.0,27.0,27.0,27.0,0,14.50,14.50,7.8,16.5,72,0.99,32.0,31.6,-0.6,1.02,8,20,99,-0.638,-14.75,0,3,0.00,0.020,317.3291,17.200,0.000,0.000,0.000,0.000,0.000,0.000,1.457,17.2200,17.15,1.0281,2.0,8.50,8.200,0,0.00,0.00,131072.00,37.250,0.087,0.107,0.000,-0.019,115.500,115.900,-0.579,0.073,-7.574,0.00,0.00,72.82,0.00,
113.464,10,0.0,0.8,0.0,0.0,194,2541,2,1945,1941,108,27.0,27.0,26.5,27.0,26.5,0,14.57,14.57,7.8,15.7,72,0.99,32.0,29.4,-0.6,1.03,7,20,99,-0.663,-14.75,0,3,0.00,0.020,317.8564,17.000,0.000,0.000,0.000,0.000,0.000,0.000,1.408,16.7400,16.42,1.0281,2.0,6.80,4.800,0,0.00,0.00,131072.00,36.250,0.087,0.107,0.000,-0.019,115.900,116.000,-0.579,0.073,-7.574,0.00,0.00,72.82,0.00,
113.550,9,0.0,0.8,0.0,0.0,194,2539,2,1944,1946,108,25.5,26.0,26.0,26.0,26.0,0,14.68,14.74,7.4,15.7,72,0.99,32.0,27.9,-0.7,1.04,7,20,99,-0.660,-14.75,0,3,0.00,0.020,318.2080,17.200,0.000,0.000,0.000,0.000,0.000,0.000,1.363,16.1300,15.82,1.0278,2.0,4.70,3.300,0,0.00,0.00,131072.00,35.125,0.085,0.107,0.000,-0.021,116.000,116.100,-0.579,0.073,-7.574,0.00,0.00,72.82,0.00,
113.614,9,0.0,0.7,0.0,0.0,194,2541,2,1943,1918,108,25.5,25.5,25.5,25.5,25.5,0,14.89,14.89,7.0,15.7,72,0.99,28.0,27.6,-0.7,1.06,7,20,99,-0.667,-14.75,0,3,0.00,0.020,317.7685,16.700,0.000,0.000,0.000,0.000,0.000,0.000,1.376,16.1300,16.05,1.0277,2.0,3.50,3.700,0,0.00,0.00,131072.00,34.687,0.087,0.107,0.000,-0.019,116.000,116.000,-0.579,0.073,-7.574,0.00,0.00,72.82,0.00,
113.694,9,0.0,0.7,0.0,0.0,194,2542,2,1943,1958,108,25.5,26.0,26.0,26.0,26.0,0,14.94,14.94,7.0,15.0,72,0.99,28.0,27.4,-0.7,1.07,7,20,99,-0.687,-14.75,0,3,0.00,0.020,317.8344,17.200,0.000,0.000,0.000,0.000,0.000,0.000,1.349,15.7200,15.71,1.0277,2.0,3.40,3.100,0,0.00,0.00,131072.00,34.000,0.087,0.107,0.000,-0.019,116.400,116.700,-0.579,0.073,-7.574,0.00,0.00,72.82,0.00,
113.765,9,0.0,0.7,0.0,0.0,194,2543,2,1943,1933,108,25.5,25.5,25.5,25.5,25.5,0,14.91,14.91,7.0,15.0,72,0.99,28.0,27.4,-0.7,1.08,7,20,99,-0.667,-14.75,0,3,0.00,0.020,317.7246,17.000,0.000,0.000,0.000,0.000,0.000,0.000,1.332,15.7600,15.57,1.0270,2.0,3.20,3.300,0,0.00,0.00,131072.00,33.781,0.087,0.107,0.000,-0.019,116.700,116.700,-0.579,0.073,-7.574,0.00,0.00,72.82,0.00,
113.838,9,0.0,0.7,0.0,0.0,194,2541,2,1943,1946,108,25.5,25.5,25.5,25.5,25.5,0,14.78,14.76,7.0,15.0,72,0.99,28.0,27.6,-0.7,1.07,7,20,99,-0.651,-14.75,0,3,0.00,0.020,317.9663,17.100,0.000,0.000,0.000,0.000,0.000,0.000,1.328,15.7600,15.58,1.0268,2.0,2.90,2.300,0,0.00,0.00,131072.00,33.625,0.087,0.107,0.000,-0.019,116.900,116.700,-0.579,0.073,-7.574,0.00,0.00,72.82,0.00,
113.914,9,0.0,0.8,0.0,0.0,195,2537,2,1943,1953,108,25.5,25.5,25.5,25.5,25.5,0,14.63,14.61,7.0,15.0,72,0.99,28.0,26.7,-0.7,1.07,7,20,99,-0.631,-14.75,0,3,0.00,0.020,317.7685,17.300,0.000,0.000,0.000,0.000,0.000,0.000,1.332,15.6600,15.72,1.0268,2.0,3.20,2.800,0,0.00,0.00,131072.00,33.500,0.087,0.107,0.000,-0.019,116.800,116.700,-0.579,0.073,-7.574,0.00,0.00,72.82,0.00,
113.994,9,0.0,0.8,0.0,0.0,195,2539,2,1943,1931,108,25.5,25.5,25.5,25.5,25.5,0,14.49,14.47,7.0,15.0,72,0.99,28.0,26.0,-0.7,1.06,7,20,99,-0.626,-14.75,0,3,0.00,0.020,317.8564,16.800,0.000,0.000,0.000,0.000,0.000,0.000,1.332,15.6600,15.70,1.0268,2.0,3.20,2.800,0,0.00,0.00,131072.00,33.437,0.087,0.107,0.000,-0.019,116.800,116.700,-0.579,0.073,-7.574,0.00,0.00,72.82,0.00,
114.064,9,0.0,0.8,0.0,0.0,195,2542,2,1943,1958,108,25.5,25.5,25.5,25.5,25.5,0,14.42,14.41,7.0,15.0,72,0.99,28.0,27.3,-0.7,1.04,7,20,99,-0.622,-14.75,0,3,0.00,0.020,318.3178,17.100,0.000,0.000,0.000,0.000,0.000,0.000,1.319,15.6900,15.55,1.0268,2.0,2.70,2.300,0,0.00,0.00,131072.00,33.500,0.087,0.107,0.000,-0.019,116.800,116.700,-0.579,0.073,-7.574,0.00,0.00,72.82,0.00,
114.145,9,0.0,0.8,0.0,0.0,195,2543,2,1943,1921,108,25.5,25.5,25.5,25.5,25.5,0,14.37,14.36,7.0,15.0,72,0.99,28.0,25.8,-0.7,1.03,7,20,99,-0.635,-14.75,0,3,0.00,0.020,318.3178,16.600,0.000,0.000,0.000,0.000,0.000,0.000,1.319,15.7600,15.57,1.0268,2.0,2.60,2.300,0,0.00,0.00,131072.00,33.593,0.087,0.107,0.000,-0.019,116.700,116.700,-0.579,0.073,-7.574,0.00,0.00,72.82,0.00,
114.214,9,0.0,0.8,0.0,0.0,195,2539,2,1943,1938,108,25.5,25.5,25.5,25.5,25.5,0,14.34,14.34,7.0,15.0,72,0.99,28.0,25.9,-0.7,1.02,7,20,99,-0.617,-14.75,0,3,0.00,0.020,318.7133,16.900,0.000,0.000,0.000,0.000,0.000,0.000,1.297,15.4900,15.30,1.0268,2.0,2.20,1.500,0,0.00,0.00,131072.00,33.250,0.087,0.107,0.000,-0.019,116.900,116.700,-0.579,0.073,-7.574,0.00,0.00,72.82,0.00,
114.294,9,0.0,0.8,0.0,0.0,195,2533,2,1943,1938,108,24.7,25.0,25.0,25.0,25.0,0,14.38,14.39,7.0,15.0,72,0.99,28.0,31.2,-0.7,1.02,6,20,99,-0.658,-14.75,0,3,0.00,0.018,318.7573,16.900,0.000,0.000,0.000,0.000,0.000,0.000,1.293,15.4900,15.21,1.0268,2.0,1.70,1.500,0,0.00,0.00,131072.00,32.937,0.085,0.107,0.000,-0.021,116.800,116.700,-0.579,0.073,-7.574,0.00,0.00,72.82,0.00,
114.366,9,0.0,0.7,0.0,0.0,195,2526,2,1943,1929,108,24.7,25.0,25.0,25.0,25.0,0,14.47,14.47,7.0,15.0,72,0.99,28.0,33.8,-0.7,1.03,6,20,99,-0.672,-14.75,0,3,0.00,0.018,318.6474,16.500,0.000,0.000,0.000,0.000,0.000,0.000,1.293,15.3500,15.23,1.0266,2.0,1.60,1.500,0,0.00,0.00,131072.00,32.781,0.087,0.107,0.000,-0.019,116.800,116.700,-0.579,0.073,-7.574,0.00,0.00,72.82,0.00,
114.444,9,0.0,0.7,0.0,0.0,195,2521,2,1943,1949,108,24.7,25.0,25.0,25.0,25.0,0,14.55,14.56,7.0,15.0,72,0.99,28.0,30.5,-0.8,1.03,6,20,99,-0.672,-14.75,0,3,0.00,0.018,318.7353,16.900,0.000,0.000,0.000,0.000,0.000,0.000,1.293,15.3500,15.25,1.0260,2.0,1.60,1.500,0,0.00,0.00,131072.00,32.656,0.087,0.107,0.000,-0.019,116.900,116.700,-0.579,0.073,-7.574,0.00,0.00,72.82,0.00,
114.525,9,0.0,0.8,0.0,0.0,195,2522,2,1943,1925,108,24.7,25.0,25.0,25.0,25.0,0,14.61,14.61,7.0,15.0,72,0.99,28.0,25.7,-0.8,1.04,6,20,99,-0.699,-14.75,0,3,0.00,0.018,318.6254,16.600,0.000,0.000,0.000,0.000,0.000,0.000,1.293,15.3500,15.26,1.0256,2.0,1.80,1.500,0,0.00,0.00,131072.00,32.562,0.087,0.107,0.000,-0.019,116.700,116.700,-0.579,0.073,-7.574,0.00,0.00,72.96,0.00,
114.594,9,0.0,0.7,0.0,0.0,195,2523,2,1943,1938,108,24.7,25.0,25.0,25.0,25.0,0,14.63,14.63,7.0,15.0,72,0.99,28.0,24.5,-0.8,1.04,6,20,99,-0.696,-14.75,0,3,0.00,0.018,318.5815,16.800,0.000,0.000,0.000,0.000,0.000,0.000,1.293,15.3200,15.23,1.0256,2.0,1.80,1.500,0,0.00,0.00,131072.00,32.500,0.087,0.107,0.000,-0.019,116.800,116.700,-0.579,0.073,-7.574,0.00,0.00,72.96,0.00,
114.665,9,0.0,0.8,0.0,0.0,195,2527,2,1943,1939,108,24.7,25.0,25.0,25.0,25.0,0,14.60,14.60,7.0,15.0,72,0.99,28.0,25.7,-0.8,1.04,6,20,99,-0.692,-14.75,0,3,0.00,0.018,318.5595,16.600,0.000,0.000,0.000,0.000,0.000,0.000,1.293,15.3200,15.22,1.0256,2.0,1.70,1.500,0,0.00,0.00,131072.00,32.500,0.085,0.107,0.000,-0.021,116.800,116.700,-0.579,0.073,-7.574,0.00,0.00,72.96,0.00,
114.734,9,0.0,0.7,0.0,0.0,195,2529,2,1943,1946,108,24.7,25.0,25.0,25.0,25.0,0,14.55,14.54,7.0,15.0,72,0.99,28.0,26.9,-0.8,1.03,6,20,99,-0.692,-14.75,0,3,0.00,0.018,318.7133,16.800,0.000,0.000,0.000,0.000,0.000,0.000,1.293,15.3800,15.21,1.0256,2.0,1.70,1.500,0,0.00,0.00,131072.00,32.593,0.087,0.107,0.000,-0.019,116.800,116.700,-0.579,0.073,-7.574,0.00,0.00,72.96,0.00,
114.804,9,0.0,0.7,0.0,0.0,195,2531,2,1943,1933,108,24.7,25.0,25.0,25.0,25.0,0,14.50,14.50,7.0,15.0,72,0.99,28.0,27.9,-0.8,1.02,6,20,99,-0.681,-14.75,0,3,0.00,0.018,318.6694,16.700,0.000,0.000,0.000,0.000,0.000,0.000,1.293,15.3800,15.20,1.0256,2.0,1.60,1.300,0,0.00,0.00,131072.00,32.687,0.087,0.107,0.000,-0.019,116.800,116.700,-0.579,0.073,-7.574,0.00,0.00,72.82,0.00,
114.886,9,0.0,0.7,0.0,0.0,195,2529,2,1943,1949,108,24.7,25.0,25.0,25.0,25.0,0,14.47,14.47,7.0,15.0,72,0.99,28.0,27.0,-0.8,1.02,6,20,99,-0.663,-14.75,0,3,0.00,0.018,318.8232,16.900,0.000,0.000,0.000,0.000,0.000,0.000,1.293,15.3800,15.22,1.0256,2.0,1.60,1.300,0,0.00,0.00,131072.00,32.687,0.087,0.107,0.000,-0.019,116.700,116.700,-0.579,0.073,-7.574,0.00,0.00,72.82,0.00,
114.954,9,0.0,0.8,0.0,0.0,195,2522,2,1943,1946,108,24.7,25.0,25.0,25.0,25.0,0,14.45,14.45,7.0,15.0,72,0.99,28.0,26.2,-0.8,1.01,6,20,99,-0.667,-14.75,0,3,0.00,0.018,318.8671,16.600,0.000,0.000,0.000,0.000,0.000,0.000,1.293,15.3500,15.26,1.0256,2.0,1.70,1.500,0,0.00,0.00,131072.00,32.593,0.087,0.107,0.000,-0.019,116.600,116.700,-0.579,0.073,-7.574,0.00,0.00,72.82,0.00,
115.024,8,0.0,0.8,0.0,0.0,195,2519,2,1943,1939,108,24.7,25.0,25.0,25.0,25.0,0,14.45,14.45,7.0,14.2,72,0.99,28.0,26.7,-0.7,1.01,6,20,99,-0.660,-14.75,0,3,0.00,0.018,319.1308,16.500,0.000,0.000,0.000,0.000,0.000,0.000,1.242,14.7100,14.60,1.0256,2.0,1.30,-0.100,0,0.00,0.00,131072.00,31.875,0.087,0.107,0.000,-0.019,116.700,116.700,-0.579,0.073,-7.574,0.00,0.00,72.82,0.00,
115.094,8,0.0,0.7,0.0,0.0,196,2518,2,1943,1939,108,26.2,26.5,26.5,26.5,26.5,0,14.46,14.46,6.6,14.2,72,0.99,28.0,25.1,-0.7,1.01,6,20,99,-0.641,-14.75,0,3,0.00,0.019,319.4165,16.300,0.000,0.000,0.000,0.000,0.000,0.000,1.238,14.6700,14.75,1.0256,2.0,-0.30,0.000,0,0.00,0.00,131072.00,31.343,0.087,0.107,0.000,-0.019,116.700,116.700,-0.579,0.073,-7.574,0.00,0.00,72.82,0.00,
115.164,8,0.0,0.8,0.0,0.0,196,2518,2,1943,1943,108,26.2,26.5,24.7,26.5,26.5,0,14.47,14.47,6.6,14.2,72,0.99,28.0,27.5,-0.7,1.00,6,20,99,-0.634,-14.75,0,3,0.00,0.019,319.4604,16.300,0.000,0.000,0.000,0.000,0.000,0.000,1.238,14.6700,14.61,1.0256,2.0,-0.50,-0.500,0,0.00,0.00,131072.00,31.156,0.087,0.107,0.000,-0.019,116.900,116.700,-0.579,0.073,-7.574,0.00,0.00,72.82,0.00,
115.234,8,0.0,0.8,0.0,0.0,196,2520,2,1943,1934,108,26.2,26.5,26.5,26.5,26.5,0,14.47,14.48,6.6,14.2,72,0.99,28.0,26.1,-0.6,1.00,6,20,99,-0.618,-14.75,0,3,0.00,0.019,319.4604,16.300,0.000,0.000,0.000,0.000,0.000,0.000,1.238,14.6700,14.58,1.0256,2.0,-0.50,-0.500,0,0.00,0.00,131072.00,31.093,0.087,0.107,0.000,-0.019,116.500,116.700,-0.579,0.073,-7.574,0.00,0.00,72.82,0.00,
115.306,8,0.0,0.7,0.0,0.0,196,2521,2,1943,1944,108,26.2,26.5,26.5,26.5,26.5,0,14.48,14.48,6.6,14.2,72,0.99,28.0,26.7,-0.7,1.00,6,20,99,-0.631,-14.75,0,3,0.00,0.018,319.5263,16.500,0.000,0.000,0.000,0.000,0.000,0.000,1.238,14.6400,14.55,1.0256,2.0,-0.50,-0.500,0,0.00,0.00,131072.00,31.062,0.087,0.107,0.000,-0.019,117.000,116.700,-0.579,0.073,-7.574,0.00,0.00,72.82,0.00,
115.374,8,0.0,0.8,0.0,0.0,196,2522,2,1943,1931,108,26.2,26.5,26.5,26.5,26.5,0,14.48,14.48,6.6,14.2,72,0.99,28.0,25.5,-0.7,0.99,6,20,99,-0.631,-14.75,0,3,0.00,0.018,319.5703,16.300,0.000,0.000,0.000,0.000,0.000,0.000,1.238,14.6100,14.57,1.0256,2.0,-0.40,-0.400,0,0.00,0.00,131072.00,31.000,0.087,0.107,0.000,-0.019,116.900,116.700,-0.579,0.073,-7.574,0.00,0.00,72.82,0.00,
115.454,8,0.0,0.8,0.0,0.0,196,2521,2,1943,1951,108,26.2,26.5,26.5,26.5,26.5,0,14.49,14.49,6.6,14.2,72,0.99,28.0,26.2,-0.7,0.99,6,20,99,-0.651,-14.75,0,3,0.00,0.018,319.6582,16.500,0.000,0.000,0.000,0.000,0.000,0.000,1.238,14.6100,14.51,1.0256,2.0,-0.50,-0.500,0,0.00,0.00,131072.00,30.937,0.087,0.107,0.000,-0.019,117.100,116.700,-0.579,0.073,-7.574,0.00,0.00,72.82,0.00,
115.544,8,0.0,0.7,0.0,0.0,196,2519,2,1943,1944,108,27.7,28.0,24.8,28.0,26.5,0,14.52,14.52,6.6,13.5,72,0.99,24.0,23.4,-0.7,0.99,6,20,99,-0.683,-14.75,0,3,0.00,0.018,319.8999,16.300,0.000,0.000,0.000,0.000,0.000,0.000,1.217,14.4000,14.16,1.0251,2.0,-1.60,-1.600,0,0.00,0.00,131072.00,30.593,0.087,0.107,0.000,-0.019,116.900,116.700,-0.579,0.073,-7.574,0.00,0.00,72.82,0.00,
115.624,8,0.0,0.8,0.0,0.0,196,2516,2,1943,1934,108,26.2,26.8,26.8,28.0,28.0,0,14.54,14.54,6.2,14.2,72,0.99,24.0,26.1,-0.8,0.99,6,20,99,-0.676,-14.75,0,3,0.00,0.018,319.8120,16.500,0.000,0.000,0.000,0.000,0.000,0.000,1.207,14.3300,14.02,1.0245,2.0,-1.50,-1.400,0,0.00,0.00,131072.00,30.468,0.087,0.107,0.000,-0.019,116.800,116.700,-0.579,0.073,-7.574,0.00,0.00,72.82,0.00,
115.706,8,0.0,0.7,0.0,0.0,196,2513,2,1943,1929,108,28.5,28.5,28.5,28.5,28.5,0,14.55,14.56,6.2,13.5,72,0.99,24.0,29.7,-0.7,0.99,6,20,99,-0.667,-14.75,0,3,0.00,0.018,319.9877,16.000,0.000,0.000,0.000,0.000,0.000,0.000,1.207,14.3700,14.06,1.0245,2.0,-2.10,-2.000,0,0.00,0.00,131072.00,30.375,0.087,0.107,0.000,-0.019,116.700,116.700,-0.579,0.073,-7.574,0.00,0.00,72.82,0.00,
115.774,8,0.0,0.7,0.0,0.0,196,2510,2,1943,1956,108,28.5,28.5,28.5,28.5,28.5,0,14.57,14.57,6.2,13.5,72,0.99,24.0,32.2,-0.7,0.99,6,20,99,-0.672,-14.75,0,3,0.00,0.018,320.0097,16.400,0.000,0.000,0.000,0.000,0.000,0.000,1.207,14.4000,14.08,1.0245,2.0,-2.10,-2.000,0,0.00,0.00,131072.00,30.375,0.087,0.107,0.000,-0.019,117.000,116.700,-0.579,0.073,-7.574,0.00,0.00,72.82,0.00,
115.849,8,0.0,0.8,0.0,0.0,196,2510,2,1943,1921,108,28.5,28.5,28.5,28.5,28.5,0,14.59,14.59,6.2,13.5,72,0.99,24.0,26.1,-0.7,0.99,6,19,99,-0.678,-14.75,0,3,0.00,0.018,319.9658,16.100,0.000,0.000,0.000,0.000,0.000,0.000,1.207,14.4000,14.08,1.0245,2.0,-2.00,-2.000,0,0.00,0.00,131072.00,30.375,0.087,0.107,0.000,-0.019,116.700,116.700,-0.579,0.073,-7.574,0.00,0.00,72.82,0.00,
115.914,8,0.0,0.7,0.0,0.0,196,2509,2,1943,1964,108,24.7,25.2,23.5,25.2,25.5,0,14.61,14.61,6.6,13.5,72,0.99,24.0,36.8,-0.8,1.00,6,20,99,-0.687,-14.75,0,3,0.00,0.018,320.0097,16.400,0.000,0.000,0.000,0.000,0.000,0.000,1.217,14.4400,14.25,1.0245,2.0,-1.80,-2.100,0,0.00,0.00,131072.00,30.343,0.087,0.107,0.000,-0.019,116.700,116.700,-0.579,0.073,-7.574,0.00,0.00,72.82,0.00,
115.984,8,0.0,0.8,0.0,0.0,196,2509,2,1943,1936,108,27.0,27.5,27.5,27.5,27.5,0,14.62,14.62,6.2,14.2,72,0.99,24.0,38.1,-0.8,1.00,6,20,99,-0.699,-14.75,0,3,0.00,0.018,319.7241,16.100,0.000,0.000,0.000,0.000,0.000,0.000,1.225,14.4000,14.32,1.0245,2.0,-1.40,-1.400,0,0.00,0.00,131072.00,30.343,0.087,0.107,0.000,-0.019,116.800,116.700,-0.579,0.073,-7.574,0.00,0.00,72.96,0.00,
116.065,8,0.0,0.7,0.0,0.0,196,2508,2,1943,1958,108,27.0,27.5,27.5,27.5,27.5,0,14.62,14.63,6.2,14.2,72,0.99,24.0,28.1,-0.8,1.00,6,19,99,-0.683,-14.75,0,3,0.00,0.018,319.8559,16.500,0.000,0.000,0.000,0.000,0.000,0.000,1.225,14.4000,14.28,1.0245,2.0,-1.50,-1.500,0,0.00,0.00,131072.00,30.343,0.087,0.107,0.000,-0.019,116.800,116.700,-0.579,0.073,-7.574,0.00,0.00,72.82,0.00,
116.145,7,0.0,0.7,0.0,0.0,196,2510,2,1943,1931,108,27.0,27.5,27.5,27.5,27.5,0,14.63,14.62,6.2,14.2,72,0.99,24.0,30.6,-0.8,1.00,6,20,99,-0.692,-14.75,0,3,0.00,0.018,319.8120,15.900,0.000,0.000,0.000,0.000,0.000,0.000,1.174,13.8700,14.06,1.0245,2.0,-1.50,-2.500,0,0.00,0.00,131072.00,30.000,0.087,0.107,0.000,-0.019,116.800,116.700,-0.579,0.073,-7.574,0.00,0.00,72.96,0.00,
116.215,6,0.0,0.8,0.0,0.0,196,2508,2,1943,1944,108,30.0,30.5,23.7,24.1,24.1,0,14.61,14.60,6.2,12.7,72,0.99,24.0,40.7,-0.7,0.99,6,20,99,-0.640,-14.75,0,3,0.00,0.016,321.0424,15.800,0.000,0.000,0.000,0.000,0.000,0.000,1.105,12.5800,12.63,1.0245,2.0,-5.10,-6.900,0,0.00,0.00,131072.00,28.312,0.087,0.107,0.000,-0.019,117.000,117.500,-0.579,0.073,-7.574,0.00,0.00,72.82,0.00,
116.294,3,0.0,0.8,0.0,0.0,196,2497,2,1943,1934,108,11.2,11.8,11.8,14.9,12.4,0,14.59,14.59,5.4,12.0,72,0.99,24.0,43.0,-0.6,0.99,6,19,99,-0.554,-14.75,0,3,0.00,0.016,321.8115,15.600,0.000,0.000,0.000,0.000,0.000,0.000,1.070,12.4800,12.30,1.0236,2.0,-13.30,-14.500,0,0.00,0.00,131072.00,26.843,0.087,0.107,0.000,-0.019,117.500,117.500,-0.579,0.073,-7.574,0.00,0.00,72.82,0.00,
116.375,3,0.0,0.7,0.0,0.0,196,2461,2,1943,1934,108,6.0,6.1,4.6,4.9,4.6,0,14.57,14.56,5.4,12.0,72,0.99,20.0,36.9,-0.5,0.99,6,19,99,-0.540,-14.75,0,3,0.00,0.016,322.0312,15.200,0.000,0.000,0.000,0.000,0.000,0.000,1.062,12.4400,12.47,1.0228,2.0,-15.10,-15.300,0,0.00,0.00,131072.00,26.093,0.087,0.107,0.000,-0.019,117.900,117.500,-0.579,0.073,-7.574,0.00,0.00,72.67,0.00,
116.456,3,0.0,0.7,0.0,0.0,196,2418,2,1943,1961,108,5.2,5.5,3.8,5.5,3.8,0,14.53,14.53,5.4,12.0,72,0.99,20.0,34.3,-0.5,0.98,6,19,99,-0.508,-14.75,0,3,0.00,0.016,322.1850,15.200,0.000,0.000,0.000,0.000,0.000,0.000,1.028,12.4100,12.18,1.0220,0.0,-14.60,-14.400,0,0.00,0.00,131072.00,25.531,0.089,0.107,0.000,-0.017,117.700,117.500,-0.579,0.073,-7.574,0.00,0.00,72.67,0.00,
116.535,4,0.0,0.7,0.0,0.0,196,2410,2,1943,1934,108,6.7,7.3,7.3,7.1,7.3,0,14.55,14.57,5.4,12.0,72,0.99,20.0,40.4,-0.4,0.98,5,19,99,-0.536,-14.75,0,3,0.00,0.016,322.3828,15.000,0.000,0.000,0.000,0.000,0.000,0.000,1.028,12.4100,12.17,1.0213,0.0,-13.50,-11.700,0,0.00,0.00,131072.00,25.250,0.089,0.107,0.000,-0.017,117.500,117.500,-0.579,0.073,-7.574,0.00,0.00,72.67,0.00,
116.608,6,0.0,0.7,0.0,0.0,196,2450,2,1943,1949,108,36.0,36.0,21.5,30.9,30.9,0,14.72,14.75,5.4,12.0,72,0.99,20.0,41.1,-0.4,0.99,5,19,99,-0.561,-14.75,0,3,0.00,0.016,322.0971,15.300,0.000,0.000,0.000,0.000,0.000,0.000,1.058,12.5200,12.30,1.0209,2.0,-8.30,-8.000,0,0.00,0.00,131072.00,25.375,0.089,0.107,0.000,-0.017,117.600,117.500,-0.579,0.073,-7.574,0.00,0.00,72.82,0.00,
116.675,6,0.0,0.7,0.0,0.0,197,2483,2,1943,1929,108,35.2,35.5,35.5,35.5,35.5,0,14.80,14.80,5.4,12.0,72,0.99,20.0,33.1,-0.5,1.00,5,19,99,-0.561,-14.75,0,3,0.00,0.016,321.7895,15.500,0.000,0.000,0.000,0.000,0.000,0.000,1.070,12.5200,12.27,1.0209,2.0,-7.90,-7.700,0,0.00,0.00,131072.00,25.812,0.089,0.107,0.000,-0.017,117.600,117.500,-0.579,0.073,-7.574,0.00,0.00,72.82,0.00,
116.747,6,0.0,0.7,0.0,0.0,197,2483,2,1943,1943,108,35.2,35.5,35.5,35.5,35.5,0,14.87,14.88,5.4,12.0,72,0.99,20.0,40.5,-0.6,1.01,5,19,99,-0.574,-14.75,0,3,0.00,0.016,321.7895,15.800,0.000,0.000,0.000,0.000,0.000,0.000,1.070,12.5800,12.26,1.0209,2.0,-8.10,-8.000,0,0.00,0.00,131072.00,26.062,0.089,0.107,0.000,-0.017,117.700,117.500,-0.579,0.073,-7.574,0.00,0.00,72.82,0.00,
116.835,6,0.0,0.7,0.0,0.0,197,2475,2,1943,1918,108,35.2,35.5,35.5,35.5,35.5,0,14.91,14.93,5.4,12.0,72,0.99,20.0,38.2,-0.6,1.02,5,19,99,-0.599,-14.75,0,3,0.00,0.016,321.5917,16.000,0.000,0.000,0.000,0.000,0.000,0.000,1.070,12.5500,12.30,1.0209,2.0,-7.90,-7.900,0,0.00,0.00,131072.00,26.093,0.089,0.107,0.000,-0.017,117.700,117.500,-0.579,0.073,-7.574,0.00,0.00,72.82,0.00,
116.915,6,0.0,0.7,0.0,0.0,197,2465,2,1943,1933,108,35.2,35.5,35.5,35.5,35.5,0,14.95,14.95,5.4,12.0,72,0.99,20.0,26.0,-0.6,1.04,5,19,99,-0.601,-14.75,0,3,0.00,0.016,321.3281,15.400,0.000,0.000,0.000,0.000,0.000,0.000,1.070,12.5200,12.33,1.0209,2.0,-7.70,-7.700,0,0.00,0.00,131072.00,25.968,0.089,0.107,0.000,-0.017,117.800,117.500,-0.579,0.073,-7.574,0.00,0.00,72.82,0.00,
116.985,7,0.0,0.7,0.0,0.0,197,2456,2,1943,1958,108,34.5,34.5,35.5,34.5,35.5,0,14.91,14.89,5.8,12.7,72,0.99,24.0,34.8,-0.7,1.04,5,19,99,-0.699,-14.75,0,3,0.00,0.018,320.8227,16.200,0.000,0.000,0.000,0.000,0.000,0.000,1.139,13.6100,13.26,1.0209,2.0,-6.40,-4.700,0,0.00,0.00,131072.00,26.937,0.089,0.107,0.000,-0.017,117.700,117.500,-0.579,0.073,-7.574,0.00,0.00,72.96,0.00,
117.055,8,0.0,0.7,0.0,0.0,197,2451,2,1943,1923,108,30.7,31.0,29.5,30.5,29.5,0,14.82,14.80,6.2,13.5,72,0.99,24.0,39.1,-0.9,1.04,5,19,99,-0.830,-14.75,0,3,0.00,0.018,319.6801,16.000,0.000,0.000,0.000,0.000,0.000,0.000,1.229,15.0100,14.41,1.0209,2.0,-2.50,-1.600,0,0.00,0.00,131072.00,28.937,0.089,0.107,0.000,-0.017,117.500,116.900,-0.579,0.073,-7.574,0.00,0.00,72.96,0.00,
117.129,11,0.0,0.7,0.0,0.0,197,2448,2,1943,1958,108,23.2,23.5,23.2,23.5,26.5,0,14.70,14.69,6.6,15.0,72,0.99,28.0,44.4,-1.1,1.04,6,19,99,-0.914,-14.75,0,3,0.00,0.020,318.5375,17.700,0.000,0.000,0.000,0.000,0.000,0.000,1.552,21.2200,19.32,1.0213,2.0,2.50,8.000,0,0.00,0.00,131072.00,34.781,0.089,0.107,0.000,-0.017,116.900,114.900,-0.579,0.073,-7.574,0.00,0.00,73.11,0.00,
117.205,12,0.0,0.7,0.0,0.0,197,2457,2,2023,1936,108,28.5,29.0,30.0,29.5,30.0,0,14.62,14.62,10.1,22.5,72,0.99,40.0,37.8,-1.4,1.03,9,19,99,-1.018,-14.75,0,3,0.00,0.025,312.4072,23.200,0.000,0.000,0.000,0.000,0.000,0.000,1.845,24.2300,24.50,1.0227,2.0,23.30,27.300,0,0.00,0.00,131072.00,44.687,0.089,0.107,0.000,-0.017,114.200,110.100,-0.579,0.073,-7.574,0.00,0.00,73.25,0.00,
117.276,13,0.0,0.7,0.0,0.0,197,2485,2,2137,2084,108,24.0,24.4,26.8,24.4,28.2,0,14.69,14.75,11.3,24.7,72,0.99,48.0,42.5,-0.9,1.03,10,19,99,-0.916,-14.75,0,3,0.00,0.025,311.5283,18.100,0.000,0.000,0.000,0.000,0.000,0.000,1.927,26.5000,25.68,1.0262,2.0,28.70,30.300,0,0.00,0.00,131072.00,50.281,0.089,0.107,0.000,-0.017,109.800,105.900,-0.579,0.073,-7.574,0.00,0.00,73.11,0.00,
117.345,14,0.0,0.7,0.0,0.0,197,2499,2,2238,2309,108,21.0,21.6,26.6,21.3,26.6,0,14.82,14.82,12.1,27.0,72,0.99,52.0,45.1,-0.8,1.04,11,19,99,-0.855,-14.75,0,3,0.00,0.027,308.8256,17.800,0.000,0.000,0.000,0.000,0.000,0.000,2.068,28.1900,27.71,1.0297,2.0,34.80,36.300,0,0.00,0.00,131072.00,55.312,0.089,0.109,0.000,-0.019,103.400,101.800,-0.579,0.073,-7.574,0.00,0.00,73.11,0.00,
117.425,15,0.0,0.7,0.0,0.0,197,2503,2,2362,2365,108,30.0,30.5,29.2,30.5,30.5,0,14.47,14.40,12.5,27.7,72,0.99,52.0,47.3,-0.7,1.03,12,19,98,-0.796,-14.75,0,3,0.00,0.027,308.2104,19.000,0.000,0.000,0.000,0.000,0.000,0.000,2.194,29.0100,27.93,1.0337,2.0,37.80,38.000,0,0.00,0.00,131072.00,59.093,0.087,0.107,0.000,-0.019,100.100,99.000,0.146,0.317,9.399,0.00,0.00,72.96,0.00,
117.496,15,0.0,0.7,0.0,0.0,197,2507,2,2478,2494,108,30.0,30.5,30.5,30.5,30.5,0,14.14,14.12,12.5,27.7,72,0.99,52.0,50.2,-0.6,0.99,12,19,98,-0.785,-14.75,0,3,0.00,0.027,310.1220,19.200,0.000,0.000,0.000,0.000,0.000,0.000,2.310,29.6000,28.52,1.0366,2.0,38.00,38.700,0,0.00,0.00,131072.00,60.750,0.085,0.107,0.000,-0.021,96.800,98.000,-0.030,0.921,10.992,0.00,0.00,72.96,0.00,
117.576,16,0.0,0.7,0.0,0.0,197,2507,2,2580,2556,108,30.0,30.5,30.5,30.5,30.5,0,14.09,14.11,12.8,29.2,72,0.99,56.0,50.9,-0.6,0.99,12,19,97,-0.943,-14.75,0,3,0.00,0.031,308.1665,21.500,0.000,0.000,0.000,0.000,0.000,0.000,2.546,32.3600,31.75,1.0387,2.0,43.30,47.700,0,0.00,0.00,131072.00,64.187,0.083,0.107,0.000,-0.023,96.500,95.600,0.000,1.574,9.710,0.00,0.00,73.11,0.00,
117.656,17,0.0,0.7,0.0,0.0,197,2514,2,2696,2692,108,25.5,25.7,28.0,28.5,28.5,0,14.32,14.36,15.2,33.7,72,0.99,64.0,57.2,-0.8,0.99,13,19,96,-0.882,-14.75,0,3,0.00,0.032,303.9257,21.400,-2.300,0.000,0.000,0.000,0.000,0.000,2.686,33.5400,33.00,1.0419,2.0,53.70,53.500,0,0.00,0.00,131072.00,68.531,0.083,0.107,0.000,-0.023,93.600,93.300,0.000,2.136,10.034,0.00,0.00,73.11,0.00,
117.725,17,0.0,0.8,0.0,0.0,197,2530,2,2814,2817,108,25.5,26.2,28.5,28.5,28.5,0,14.77,14.87,15.2,32.2,72,0.99,64.0,60.7,-0.6,1.01,13,19,96,-0.760,-14.75,0,3,0.00,0.034,304.8486,22.500,-2.300,0.000,0.000,0.000,0.000,0.000,2.811,34.3300,33.85,1.0452,2.0,52.50,54.500,0,0.00,0.00,131072.00,71.062,0.080,0.107,0.000,-0.027,92.200,92.900,0.030,2.636,9.289,0.00,0.00,72.96,0.00,
117.806,17,0.0,0.8,0.0,0.0,198,2538,2,2921,2915,108,25.5,25.7,28.0,28.0,28.0,0,15.00,15.00,15.2,33.0,72,0.99,64.0,58.7,-0.6,1.03,13,20,96,-0.610,-14.75,0,3,0.00,0.034,303.0908,23.200,-2.300,0.000,0.000,0.000,0.000,0.000,2.850,34.3600,33.75,1.0483,2.0,54.10,54.100,0,0.00,0.00,131072.00,72.593,0.076,0.107,0.000,-0.031,91.400,92.300,-0.079,3.100,6.164,0.00,0.00,72.82,0.00,
117.876,17,0.0,0.9,0.0,0.0,198,2540,2,3045,3051,108,25.5,25.7,28.0,28.0,28.0,0,14.89,14.89,15.2,33.0,72,0.99,64.0,57.9,-0.6,1.03,13,20,95,-0.574,-14.75,0,3,0.00,0.032,303.8378,23.200,-2.300,0.000,0.000,0.000,0.000,0.000,2.879,34.2100,33.31,1.0505,2.0,53.80,52.900,0,0.00,0.00,131072.00,72.906,0.074,0.107,0.000,-0.033,91.100,92.700,-0.018,3.472,6.921,0.00,0.00,72.82,0.00,
117.948,17,0.0,0.9,0.0,0.0,198,2543,2,3152,3176,107,25.5,25.7,28.0,28.0,28.0,0,14.57,14.50,15.2,33.0,72,0.99,64.0,56.4,-0.6,1.02,13,20,95,-0.574,-14.75,0,3,0.00,0.034,304.6289,23.400,-2.300,0.000,0.000,0.000,0.000,0.000,2.913,34.2500,33.27,1.0524,2.0,52.90,53.000,0,0.00,0.00,131072.00,73.031,0.072,0.107,0.000,-0.035,91.400,92.500,-0.048,3.796,4.864,0.00,0.00,72.82,0.00,
118.025,17,0.0,1.0,0.0,0.0,198,2557,2,3259,3288,107,25.5,25.7,28.5,28.5,28.5,0,14.17,14.09,15.2,33.0,72,0.99,64.0,56.8,-0.6,0.99,13,20,95,-0.622,-14.75,0,3,0.00,0.034,305.8813,23.500,-2.300,0.000,0.000,0.000,0.000,0.000,2.975,34.1300,33.76,1.0538,2.0,53.80,54.000,0,0.00,0.00,131072.00,73.375,0.072,0.107,0.000,-0.035,91.200,92.400,0.000,4.058,4.638,0.00,0.00,72.82,0.00,
118.105,17,0.0,1.0,0.0,0.0,198,2577,2,3382,3404,107,25.5,25.7,28.0,28.0,28.0,0,13.96,13.95,15.2,33.0,72,0.99,64.0,57.7,-0.7,0.98,13,20,95,-0.638,-14.75,0,3,0.00,0.034,306.7602,23.800,-2.300,0.000,0.000,0.000,0.000,0.000,2.975,34.0900,33.57,1.0556,2.0,54.00,53.800,0,0.00,0.00,131072.00,73.625,0.070,0.107,0.000,-0.037,91.500,92.700,-0.048,4.370,4.180,0.00,0.00,72.82,0.00,
118.185,17,0.0,1.0,0.0,0.0,198,2596,2,3508,3524,107,25.5,25.7,28.0,28.0,28.5,0,13.98,14.00,15.2,33.7,72,0.99,64.0,58.2,-0.6,0.97,13,20,95,-0.656,-14.75,0,3,0.00,0.034,307.1118,24.500,-2.300,0.000,0.000,0.000,0.000,0.000,3.005,33.9300,33.83,1.0571,2.0,54.70,54.600,0,0.00,0.00,131072.00,73.937,0.068,0.107,0.000,-0.039,91.600,92.700,-0.067,4.632,3.424,0.00,0.00,72.82,0.00,
118.255,17,0.0,1.0,0.0,0.0,198,2603,2,3636,3649,107,25.5,26.2,28.5,28.5,28.5,0,14.12,14.14,15.2,33.7,72,0.99,68.0,58.2,-0.7,0.96,13,20,95,-0.672,-14.75,0,3,0.00,0.034,307.7490,24.700,-2.300,0.000,0.000,0.000,0.000,0.000,3.005,34.3600,33.78,1.0586,2.0,54.50,54.500,0,0.00,0.00,131072.00,74.218,0.066,0.107,0.000,-0.041,91.800,92.600,0.012,4.803,3.271,0.00,0.00,72.82,0.00,
118.335,18,0.0,1.1,0.0,0.0,198,2607,2,3742,3766,107,25.5,26.2,28.5,28.0,28.0,0,14.26,14.28,15.2,33.7,72,0.99,68.0,59.2,-0.7,0.95,13,20,95,-0.733,-14.75,0,3,0.00,0.036,307.0898,25.000,-2.300,0.000,0.000,0.000,0.000,0.000,3.277,36.8800,36.41,1.0598,2.0,56.60,57.900,0,0.00,0.00,131072.00,77.031,0.066,0.109,0.000,-0.042,91.700,91.500,0.073,5.010,4.211,0.00,0.00,72.96,0.00,
118.415,20,0.0,1.1,0.0,0.0,198,2623,2,3857,3893,107,21.7,22.2,26.0,24.5,26.5,0,14.42,14.44,16.7,38.2,72,0.99,76.0,64.0,-0.8,0.95,14,20,94,-0.785,-14.75,0,3,0.00,0.038,302.8491,25.800,-2.300,0.000,0.000,0.000,0.000,0.000,3.676,40.6000,39.92,1.0617,2.0,66.90,67.500,0,0.00,0.00,131072.00,83.718,0.062,0.109,0.000,-0.046,90.000,89.700,0.000,5.383,7.501,0.00,0.00,72.96,0.00,
118.487,21,0.0,1.1,0.0,0.0,198,2648,2,3973,3998,107,19.5,19.9,19.9,20.2,19.7,0,14.53,14.58,18.7,41.2,72,0.99,84.0,72.5,-0.8,0.96,15,20,93,-0.764,-14.75,0,3,0.00,0.040,299.7070,27.400,-2.300,0.000,0.000,0.000,0.000,0.000,4.243,44.0200,43.18,1.0646,2.0,72.80,75.800,0,0.00,0.00,131072.00,91.500,0.060,0.109,0.000,-0.048,88.700,88.300,-0.018,5.731,7.159,0.00,0.00,72.96,0.00,
118.555,21,0.0,1.1,0.0,0.0,198,2679,2,4075,4093,107,18.7,19.2,21.0,19.1,19.1,0,14.95,14.98,19.9,45.0,72,0.99,92.0,80.8,-0.7,0.99,16,21,92,-0.676,-14.75,0,3,0.00,0.042,295.0268,28.900,-2.300,0.000,0.000,0.000,0.000,0.000,4.745,45.4000,45.65,1.0691,0.0,80.40,79.000,0,0.00,0.00,131072.00,97.937,0.056,0.111,0.000,-0.054,87.600,88.000,-0.048,6.085,4.754,0.00,0.00,72.82,0.00,
118.635,21,0.0,1.2,0.0,0.0,198,2705,2,4175,4199,107,18.7,19.2,21.5,21.5,21.5,0,15.06,15.06,20.3,45.7,72,0.99,92.0,84.8,-0.7,1.00,16,21,92,-0.617,-14.75,0,3,0.00,0.043,294.2138,29.400,-2.300,0.000,0.000,0.000,0.000,0.000,4.843,45.3600,45.60,1.0742,0.0,83.80,80.600,0,0.00,0.00,131072.00,101.562,0.050,0.113,0.000,-0.062,87.100,88.700,0.000,6.414,5.444,0.00,0.00,72.82,0.00,
118.706,21,0.0,1.4,0.0,0.0,198,2713,2,4280,4316,107,18.7,19.2,21.5,21.5,21.5,0,14.85,14.85,20.3,45.0,72,0.99,92.0,86.3,-0.6,1.00,16,21,91,-0.656,-14.75,0,3,0.00,0.043,294.5214,28.900,-1.500,0.000,0.000,0.000,0.000,0.000,4.914,45.7400,45.52,1.0784,0.0,83.50,81.700,0,0.00,0.00,131072.00,103.218,0.042,0.113,0.000,-0.070,87.600,88.700,-0.018,6.610,3.417,0.00,0.00,72.82,0.00,
118.775,21,0.0,1.5,0.0,0.0,198,2714,2,4381,4416,107,19.5,20.0,21.5,21.5,21.5,0,14.48,14.45,20.3,45.0,72,0.99,92.0,84.9,-0.6,1.00,16,21,91,-0.626,-14.75,0,3,0.00,0.043,295.1147,29.000,-1.500,0.000,0.000,0.000,0.000,0.000,4.945,45.7400,45.18,1.0823,0.0,82.90,82.400,0,0.00,0.00,131072.00,104.062,0.033,0.113,0.000,-0.080,87.600,88.700,-0.018,6.762,2.404,0.00,0.00,72.82,0.00,
118.845,21,0.0,1.6,0.0,0.0,198,2732,2,4474,4506,107,19.5,20.0,21.5,21.5,21.5,0,14.36,14.36,19.9,45.0,72,0.99,92.0,85.0,-0.6,0.98,15,21,91,-0.699,-14.75,0,3,0.00,0.043,296.0595,29.300,-1.500,0.000,0.000,0.000,0.000,0.000,4.945,45.5400,44.86,1.0852,0.0,82.10,81.900,0,0.00,0.00,131072.00,104.375,0.029,0.113,0.000,-0.083,87.700,88.700,0.000,6.890,2.484,0.00,0.00,72.96,0.00,
118.925,21,0.0,1.6,0.0,0.0,198,2764,2,4556,4598,107,20.2,20.5,22.0,22.0,22.0,0,14.36,14.36,19.9,44.2,72,0.99,92.0,84.3,-0.7,0.97,15,21,91,-0.758,-14.75,0,3,0.00,0.043,297.4438,29.300,-1.500,0.000,0.000,0.000,0.000,0.000,5.002,45.4600,44.86,1.0877,0.0,81.20,81.600,0,0.00,0.00,131072.00,105.156,0.023,0.113,0.000,-0.089,88.000,88.700,-0.115,7.037,1.086,0.00,0.00,72.96,0.00,
119.005,21,0.0,1.7,0.0,0.0,199,2793,2,4638,4667,107,20.2,20.5,22.0,22.0,22.0,0,14.45,14.47,19.9,44.2,72,0.99,96.0,85.4,-0.6,0.97,15,22,90,-0.712,-14.75,0,3,0.00,0.043,297.6855,29.300,-1.500,0.000,0.000,0.000,0.000,0.000,5.025,45.4200,44.90,1.0907,0.0,81.10,81.000,0,0.00,0.00,131072.00,106.187,0.019,0.113,0.000,-0.093,88.100,88.700,0.000,7.159,2.484,0.00,0.00,72.96,0.00,
119.077,21,0.0,1.8,0.0,0.0,199,2814,2,4715,4745,107,20.2,20.5,22.0,22.0,22.0,0,14.65,14.65,19.9,44.2,72,0.99,96.0,87.3,-0.6,0.98,15,22,90,-0.749,-14.75,0,3,0.00,0.042,297.4658,29.700,-1.500,0.000,0.000,0.000,0.000,0.000,5.029,45.3000,45.11,1.0929,0.0,81.50,81.700,0,0.00,0.00,131072.00,106.843,0.015,0.115,0.000,-0.099,88.400,88.700,-0.085,7.287,1.708,0.00,0.00,72.96,0.00,
119.156,21,0.0,1.8,0.0,0.0,199,2827,2,4780,4804,107,20.2,20.5,22.0,22.0,22.0,0,14.79,14.79,19.9,44.2,72,0.99,96.0,87.5,-0.6,1.00,15,22,90,-0.724,-14.75,0,3,0.00,0.042,297.3339,29.800,-1.500,0.000,0.000,0.000,0.000,0.000,4.865,44.2900,43.87,1.0956,0.0,80.90,79.200,0,0.00,0.00,131072.00,106.250,0.011,0.115,0.000,-0.103,88.300,88.700,0.042,7.366,1.239,0.00,0.00,72.96,0.00,
119.235,21,0.0,1.9,0.0,0.0,199,2845,2,4842,4856,106,21.0,21.5,23.0,23.0,23.0,0,14.80,14.78,19.5,43.5,72,0.99,96.0,85.7,-0.6,1.00,14,22,90,-0.753,-14.75,0,3,0.00,0.042,298.0810,29.900,-1.500,0.000,0.000,0.000,0.000,0.000,4.821,43.6800,43.38,1.0971,0.0,78.40,77.500,0,0.00,0.00,131072.00,105.625,0.005,0.113,0.000,-0.107,88.600,88.700,-0.115,7.379,-0.775,0.00,0.00,72.96,0.00,
119.305,21,0.0,2.0,0.0,0.0,199,2869,2,4896,4916,106,21.0,21.5,23.0,23.0,23.0,0,14.63,14.64,19.1,42.7,72,0.99,92.0,85.6,-0.6,1.01,14,22,90,-0.764,-14.75,0,3,0.00,0.042,298.3007,30.200,-1.500,0.000,0.000,0.000,0.000,0.000,4.781,43.5600,43.17,1.0979,0.0,77.00,77.100,0,0.00,0.00,131072.00,105.125,0.001,0.113,0.000,-0.111,88.600,88.700,0.000,7.324,-1.086,0.00,0.00,72.96,0.00,
119.405,21,0.0,2.0,0.0,0.0,199,2890,2,4932,4952,106,21.7,22.0,23.5,23.5,23.5,0,14.54,14.53,19.1,42.7,72,0.99,92.0,86.6,-0.6,1.01,14,22,90,-0.789,-14.75,0,3,0.00,0.042,299.2016,30.100,-1.500,0.000,0.000,0.000,0.000,0.000,4.750,43.4400,42.87,1.0992,0.0,76.20,76.200,0,0.00,0.00,131072.00,105.500,0.000,0.113,0.000,-0.115,88.500,88.700,0.042,7.293,-0.158,0.00,0.00,72.96,0.00,
119.485,21,0.0,2.1,0.0,0.0,199,2915,2,4986,5008,106,21.7,22.0,23.5,23.5,23.5,0,14.49,14.48,18.7,42.7,72,0.99,96.0,86.8,-0.6,0.99,14,23,90,-0.814,-14.75,0,3,0.00,0.042,299.5751,30.000,-1.500,0.000,0.000,0.000,0.000,0.000,4.772,43.2700,42.88,1.1002,0.0,75.90,76.100,0,0.00,0.00,131072.00,106.062,0.000,0.113,0.000,-0.117,88.600,88.700,-0.018,7.287,-0.238,0.00,0.00,72.96,0.00,
119.565,21,0.0,2.1,0.0,0.0,199,2932,2,5031,5039,106,21.7,22.0,23.5,23.5,23.5,0,14.50,14.50,18.7,42.7,72,0.99,96.0,86.4,-0.6,0.99,14,23,90,-0.837,-14.75,0,3,0.00,0.042,299.8168,30.000,-1.500,0.000,0.000,0.000,0.000,0.000,4.781,42.9500,42.81,1.1010,0.0,76.00,76.500,0,0.00,0.00,131072.00,106.375,0.000,0.113,0.000,-0.117,88.600,88.700,-0.067,7.281,-1.165,0.00,0.00,73.11,0.00,
119.635,21,0.0,2.1,0.0,0.0,199,2953,2,5060,5065,106,21.7,22.0,23.5,23.5,23.5,0,14.59,14.59,18.7,42.7,72,0.99,96.0,87.4,-0.6,0.99,14,23,90,-0.819,-14.75,0,3,0.00,0.042,299.7509,30.300,-1.500,0.000,0.000,0.000,0.000,0.000,4.772,42.8300,42.75,1.1019,0.0,75.70,75.700,0,0.00,0.00,131072.00,106.593,0.000,0.113,0.000,-0.119,88.600,88.700,-0.018,7.250,-1.165,0.00,0.00,72.96,0.00,
119.706,21,0.0,2.2,0.0,0.0,199,2966,2,5060,5072,106,21.7,22.0,23.5,23.5,23.5,0,14.65,14.67,18.7,42.0,72,0.99,96.0,87.0,-0.6,0.99,14,23,90,-0.837,-14.75,0,3,0.00,0.042,299.5971,29.700,-0.800,0.000,0.000,0.000,0.000,0.000,4.772,43.1500,42.71,1.1027,0.0,75.40,75.500,0,0.00,0.00,131072.00,107.062,0.000,0.115,0.000,-0.123,88.700,88.700,0.012,7.220,-0.469,0.00,0.00,73.11,0.00,
119.785,21,0.0,2.2,0.0,0.0,199,2981,2,5060,5067,106,22.5,22.7,23.5,23.5,23.5,0,14.67,14.66,18.7,42.0,72,0.99,96.0,87.7,-0.7,1.00,14,23,90,-0.835,-14.75,0,3,0.00,0.042,299.4433,30.200,-0.800,0.000,0.000,0.000,0.000,0.000,4.772,42.9100,42.53,1.1037,0.0,75.20,75.100,0,0.00,0.00,131072.00,107.468,0.000,0.115,0.000,-0.123,88.700,88.700,-0.018,7.232,0.305,0.00,0.00,72.96,0.00,
119.870,22,0.0,2.2,0.0,0.0,199,2997,2,5060,5062,106,22.5,22.7,23.5,23.5,23.5,0,14.66,14.64,18.7,42.7,72,0.99,96.0,88.7,-0.7,1.00,14,23,89,-0.878,-14.75,0,3,0.00,0.043,298.3227,30.500,-0.800,0.000,0.000,0.000,0.000,0.000,5.047,45.3000,43.62,1.1047,0.0,76.60,77.400,0,0.00,0.00,131072.00,110.625,0.000,0.115,0.000,-0.130,88.700,88.700,-0.048,7.385,3.491,0.00,0.00,73.11,0.00,
119.947,22,0.0,2.2,0.0,0.0,199,3025,2,5060,5052,106,21.7,22.2,23.0,23.0,23.0,0,14.56,14.57,19.9,45.0,72,0.99,104.0,95.0,-0.7,0.99,15,23,88,-0.837,-14.75,0,3,0.00,0.045,296.3891,30.700,-0.800,0.000,0.000,0.000,0.000,0.000,5.362,46.8400,46.05,1.1058,0.0,82.10,82.500,0,0.00,0.00,131072.00,115.812,0.000,0.117,0.000,-0.132,88.600,89.400,-0.048,7.678,4.125,0.00,0.00,73.11,0.00,
120.025,22,0.0,2.2,0.0,0.0,199,3062,2,5060,5080,106,21.0,21.2,22.0,22.0,22.0,0,14.60,14.61,20.3,46.5,72,0.99,108.0,100.7,-0.6,1.00,16,24,88,-0.774,-14.75,0,3,0.00,0.047,295.2905,30.500,-0.800,0.000,0.000,0.000,0.000,0.000,5.486,47.3600,46.81,1.1079,0.0,84.60,84.700,0,0.00,0.00,131072.00,119.625,0.000,0.119,0.000,-0.138,89.200,89.500,-0.036,7.830,2.026,0.00,0.00,72.96,0.00,
120.097,22,0.0,2.3,0.0,0.0,200,3080,2,5060,5083,106,21.0,21.2,22.0,22.0,22.0,0,14.68,14.68,20.7,46.5,72,0.99,108.0,102.1,-0.6,1.01,16,24,88,-0.749,-14.75,0,3,0.00,0.047,294.6313,30.500,-0.800,0.000,0.000,0.000,0.000,0.000,5.544,47.8100,47.27,1.1107,0.0,85.00,84.700,0,0.00,0.00,131072.00,121.593,0.000,0.119,0.000,-0.144,89.300,90.200,0.030,7.910,1.873,0.00,0.00,72.96,0.00,
120.175,23,0.0,2.3,0.0,0.0,200,3076,2,5060,5069,106,20.2,20.7,21.5,21.5,21.5,0,14.54,14.52,20.7,47.2,72,0.99,112.0,102.7,-0.6,1.00,16,24,88,-0.740,-14.75,0,3,0.00,0.047,294.3017,30.600,-0.800,0.000,0.000,0.000,0.000,0.000,5.635,47.8900,48.01,1.1129,0.0,86.70,87.800,0,0.00,0.00,131072.00,123.281,0.000,0.119,0.000,-0.150,90.100,90.400,0.030,8.007,1.873,0.00,0.00,72.96,0.00,
120.256,23,0.0,2.4,0.0,0.0,200,3072,2,5060,5065,106,19.5,20.2,21.0,21.0,21.0,0,14.49,14.49,21.0,47.2,72,0.99,112.0,104.1,-0.6,0.99,16,24,88,-0.728,-14.75,0,3,0.00,0.045,294.1918,30.600,-0.800,0.000,0.000,0.000,0.000,0.000,5.613,47.9300,47.82,1.1154,0.0,87.50,87.200,0,0.00,0.00,131072.00,123.593,0.000,0.119,0.000,-0.154,90.200,90.300,-0.018,8.056,0.311,0.00,0.00,72.96,0.00,
120.335,22,0.0,2.4,0.0,0.0,200,3102,2,5060,5060,106,19.5,20.2,21.0,21.0,21.0,0,14.55,14.56,21.0,46.5,72,0.99,112.0,103.7,-0.6,0.99,16,24,88,-0.744,-14.75,0,3,0.00,0.045,295.2026,30.400,-0.800,0.000,0.000,0.000,0.000,0.000,5.468,47.0000,46.20,1.1173,0.0,84.90,84.200,0,0.00,0.00,131072.00,122.968,0.000,0.119,0.000,-0.156,90.700,90.400,-0.018,8.087,-0.079,0.00,0.00,72.96,0.00,
120.405,23,0.0,2.5,0.0,0.0,200,3143,2,5060,5050,106,21.0,21.2,22.0,22.0,22.0,0,14.59,14.60,20.3,46.5,72,0.99,112.0,102.4,-0.7,0.99,15,24,87,-0.785,-14.75,0,3,0.00,0.045,294.9169,30.800,-0.800,0.000,0.000,0.000,0.000,0.000,5.739,48.7400,47.83,1.1186,0.0,83.30,85.000,0,0.00,0.00,131072.00,125.468,0.000,0.121,0.000,-0.166,90.600,90.700,0.042,8.160,4.058,0.00,0.00,72.96,0.00,
120.483,24,0.0,2.5,0.0,0.0,200,3172,2,5060,5049,106,19.5,20.2,21.5,21.0,21.5,0,14.58,14.59,20.7,49.5,72,0.99,120.0,104.8,-0.7,0.99,16,24,87,-0.785,-14.75,0,3,0.00,0.049,291.6870,31.300,-0.800,0.000,0.000,0.000,0.000,0.000,6.125,51.5100,50.71,1.1201,0.0,90.10,92.900,0,0.00,0.00,131072.00,131.843,0.000,0.123,0.000,-0.171,90.800,91.800,0.000,8.325,1.647,0.00,0.00,72.96,0.00,
120.575,24,0.0,2.5,0.0,0.0,200,3194,2,5060,5062,106,18.7,19.2,20.0,20.0,20.0,0,14.78,14.78,22.6,51.7,72,0.99,128.0,113.9,-0.7,1.01,17,25,86,-0.658,-14.75,0,3,0.00,0.051,287.6660,31.200,-0.800,0.000,0.000,0.000,0.000,0.000,6.248,51.9100,52.41,1.1246,0.0,96.60,97.300,0,0.00,0.00,131072.00,137.687,0.000,0.125,0.000,-0.179,91.900,93.200,-0.067,8.514,3.143,0.00,0.00,72.82,0.00,
120.645,24,0.0,2.6,0.0,0.0,200,3209,2,5060,5046,106,18.7,19.2,20.0,20.0,20.0,0,14.56,14.51,23.0,52.5,72,0.99,128.0,119.9,-0.7,1.01,17,25,86,-0.615,-14.75,0,3,0.00,0.051,287.8198,31.700,0.000,0.000,0.000,0.000,0.000,0.000,6.248,51.9500,52.41,1.1281,0.0,97.70,97.300,0,0.00,0.00,131072.00,139.250,0.000,0.125,0.000,-0.185,92.900,93.500,0.048,8.605,2.044,0.00,0.00,72.82,0.00,
120.725,24,0.0,2.7,0.0,0.0,200,3222,2,5060,5049,106,19.5,20.0,20.0,20.0,20.0,0,14.37,14.36,23.0,51.7,72,0.99,128.0,120.4,-0.7,0.99,17,25,86,-0.712,-14.75,0,3,0.00,0.051,289.3359,31.400,0.000,0.000,0.000,0.000,0.000,0.000,6.248,51.9100,51.80,1.1315,0.0,96.40,96.000,0,0.00,0.00,131072.00,140.218,0.000,0.125,0.000,-0.197,93.400,93.500,-0.085,8.673,-0.396,0.00,0.00,72.96,0.00,
120.795,27,0.0,2.8,0.0,0.0,200,3252,2,5060,5049,104,20.2,20.5,20.5,20.0,20.0,0,14.38,14.38,23.0,52.5,72,0.99,132.0,118.2,-0.8,0.98,17,25,85,-0.737,-14.75,0,3,0.00,0.072,288.0834,31.600,0.000,0.000,0.000,0.000,0.000,0.000,6.812,61.1200,54.96,1.1338,0.0,98.20,99.400,0,0.00,0.00,131072.00,149.625,0.000,0.128,0.000,-0.218,93.800,96.300,0.115,8.721,3.521,0.00,0.00,72.96,0.00,
120.876,38,0.0,2.6,0.0,2.5,200,3284,2,5060,5031,104,19.5,19.5,17.5,19.0,17.5,0,14.51,14.53,25.0,66.0,72,0.99,160.0,134.1,-0.6,0.98,23,25,83,0.551,-14.75,0,3,0.00,8.876,265.8471,37.700,0.000,0.000,0.000,0.000,0.000,0.000,9.673,120.4300,93.08,1.1380,0.0,128.40,172.300,0,0.00,0.00,131072.00,229.656,2.205,0.523,0.000,1.681,96.000,102.700,-12.030,0.000,-52.911,0.00,0.00,71.66,0.00,
120.955,57,0.0,1.5,11.5,15.7,201,3383,2,5060,4963,104,7.5,8.2,8.2,5.6,6.2,0,15.01,15.01,44.5,99.0,72,0.99,256.0,237.6,1.2,1.01,78,26,99,2.218,-14.75,0,3,0.00,18.721,242.3583,42.600,0.000,0.000,0.000,0.000,0.000,0.000,9.850,199.8500,98.27,1.1606,0.0,205.50,212.100,0,0.00,0.00,131072.00,438.187,17.753,4.732,0.000,13.021,103.000,106.700,6.353,0.000,-113.543,0.00,0.00,69.92,0.00,
121.034,69,0.0,2.9,16.6,19.6,201,3459,2,5060,5054,104,5.2,5.6,5.8,5.6,5.7,0,14.03,13.84,43.3,100.5,72,0.99,264.0,275.4,2.5,1.00,95,26,99,4.305,-14.75,0,3,0.00,19.435,240.4028,40.700,0.000,0.000,0.000,0.000,0.000,0.000,9.850,199.4100,106.54,1.2008,2.0,203.70,227.800,0,0.00,0.00,131072.00,545.031,21.968,8.462,0.000,13.505,104.900,107.100,6.353,0.000,-113.543,0.00,0.00,67.89,0.00,
121.114,82,0.0,5.1,14.9,19.4,201,3456,2,5060,5075,104,12.0,12.5,12.5,12.5,12.5,0,13.68,13.82,49.2,113.2,72,0.99,300.0,320.1,4.6,1.00,98,26,99,6.956,-14.75,0,3,0.00,19.557,229.6801,44.200,0.000,0.000,0.000,0.000,0.000,0.000,9.850,199.7800,122.42,1.2485,2.0,255.60,266.900,0,0.00,0.00,131072.00,577.250,22.960,9.917,0.000,13.042,105.300,107.200,6.353,0.000,-113.543,0.00,0.00,65.28,0.00,
121.184,96,0.0,8.0,12.2,19.5,201,3525,2,5060,5062,104,12.0,12.5,12.5,12.5,9.5,0,14.07,14.11,57.8,128.2,72,0.99,360.0,368.5,7.5,1.00,99,27,99,9.593,-14.75,0,3,0.00,0.000,219.0673,45.300,0.000,0.000,-3.000,0.000,0.000,0.000,9.850,168.3800,136.92,1.2926,2.0,227.40,48.300,0,0.00,0.00,131072.00,586.187,4.656,3.486,0.000,1.169,105.000,106.800,6.353,0.000,-113.543,0.00,0.00,62.67,0.00,
121.265,99,0.0,11.6,0.0,0.0,201,3297,2,5060,5100,104,-22.5,-22.5,-22.5,-22.5,-25.5,0,14.02,14.00,84.7,147.7,72,0.99,400.0,453.8,10.8,1.00,99,27,73,15.459,-14.75,0,3,0.00,0.000,207.1142,49.000,0.000,0.000,-3.000,0.000,0.000,0.000,9.850,170.3200,172.70,1.3558,2.0,72.40,93.900,0,0.00,0.00,131072.00,527.406,0.000,0.533,0.000,-1.289,104.000,106.200,-6.439,0.000,94.665,0.00,0.00,56.72,0.00,
121.344,99,0.0,16.9,0.0,0.0,201,3194,2,5060,5069,104,-22.5,-22.5,-22.5,-22.5,-25.5,0,14.70,14.97,99.6,184.5,72,0.99,460.0,505.0,16.2,1.00,86,28,73,18.275,-14.75,0,3,0.00,0.000,184.5263,54.100,0.000,0.000,-3.000,0.000,0.000,0.000,9.850,172.9500,190.80,1.3972,2.0,121.00,129.700,0,0.00,0.00,131072.00,496.375,0.000,0.449,0.000,-1.195,100.700,105.700,0.042,0.000,12.329,0.00,0.00,53.97,0.00,
121.415,99,0.0,21.1,0.0,0.0,201,3427,2,5060,5128,104,-22.5,-22.5,-22.5,-22.5,-25.5,0,16.17,16.07,99.6,186.7,72,0.99,496.0,481.8,16.5,1.07,30,27,73,17.138,-14.75,0,3,0.00,0.000,180.0439,53.500,0.000,0.000,-3.000,0.000,0.000,0.000,9.850,173.9900,186.40,1.4451,2.0,110.60,105.700,0,0.00,0.00,131072.00,504.593,0.000,0.470,0.000,-1.300,101.800,105.600,0.091,0.128,11.041,0.00,0.00,55.13,0.00,
121.495,99,0.0,25.0,0.0,0.0,201,3656,2,5060,5110,104,-22.5,-22.5,-22.5,-22.5,-25.5,0,15.08,14.94,99.6,181.5,72,0.99,520.0,465.2,15.4,1.07,24,27,72,15.486,-14.75,0,3,0.00,0.000,179.5825,52.600,0.000,0.000,-3.000,0.000,0.000,0.000,9.850,173.5100,179.96,1.5048,2.0,96.60,95.200,0,0.00,0.00,131072.00,536.000,0.000,0.556,0.000,-1.490,103.300,105.600,-0.073,0.634,12.036,0.00,0.00,56.72,0.00,
121.575,99,0.0,27.4,0.0,0.0,201,3738,2,5060,5060,104,-22.5,-22.5,-22.5,-22.5,-25.5,0,14.03,14.00,99.6,177.0,72,0.99,524.0,456.6,14.6,1.03,22,27,71,14.469,-14.75,0,3,0.00,0.000,190.5688,51.200,0.000,0.000,-3.000,0.000,0.000,0.000,9.850,173.3400,176.00,1.5625,2.0,87.20,85.200,0,0.00,0.00,131072.00,555.062,0.000,0.611,0.000,-1.562,104.700,106.000,0.659,1.129,19.812,0.00,0.00,57.74,0.00,
121.645,99,0.0,27.9,0.0,0.0,201,3530,2,5060,5069,104,-22.5,-22.5,-22.5,-22.5,-25.5,0,13.83,13.83,99.6,174.7,72,0.99,496.0,439.1,14.3,1.02,21,27,72,14.174,-14.75,0,3,0.00,0.000,194.7875,50.900,0.000,0.000,-3.000,0.000,0.000,0.000,9.850,174.3000,175.08,1.6082,2.0,90.40,95.000,0,0.00,0.00,131072.00,547.687,0.000,0.587,0.000,-1.466,104.800,105.700,-0.024,1.446,1.464,0.00,0.00,58.03,0.00,
121.715,99,0.0,27.5,0.0,0.0,201,3379,2,5060,5110,104,-22.5,-22.5,-22.5,-22.5,-25.5,0,14.19,14.19,99.6,174.0,72,0.99,468.0,407.4,14.4,1.00,21,28,72,13.771,-14.75,0,3,0.00,0.000,200.1928,49.200,0.000,0.000,-3.000,0.000,0.000,0.000,9.850,174.2000,173.98,1.6481,2.0,95.80,99.300,0,0.00,0.00,131072.00,526.750,0.000,0.531,0.000,-1.337,104.100,105.600,-0.048,1.287,-6.622,0.00,0.00,58.46,0.00,
121.795,99,0.0,26.8,0.0,0.0,201,3399,2,5060,5088,104,-22.5,-22.5,-22.5,-22.5,-25.5,0,14.49,14.55,98.8,172.5,72,0.99,460.0,393.4,14.0,0.99,21,28,72,12.903,-14.75,0,3,0.00,0.000,202.2143,48.700,0.000,0.000,-3.000,0.000,0.000,0.000,9.850,174.6200,171.45,1.6854,2.0,91.00,86.700,0,0.00,0.00,131072.00,515.500,0.000,0.501,0.000,-1.308,103.900,105.600,0.134,0.933,-5.706,0.00,0.00,59.33,0.00,
121.881,99,0.0,25.7,0.0,0.0,202,3506,2,5060,5055,103,-22.5,-22.5,-22.5,-22.5,-25.5,0,14.68,14.66,98.0,173.2,72,0.99,468.0,394.7,13.8,1.00,22,28,72,13.127,-14.75,0,3,0.00,0.000,198.9404,49.200,0.000,0.000,-3.000,0.000,0.000,0.000,9.850,175.4500,173.74,1.7190,2.0,82.40,84.100,0,0.00,0.00,131072.00,522.031,0.000,0.517,0.000,-1.371,104.500,105.500,0.042,0.689,-4.193,0.00,0.00,59.04,0.00,
121.965,99,0.0,24.8,0.0,0.0,202,3594,2,5060,5026,103,-22.5,-22.5,-22.5,-22.5,-25.5,0,14.54,14.52,98.8,174.0,72,0.99,488.0,428.9,13.8,0.99,23,28,72,13.608,-14.75,0,3,0.00,0.000,198.9843,49.300,0.000,0.000,-3.000,0.000,0.000,0.000,9.850,175.8100,175.19,1.7630,2.0,84.00,84.900,0,0.00,0.00,131072.00,535.812,0.000,0.554,0.000,-1.449,104.700,105.500,0.115,0.683,2.941,0.00,0.00,58.61,0.00,
122.047,99,0.0,24.8,0.0,0.0,202,3625,2,5060,5052,103,-22.5,-22.5,-22.5,-22.5,-25.5,0,14.56,14.56,99.6,175.5,72,0.99,496.0,445.8,14.1,0.98,23,28,72,14.056,-14.75,0,3,0.00,0.000,197.7099,49.300,0.000,0.000,-3.000,0.000,0.000,0.000,9.850,175.8400,176.42,1.8043,2.0,89.00,90.300,0,0.00,0.00,131072.00,542.718,0.000,0.574,0.000,-1.480,104.300,105.500,0.000,0.915,7.037,0.00,0.00,58.17,0.00,
122.125,99,0.0,25.1,0.0,0.0,202,3568,2,5060,5054,103,-22.5,-22.5,-22.5,-22.5,-25.5,0,14.72,14.72,99.6,177.0,72,0.99,496.0,449.7,14.3,1.00,23,28,71,14.281,-14.75,0,3,0.00,0.000,196.2158,50.200,0.000,0.000,-3.000,0.000,0.000,0.000,9.850,176.1200,177.00,1.8401,2.0,90.70,91.200,0,0.00,0.00,131072.00,540.343,0.000,0.568,0.000,-1.449,105.100,105.500,0.018,1.177,5.017,0.00,0.00,57.88,0.00,
122.205,99,0.0,25.4,0.0,0.0,202,3510,2,5060,5088,103,-22.5,-22.5,-22.5,-22.5,-25.5,0,14.77,14.77,99.6,176.2,72,0.99,480.0,431.5,14.2,1.01,22,28,72,14.052,-14.75,0,3,0.00,0.000,196.6333,50.100,0.000,0.000,-2.300,0.000,0.000,0.000,9.850,176.2500,176.05,1.8743,2.0,91.80,90.700,0,0.00,0.00,131072.00,532.500,0.000,0.546,0.000,-1.400,105.300,105.500,-0.140,1.275,-0.213,0.00,0.00,58.17,0.00,
122.285,99,0.0,25.5,0.0,0.0,202,3537,2,5060,5079,103,-22.5,-22.5,-22.5,-22.5,-24.8,0,14.49,14.47,99.6,175.5,72,0.99,480.0,421.3,14.0,1.01,22,28,72,13.542,-14.75,0,3,0.00,0.000,197.8857,49.200,0.000,0.000,-2.300,0.000,0.000,0.000,9.850,176.5600,174.99,1.8986,2.0,87.50,84.800,0,0.00,0.00,131072.00,530.437,0.000,0.541,0.000,-1.402,105.000,105.500,0.115,1.257,0.103,0.00,0.00,58.61,0.00,
122.365,99,0.0,25.5,0.0,0.0,202,3562,2,5060,5047,103,-22.5,-22.5,-22.5,-22.5,-24.8,0,14.37,14.40,98.8,174.7,72,0.99,480.0,427.6,13.9,1.00,22,28,72,13.660,-14.75,0,3,0.00,0.000,199.0722,49.400,0.000,0.000,-2.300,0.000,0.000,0.000,9.850,176.7000,175.07,1.9229,2.0,84.10,84.900,0,0.00,0.00,131072.00,533.031,0.000,0.546,0.000,-1.423,105.300,105.500,0.000,1.275,0.836,0.00,0.00,58.61,0.00,
122.445,99,0.0,25.2,0.0,0.0,202,3590,2,5060,5060,103,-22.5,-22.5,-22.5,-22.5,-24.8,0,14.53,14.56,99.2,174.7,72,0.99,488.0,435.9,14.0,1.00,23,28,72,13.963,-14.75,0,3,0.00,0.000,197.8857,49.700,0.000,0.000,-2.300,0.000,0.000,0.000,9.850,176.6700,176.19,1.9439,2.0,86.90,90.100,0,0.00,0.00,131072.00,536.500,0.000,0.554,0.000,-1.441,105.500,105.500,-0.024,1.348,2.087,0.00,0.00,58.17,0.00,
122.525,99,0.0,25.2,0.0,0.0,202,3586,2,5060,5055,103,-22.5,-22.5,-22.5,-22.5,-24.8,0,14.59,14.57,99.6,176.2,72,0.99,488.0,444.9,14.2,1.00,23,28,71,14.163,-14.75,0,3,0.00,0.000,197.2265,49.700,0.000,0.000,-2.300,0.000,0.000,0.000,9.850,176.3600,176.81,1.9666,2.0,89.90,90.700,0,0.00,0.00,131072.00,536.218,0.000,0.554,0.000,-1.437,105.100,105.500,-0.024,1.464,2.923,0.00,0.00,58.03,0.00,
122.605,99,0.0,25.2,0.0,0.0,202,3569,2,5060,5059,103,-22.5,-22.5,-22.5,-22.5,-24.8,0,14.60,14.63,99.6,176.2,72,0.99,488.0,439.8,14.2,1.01,23,28,71,14.305,-14.75,0,3,0.00,0.000,196.7431,50.300,0.000,0.000,-2.300,0.000,0.000,0.000,9.850,176.2500,176.86,1.9858,2.0,90.30,90.900,0,0.00,0.00,131072.00,534.968,0.000,0.550,0.000,-1.425,105.100,105.500,-0.427,1.745,6.262,0.00,0.00,57.88,0.00,
122.675,99,0.0,25.5,0.0,0.0,202,3560,2,5060,5065,103,-22.5,-22.5,-22.5,-22.5,-24.8,0,14.63,14.65,99.6,175.5,72,0.99,484.0,435.9,14.1,1.01,23,28,71,14.147,-14.75,0,3,0.00,-0.001,196.9189,50.000,0.000,0.000,-2.300,0.000,0.000,0.000,9.850,176.2900,175.19,2.0031,2.0,88.60,85.400,0,0.00,0.00,131072.00,533.281,0.000,0.546,0.000,-1.417,105.400,105.500,-0.048,1.904,2.191,0.00,0.00,58.03,0.00,
122.756,99,0.0,25.6,0.0,0.0,202,3570,2,5060,5036,103,-22.5,-22.5,-22.5,-22.5,-24.8,0,14.59,14.56,98.8,174.7,72,0.99,484.0,433.9,14.0,1.01,23,28,71,13.923,-14.75,0,3,0.00,-0.001,196.8969,49.900,0.000,0.000,-2.300,0.000,0.000,0.000,9.850,176.2500,175.06,2.0166,2.0,84.30,84.800,0,0.00,0.00,131072.00,532.937,0.000,0.544,0.000,-1.419,105.300,105.500,0.067,2.026,3.442,0.00,0.00,58.32,0.00,
122.835,99,0.0,25.5,0.0,0.0,202,3605,2,5060,5069,103,-22.5,-22.5,-22.5,-22.5,-24.8,0,14.48,14.47,98.8,174.7,72,0.99,488.0,435.7,13.9,1.01,23,28,71,14.004,-14.75,0,3,0.00,-0.001,196.8969,49.400,0.000,0.000,-2.300,0.000,0.000,0.000,9.850,176.2500,174.73,2.0302,2.0,83.60,84.200,0,0.00,0.00,131072.00,535.937,0.000,0.554,0.000,-1.443,105.500,105.500,-0.073,2.160,2.716,0.00,0.00,58.17,0.00,
122.905,99,0.0,25.4,0.0,0.0,202,3610,2,5060,5069,103,-22.5,-22.5,-22.5,-22.5,-24.0,0,14.49,14.49,98.8,175.5,72,0.99,488.0,441.5,14.1,1.01,23,28,71,14.199,-14.75,0,3,0.00,-0.001,196.8090,50.000,0.000,0.000,-1.500,0.000,0.000,0.000,9.850,176.2900,176.26,2.0405,2.0,89.50,90.000,0,0.00,0.00,131072.00,537.562,0.000,0.558,0.000,-1.449,105.700,105.500,0.067,2.288,3.765,0.00,0.00,58.03,0.00,
122.986,99,0.0,25.4,0.0,0.0,203,3600,2,5060,5074,103,-22.5,-22.5,-22.5,-22.5,-24.0,0,14.57,14.57,99.6,176.2,72,0.99,492.0,445.1,14.2,1.01,23,28,71,14.355,-14.75,0,3,0.00,0.000,196.2377,49.700,0.000,0.000,-1.500,0.000,0.000,0.000,9.850,176.2500,176.72,2.0535,2.0,91.30,91.100,0,0.00,0.00,131072.00,537.468,0.000,0.558,0.000,-1.447,105.300,105.500,0.000,2.410,2.404,0.00,0.00,57.89,0.00,
123.056,99,0.0,25.4,0.0,0.0,203,3584,2,5060,5072,103,-22.5,-22.5,-22.5,-22.5,-24.0,0,14.53,14.53,99.6,176.2,72,0.99,492.0,447.5,14.2,1.01,23,28,71,14.185,-14.75,0,3,0.00,0.000,196.6113,49.800,0.000,0.000,-1.500,0.000,0.000,0.000,9.850,176.2500,176.15,2.0631,2.0,91.40,91.000,0,0.00,0.00,131072.00,536.312,0.000,0.554,0.000,-1.439,105.700,105.500,0.042,2.471,1.147,0.00,0.00,58.03,0.00,
123.135,99,0.0,25.6,0.0,0.0,203,3600,2,5060,5070,103,-22.5,-22.5,-22.5,-22.5,-24.0,0,14.53,14.55,99.6,175.5,72,0.99,488.0,439.9,14.1,1.01,23,28,71,14.185,-14.75,0,3,0.00,0.000,196.8750,49.400,0.000,0.000,-1.500,0.000,0.000,0.000,9.850,176.1800,175.41,2.0728,2.0,89.10,86.200,0,0.00,0.00,131072.00,536.125,0.000,0.552,0.000,-1.443,105.400,105.500,0.018,2.496,0.836,0.00,0.00,58.03,0.00,
123.235,99,0.0,25.5,0.0,0.0,203,3632,2,5060,5080,103,-22.5,-22.5,-22.5,-22.5,-24.0,0,14.56,14.55,99.2,174.7,72,0.99,488.0,439.8,14.0,1.01,23,28,71,14.042,-14.75,0,3,0.00,0.000,197.2924,49.400,0.000,0.000,-1.500,0.000,0.000,0.000,9.850,176.1400,174.64,2.0832,2.0,83.60,84.000,0,0.00,0.00,131072.00,538.968,0.000,0.560,0.000,-1.458,105.300,105.500,-0.048,2.587,1.879,0.00,0.00,58.18,0.00,
123.315,99,0.0,25.6,0.0,0.0,203,3630,2,5060,5059,103,-22.5,-22.5,-22.5,-22.5,-24.0,0,14.50,14.50,98.8,174.7,72,0.99,488.0,437.4,14.0,1.01,23,28,71,14.042,-14.75,0,3,0.00,0.000,197.4902,49.400,0.000,0.000,-1.500,0.000,0.000,0.000,9.850,175.9900,174.69,2.0908,2.0,83.60,84.200,0,0.00,0.00,131072.00,539.218,0.000,0.560,0.000,-1.458,105.600,105.500,-0.048,2.679,0.939,0.00,0.00,58.18,0.00,
123.398,99,0.0,25.6,0.0,0.0,204,3631,2,5060,5046,103,-22.5,-22.5,-22.5,-22.5,-24.0,0,14.49,14.49,98.8,174.0,72,0.99,488.0,436.9,13.9,1.00,23,28,71,14.031,-14.75,0,3,0.00,0.000,198.2153,49.300,0.000,0.000,-0.800,0.000,0.000,0.000,9.850,175.9900,174.32,2.0965,2.0,83.50,85.200,0,0.00,0.00,131072.00,538.781,0.000,0.560,0.000,-1.455,105.500,105.500,-0.048,2.764,1.879,0.00,0.00,58.18,0.00,
123.485,99,0.0,25.4,0.0,0.0,204,3638,2,5060,5050,103,-22.5,-22.5,-22.5,-22.5,-23.3,0,14.54,14.53,98.8,174.7,72,0.99,492.0,446.2,14.1,1.00,23,28,71,14.200,-14.75,0,3,0.00,0.000,197.1166,49.500,0.000,0.000,-0.800,0.000,0.000,0.000,9.850,175.9200,175.76,2.1024,2.0,86.20,89.100,0,0.00,0.00,131072.00,539.218,0.000,0.560,0.000,-1.462,105.600,105.500,-0.048,2.838,1.568,0.00,0.00,58.03,0.00,
123.565,99,0.0,25.5,0.0,13.8,204,3783,2,5060,5039,102,6.7,7.0,7.0,-22.5,6.2,0,14.62,14.62,99.6,175.5,72,0.99,500.0,449.5,14.1,1.01,23,29,23,13.691,-14.75,0,3,0.00,17.563,184.9438,51.000,0.000,0.000,-0.800,0.000,0.000,0.000,9.850,195.8500,176.40,2.1072,0.0,372.80,286.800,0,131072.00,131072.00,131072.00,571.312,1.144,2.859,0.000,-1.714,106.500,105.800,-0.903,0.000,199.993,0.00,0.00,58.47,0.00,
123.635,99,0.0,20.8,0.0,18.9,204,4212,2,5060,5060,102,7.5,7.5,7.5,7.5,6.7,0,14.18,13.95,81.6,185.2,72,0.99,592.0,477.5,15.4,1.01,33,29,23,14.574,-14.75,0,3,0.00,19.359,169.7827,52.800,0.000,0.000,-0.800,0.000,0.000,0.000,9.850,207.4900,189.06,2.0884,0.0,380.00,293.100,0,131072.00,131072.00,131072.00,668.250,7.156,8.468,0.000,-1.312,106.900,107.200,-4.632,0.000,199.993,0.00,0.00,57.60,0.00,
123.745,99,0.0,15.4,2.7,19.5,204,4197,2,5060,5041,102,6.7,7.0,6.5,7.0,5.7,0,13.11,12.97,83.2,182.2,72,0.99,596.0,514.2,15.2,1.00,66,29,42,13.276,-14.75,0,3,0.00,20.294,182.2192,50.100,0.000,0.000,-0.800,0.000,0.000,0.000,9.850,212.1400,172.36,2.0603,0.0,376.20,307.100,0,131072.00,131072.00,131072.00,735.968,23.505,12.632,0.000,10.873,109.600,108.100,0.585,0.000,-200.000,0.00,0.00,58.90,0.00,
123.826,99,0.0,12.6,7.1,20.5,204,4163,2,5060,5067,102,7.5,7.6,7.6,8.0,7.2,0,13.19,13.21,75.7,165.0,72,0.99,532.0,461.3,12.6,1.00,93,31,73,11.982,-14.75,0,3,0.00,20.803,193.7109,48.300,0.000,0.000,-0.800,0.000,0.000,0.000,9.850,214.3900,161.08,2.0360,0.0,322.20,312.800,0,0.00,0.00,131072.00,752.125,28.693,13.816,0.000,14.876,109.500,108.000,4.089,0.000,-200.000,0.00,0.00,60.21,0.00,
123.895,99,0.0,11.8,9.0,21.1,205,4026,2,5060,5057,102,3.0,3.7,9.5,9.5,8.7,0,13.43,13.46,70.7,158.2,72,0.99,496.0,457.0,11.7,1.00,97,32,80,12.358,-14.75,0,3,0.00,21.421,199.2919,47.800,0.000,0.000,-0.800,0.000,0.000,0.000,9.850,217.6700,159.66,2.0368,0.0,338.50,317.800,0,131072.00,131072.00,131072.00,749.000,29.183,14.242,0.000,14.941,109.200,107.600,5.590,0.000,-93.933,0.00,0.00,59.92,0.00,
123.993,99,0.0,13.0,9.0,21.6,205,4114,2,5060,5055,102,9.0,9.0,9.0,9.0,8.2,0,13.86,13.92,71.0,163.5,72,0.99,516.0,484.7,12.5,1.00,99,33,81,14.400,-14.75,0,3,0.00,21.797,185.5590,50.000,0.000,0.000,0.000,0.000,0.000,0.000,9.850,220.2900,172.06,2.0730,0.0,353.10,316.800,0,131072.00,131072.00,131072.00,761.656,28.865,14.833,0.000,14.031,107.700,107.600,0.878,0.061,13.836,0.00,0.00,57.74,0.00,
124.074,99,0.0,16.4,6.1,21.8,205,4453,2,5060,5067,102,7.5,7.5,8.0,7.5,8.0,0,13.53,13.46,78.9,185.2,72,0.99,636.0,585.2,15.7,1.00,99,33,72,17.021,-14.75,0,3,0.00,21.840,159.7851,53.100,0.000,0.000,0.000,0.000,0.000,0.000,9.850,221.4200,191.88,2.1470,0.0,379.10,310.800,0,131072.00,131072.00,131072.00,812.750,26.136,16.312,0.000,9.824,107.900,109.500,-0.323,0.000,36.022,0.00,0.00,55.13,0.00,
124.164,99,0.0,18.1,4.1,21.7,205,4588,2,5060,5077,102,6.0,6.5,6.5,6.5,6.5,0,13.05,13.02,86.7,191.2,72,0.99,700.0,627.7,17.5,0.99,100,34,65,18.394,-14.75,0,3,0.00,21.695,147.4804,54.200,0.000,0.000,0.000,0.000,0.000,0.000,9.850,220.7700,200.62,2.2135,0.0,379.90,309.200,0,131072.00,131072.00,131072.00,853.281,24.146,17.382,0.000,6.763,109.300,110.800,0.000,0.000,42.364,0.00,0.00,53.83,0.00,
124.234,99,0.0,18.5,2.9,21.5,205,4615,2,5060,5072,102,5.2,5.5,5.5,5.5,5.5,0,12.88,12.88,89.4,191.2,72,0.99,720.0,629.3,18.3,0.98,100,35,59,18.308,-14.75,0,3,0.00,21.166,146.9970,53.800,0.000,0.000,0.000,0.000,0.000,0.000,9.850,217.3800,201.19,2.2558,0.0,379.00,311.100,0,131072.00,131072.00,131072.00,861.375,23.125,17.509,0.000,5.615,110.500,111.100,-0.384,0.000,5.517,0.00,0.00,53.83,0.00,
124.316,99,0.0,18.0,2.5,20.5,205,4651,2,5060,5105,102,5.2,5.5,5.5,5.5,5.5,0,12.79,12.77,88.6,191.2,72,0.99,712.0,614.5,17.8,0.97,100,36,60,17.475,-14.75,0,3,0.00,20.273,150.4907,52.400,0.000,0.000,0.000,0.000,0.000,0.000,9.850,211.9200,196.02,2.2901,2.0,374.10,314.000,0,131072.00,131072.00,131072.00,852.687,21.691,16.882,0.000,4.808,111.400,111.100,0.079,0.042,2.276,0.00,0.00,54.69,0.00,
124.399,99,0.0,17.4,2.5,20.0,205,4768,2,5060,5059,102,6.0,6.0,6.0,6.0,6.0,0,12.80,12.78,86.7,191.2,72,0.99,712.0,612.4,17.2,0.97,100,37,59,16.897,-14.75,0,3,0.00,19.829,149.7875,52.400,0.000,0.000,0.000,0.000,0.000,0.000,9.850,208.7200,191.00,2.3138,2.0,369.90,317.200,0,131072.00,131072.00,131072.00,853.656,21.492,16.556,0.000,4.935,111.000,111.600,-0.109,0.347,5.017,0.00,0.00,55.27,0.00,
124.494,99,0.0,16.5,2.8,19.4,205,4938,2,5060,5042,102,7.5,7.5,7.0,7.5,7.0,0,12.68,12.68,84.7,186.7,72,0.99,712.0,606.5,16.3,0.99,100,38,58,15.907,-14.75,0,3,0.00,19.176,147.1728,52.200,0.000,0.000,0.000,0.000,0.000,0.000,9.850,203.9900,184.66,2.3397,2.0,366.20,319.600,0,131072.00,131072.00,131072.00,862.031,20.935,16.427,0.000,4.507,112.400,112.100,-0.421,0.848,8.007,0.00,0.00,56.29,0.00,
124.604,99,0.0,15.6,3.0,18.8,206,5060,2,5060,5024,102,7.5,8.0,8.0,8.0,8.0,0,12.18,12.20,82.4,180.7,72,0.99,704.0,609.6,15.4,0.96,100,39,54,15.137,-14.75,0,3,0.00,18.674,154.9072,51.300,0.000,0.000,0.000,0.000,0.000,0.000,9.850,200.2100,177.76,2.3560,2.0,359.00,323.000,0,131072.00,131072.00,131072.00,867.343,19.519,16.302,0.000,3.216,113.300,112.700,-1.177,0.054,1.208,0.00,0.00,57.01,0.00,
124.677,99,0.0,15.0,3.3,18.7,206,5146,2,5060,5021,102,8.2,8.5,8.5,8.5,8.5,0,12.57,12.57,81.2,175.5,72,0.99,696.0,598.4,14.7,0.97,100,39,57,14.494,-14.75,0,3,0.00,18.719,156.8408,50.700,0.000,0.000,0.000,0.000,0.000,0.000,9.850,199.8500,173.66,2.3579,2.0,350.00,324.700,0,131072.00,131072.00,131072.00,873.562,20.250,16.416,0.000,3.833,113.200,112.700,-0.701,0.000,-33.007,0.00,0.00,57.74,0.00,
124.765,99,0.0,14.3,4.1,18.9,206,5238,2,5060,5034,102,9.0,9.0,9.0,9.0,9.0,0,12.42,12.38,79.6,171.0,72,0.99,692.0,599.9,14.0,0.97,100,40,62,13.984,-14.75,0,3,0.00,19.241,161.6308,49.600,0.000,0.000,0.000,0.000,0.000,0.000,9.850,202.4700,170.31,2.3634,2.0,339.50,327.700,0,131072.00,131072.00,131072.00,896.281,23.855,17.291,0.000,6.564,113.500,112.700,0.128,0.000,-53.460,0.00,0.00,58.17,0.00,
124.834,99,0.0,14.5,5.0,19.5,206,5330,2,5060,5009,102,9.0,9.5,9.5,9.5,9.5,0,12.44,12.44,79.2,171.0,72,0.99,704.0,615.0,14.1,0.97,100,41,71,14.598,-14.75,0,3,0.00,19.718,157.6098,50.200,0.000,0.000,0.000,0.000,0.000,0.000,9.850,204.9400,172.07,2.3825,2.0,340.20,328.700,0,131072.00,131072.00,131072.00,918.875,27.175,18.267,0.000,8.908,113.300,113.300,0.317,0.000,-34.942,0.00,0.00,57.59,0.00,
124.914,99,0.0,15.5,4.7,19.8,206,5412,2,5060,5023,102,9.0,9.0,9.0,9.0,9.0,0,12.44,12.44,80.4,176.2,72,0.99,732.0,651.2,14.8,0.96,100,42,74,16.147,-14.75,0,3,0.00,19.999,147.4804,51.700,0.000,0.000,0.000,0.000,0.000,0.000,9.850,206.3200,182.25,2.4276,2.0,349.30,326.200,0,131072.00,131072.00,131072.00,945.406,27.679,19.435,0.000,8.244,113.300,113.500,2.111,0.103,29.852,0.00,0.00,56.00,0.00,
125.016,99,0.0,17.7,2.5,19.8,206,5561,2,5060,5131,102,7.5,8.0,7.5,8.0,7.5,0,12.41,12.37,87.8,189.0,72,0.99,808.0,710.2,17.0,0.96,100,42,60,17.813,-14.75,0,3,0.00,19.781,136.4501,51.100,0.000,0.000,0.000,0.000,0.000,0.000,9.850,203.9900,190.83,2.4902,2.0,351.50,322.700,0,131072.00,131072.00,131072.00,970.062,23.750,20.304,0.000,3.445,113.000,113.500,-0.024,0.000,33.044,0.00,0.00,54.40,0.00,
125.114,99,0.0,17.7,1.6,19.4,206,5680,2,5060,5060,102,7.5,8.0,8.0,8.0,8.0,0,12.54,12.56,91.0,189.7,72,0.99,832.0,712.1,17.4,0.97,100,43,53,17.081,-14.75,0,3,0.00,19.343,134.6484,51.500,0.000,0.000,0.000,0.000,0.000,0.000,9.850,200.2900,188.28,2.5231,2.0,351.40,324.500,0,131072.00,131072.00,131072.00,980.093,22.365,20.427,0.000,1.937,113.300,113.700,0.366,0.000,7.983,0.00,0.00,55.13,0.00,
125.215,99,0.0,16.6,2.3,19.1,206,5758,2,5060,5064,102,9.0,9.5,9.5,9.5,9.0,0,12.36,12.35,88.2,181.5,72,0.99,808.0,691.2,16.3,0.96,100,45,55,15.719,-14.75,0,3,0.00,19.138,146.4916,49.900,0.000,0.000,0.000,0.000,0.000,0.000,9.850,197.8100,178.73,2.5341,2.0,349.30,329.600,0,131072.00,131072.00,131072.00,982.000,23.599,20.324,0.000,3.275,114.500,114.300,0.164,0.000,-30.560,0.00,0.00,56.43,0.00,
125.295,99,0.0,15.9,3.0,19.2,206,5835,2,5060,5006,102,9.7,10.0,10.0,10.0,10.0,0,12.48,12.50,84.7,176.2,72,0.99,792.0,677.8,15.6,0.96,100,45,58,15.112,-14.75,0,3,0.00,19.392,148.4033,49.200,0.000,0.000,0.000,0.000,0.000,0.000,9.850,197.8900,173.73,2.5394,2.0,340.20,332.500,0,131072.00,131072.00,131072.00,988.968,24.740,20.501,0.000,4.238,114.100,114.400,-0.433,0.000,-29.205,0.00,0.00,57.16,0.00,
125.364,99,0.0,15.2,4.1,19.6,206,5941,2,5060,5103,102,10.5,11.0,11.0,11.0,11.0,0,12.33,12.27,83.2,170.2,72,0.99,780.0,670.7,14.9,0.95,100,46,65,14.818,-14.75,0,3,0.00,19.838,157.6538,47.000,0.000,0.000,0.000,0.000,0.000,0.000,9.850,199.2700,168.85,2.5484,2.0,327.20,324.800,0,0.00,0.00,131072.00,1004.656,28.556,21.078,0.000,7.478,114.700,114.400,0.054,0.000,-67.578,0.00,0.00,57.45,0.00,
125.444,99,0.0,15.3,4.8,20.1,206,6020,2,5060,5039,102,11.2,11.5,11.5,11.5,11.5,0,12.44,12.51,81.6,168.7,72,0.99,784.0,684.4,14.8,0.95,100,46,74,15.776,-14.75,0,3,0.00,20.434,149.4140,48.200,0.000,0.000,0.000,0.000,0.000,0.000,9.850,201.2300,171.96,2.5817,2.0,324.80,327.600,0,0.00,0.00,131072.00,1027.718,32.281,22.015,0.000,10.265,114.600,114.400,0.848,0.000,-28.546,0.00,0.00,56.43,0.00,
125.514,99,0.0,16.9,4.0,20.7,206,6116,2,5060,4996,102,10.5,11.0,7.5,11.0,10.5,0,12.65,12.65,83.5,176.2,72,0.99,832.0,734.5,16.3,0.96,100,47,74,17.520,-14.75,0,3,0.00,20.796,133.5937,50.500,0.000,0.000,0.000,-3.000,0.000,0.000,9.850,202.2500,181.53,2.6329,2.0,331.90,332.100,0,131072.00,131072.00,131072.00,1048.906,31.605,22.921,0.000,8.683,114.300,114.400,2.093,0.244,43.029,0.00,0.00,54.69,0.00,
125.614,99,0.0,19.0,1.8,20.8,206,6226,2,5060,5004,102,9.0,9.0,5.5,5.5,8.5,0,12.35,12.29,90.6,189.0,72,0.99,908.0,775.1,18.7,0.95,100,48,61,18.669,-14.75,0,3,0.00,20.690,123.0029,51.300,0.000,-3.000,0.000,-3.000,0.000,0.000,9.850,199.7800,188.32,2.7139,2.0,331.20,327.500,0,262144.00,262144.00,262144.00,1066.937,27.341,23.632,0.000,3.708,113.800,114.400,-0.115,0.000,22.503,0.00,0.00,53.53,0.00,
125.694,99,0.0,19.3,1.5,20.3,206,6314,2,5060,5057,102,9.0,9.5,6.5,6.5,8.3,0,12.46,12.49,90.6,186.7,72,0.99,912.0,782.1,18.6,0.95,100,48,59,18.404,-14.75,0,3,0.00,20.122,118.7841,51.200,0.000,-3.000,0.000,-3.000,0.000,0.000,9.850,194.9800,186.38,2.7530,2.0,323.80,323.100,0,0.00,0.00,262144.00,1065.062,25.025,23.373,0.000,1.652,113.500,114.400,0.061,0.000,31.091,0.00,0.00,53.82,0.00,
125.804,99,0.0,18.6,1.2,19.8,206,6381,3,5060,4991,102,6.7,6.8,6.9,6.8,6.9,0,12.54,12.53,90.2,183.7,72,0.99,904.0,776.3,18.1,0.96,87,49,56,17.511,-14.75,0,3,0.00,19.209,0.0000,26.600,0.000,-3.000,0.000,-3.000,0.000,0.000,9.850,188.6500,178.86,2.7804,2.0,307.70,-12.900,0,4.00,4.00,262144.00,1047.656,23.617,22.378,0.000,1.238,114.200,114.400,-1.031,0.000,5.029,0.00,0.00,54.69,0.00,
125.874,99,0.0,18.3,0.8,19.0,206,5783,3,5060,5023,102,-3.0,-3.0,-3.2,-3.0,-3.0,0,12.62,12.62,86.7,183.0,72,0.99,832.0,721.3,17.5,1.00,74,50,93,17.228,-14.75,0,3,0.00,19.011,0.0000,31.400,0.000,-3.000,0.000,-3.000,0.000,0.000,9.850,189.2300,178.76,2.7817,2.0,-12.60,-15.000,0,4.00,4.00,262144.00,991.500,21.576,20.626,0.000,0.949,119.400,114.400,3.601,0.000,-200.000,0.00,0.00,54.98,0.00,
125.955,99,0.0,16.8,1.9,19.2,206,5000,3,5060,4656,102,-9.7,-10.0,-10.0,5.5,8.5,0,19.11,19.11,82.8,172.5,72,0.99,696.0,581.6,16.2,1.00,72,51,97,15.015,-14.75,0,3,0.00,20.309,0.0000,31.600,0.000,-3.000,0.000,-3.000,0.000,0.000,9.850,195.4900,164.72,2.7976,2.0,-59.50,97.700,0,4.00,4.00,131072.00,882.687,21.115,17.142,0.000,3.972,117.700,113.200,1.257,0.000,-200.000,0.00,0.00,57.16,0.00,
126.057,99,0.0,14.9,5.7,21.6,206,4260,3,5060,4656,102,8.2,8.5,5.5,5.5,8.5,0,19.11,19.11,75.7,161.2,72,0.99,540.0,480.8,14.8,1.00,69,51,84,16.138,-14.75,0,3,0.00,22.535,179.1650,56.400,-3.000,-3.000,0.000,-3.000,0.000,0.000,9.850,207.2700,169.48,2.8206,2.0,318.00,333.500,0,0.00,0.00,131072.00,787.062,26.689,15.304,0.000,11.384,110.100,110.600,-9.967,0.000,-75.659,0.00,0.00,56.00,0.00,
126.134,99,0.0,19.7,4.3,22.3,206,4418,3,5060,5244,103,3.0,3.0,3.5,3.0,4.0,0,13.91,13.91,78.9,191.2,72,0.99,652.0,647.2,18.2,1.00,66,52,77,21.469,-14.75,0,3,0.00,22.248,149.6337,58.800,-3.000,-3.000,-3.000,-3.000,0.000,0.000,9.850,217.7400,215.36,2.8276,0.0,352.50,361.500,0,0.00,0.00,131072.00,792.031,18.955,15.869,0.000,3.085,106.900,109.800,2.325,0.000,122.814,0.00,0.00,50.78,0.00,
126.215,99,0.0,22.8,0.6,21.8,206,4427,3,5060,5353,103,0.0,0.5,0.5,0.5,0.5,0,14.06,14.06,97.2,191.2,72,0.99,764.0,699.1,21.5,0.97,65,53,58,22.183,-14.75,0,3,0.00,21.572,136.9555,56.600,-3.000,-3.000,-3.000,-3.000,0.000,0.000,9.850,220.9400,224.86,2.8120,0.0,384.20,388.300,0,0.00,0.00,131072.00,817.531,16.423,16.423,0.000,0.000,106.100,110.200,-1.263,0.000,11.499,0.00,0.00,50.05,0.00,
126.295,99,0.0,22.8,0.0,21.4,205,4441,3,5060,5235,103,0.0,0.5,0.5,0.5,0.5,0,13.74,13.55,98.8,191.2,72,0.99,760.0,661.8,21.1,0.99,50,53,59,20.806,-14.75,0,3,0.00,21.523,140.6469,55.200,-3.000,-3.000,-3.000,-3.000,0.000,0.000,9.850,222.6400,218.42,2.7804,0.0,366.70,365.200,0,0.00,0.00,131072.00,830.781,16.621,16.621,0.000,0.000,107.900,110.300,-0.653,-0.164,-17.547,0.00,0.00,51.36,0.00,
126.374,99,0.0,21.0,0.0,21.5,205,4488,3,5060,5212,103,0.0,0.5,0.5,0.5,0.5,0,12.95,12.90,96.8,191.2,72,0.99,744.0,636.6,20.2,0.97,64,54,61,19.924,-14.75,0,3,0.00,21.712,147.1728,55.000,-3.000,-3.000,-3.000,-3.000,0.000,0.000,9.850,223.9700,211.16,2.7461,0.0,359.20,358.400,0,0.00,0.00,131072.00,844.562,17.406,16.972,0.000,0.433,109.700,110.400,-0.366,-0.860,-18.731,0.00,0.00,52.23,0.00,
126.454,99,0.0,20.1,1.4,21.8,204,4546,3,5060,5190,103,0.7,1.0,1.0,1.0,1.0,0,13.10,13.14,92.9,191.2,72,0.99,732.0,634.7,19.4,0.97,71,54,64,19.455,-14.75,0,3,0.00,21.884,146.1401,54.700,-3.000,-3.000,-3.000,-3.000,0.000,0.000,9.850,224.7900,207.36,2.7153,0.0,352.40,352.600,0,0.00,0.00,131072.00,860.000,19.705,17.443,0.000,2.261,109.600,110.500,0.073,0.000,-27.349,0.00,0.00,52.81,0.00,
126.534,99,0.0,19.9,2.0,21.9,204,4604,3,5060,5157,103,0.7,1.0,1.0,1.0,1.0,0,13.11,13.10,92.1,191.2,72,0.99,736.0,640.6,19.1,0.97,77,55,68,19.859,-14.75,0,3,0.00,21.947,142.0532,54.400,-3.000,-3.000,-3.000,-3.000,0.000,0.000,9.850,224.9700,208.87,2.6975,0.0,350.90,351.100,0,0.00,0.00,131072.00,874.187,20.623,18.044,0.000,2.578,110.500,111.000,0.177,-0.018,-6.207,0.00,0.00,52.37,0.00,
126.614,99,0.0,20.2,1.9,21.9,202,4633,3,5060,5153,103,0.7,1.0,1.0,1.0,1.0,0,12.90,12.87,92.5,191.2,72,0.99,752.0,661.0,19.5,0.97,83,56,65,20.312,-14.75,0,3,0.00,22.031,139.3286,54.700,-3.000,-3.000,-3.000,-3.000,0.000,0.000,9.850,225.0000,211.91,2.6909,0.0,352.00,353.000,0,0.00,0.00,131072.00,883.656,20.554,18.451,0.000,2.103,112.000,111.100,0.134,0.000,32.574,0.00,0.00,51.94,0.00,
126.694,99,0.0,20.8,1.3,22.0,201,4691,3,5060,5054,103,0.7,1.0,1.0,1.0,1.0,0,12.83,12.85,94.9,191.2,72,0.99,772.0,668.6,20.2,0.97,85,56,61,20.312,-14.75,0,3,0.00,22.101,134.0991,54.400,-3.000,-3.000,-3.000,-3.000,0.000,0.000,9.850,224.6900,213.32,2.6873,2.0,354.80,354.400,0,0.00,0.00,131072.00,893.125,20.646,18.857,0.000,1.789,109.600,111.200,-0.543,0.000,14.703,0.00,0.00,51.94,0.00,
126.775,99,0.0,20.4,1.5,22.0,199,4734,3,5060,5128,103,0.7,1.0,1.0,1.0,1.0,0,12.77,12.74,94.9,191.2,72,0.99,776.0,664.3,19.9,0.97,87,57,59,19.621,-14.75,0,3,0.00,22.053,136.6040,54.200,-3.000,-3.000,-3.000,-3.000,0.000,0.000,9.850,224.0200,210.36,2.6817,2.0,351.40,350.500,0,0.00,0.00,131072.00,900.781,21.402,19.162,0.000,2.240,110.000,111.200,-0.256,0.109,4.931,0.00,0.00,52.52,0.00,
126.855,99,0.0,19.8,2.1,22.0,199,4750,3,5060,5055,103,0.7,1.0,1.0,1.0,1.0,0,12.67,12.70,92.9,191.2,72,0.99,764.0,657.7,19.4,0.96,89,57,60,19.260,-14.75,0,3,0.00,22.002,138.6035,53.900,-3.000,-3.000,-3.000,-3.000,0.000,0.000,9.850,223.5100,206.78,2.6751,2.0,348.30,347.600,0,0.00,0.00,131072.00,904.718,22.093,19.302,0.000,2.791,109.800,111.500,0.103,0.219,2.459,0.00,0.00,52.95,0.00,
126.935,99,0.0,19.2,2.5,21.8,197,4831,3,5060,5011,103,1.5,1.5,1.5,1.5,1.5,0,12.78,12.78,92.5,191.2,72,0.99,764.0,651.1,18.9,0.96,93,58,59,18.703,-14.75,0,3,0.00,21.857,139.2187,53.800,-3.000,-3.000,-3.000,-3.000,0.000,0.000,9.850,222.3700,202.71,2.6685,2.0,347.70,349.100,0,0.00,0.00,131072.00,912.062,22.517,19.517,0.000,3.000,110.500,111.900,0.000,0.585,9.045,0.00,0.00,53.53,0.00,
127.015,99,0.0,18.6,3.0,21.8,196,4865,3,5060,5031,103,1.5,2.0,2.0,1.5,1.5,0,12.61,12.58,90.6,191.2,72,0.99,752.0,648.2,18.3,0.96,96,58,59,18.291,-14.75,0,3,0.00,21.802,144.3603,52.600,-2.300,-3.000,-2.300,-2.300,0.000,0.000,9.850,221.6100,198.20,2.6610,2.0,346.70,345.100,0,0.00,0.00,131072.00,917.750,23.134,19.685,0.000,3.449,111.700,112.000,-0.366,0.708,-7.751,0.00,0.00,53.97,0.00,
127.096,99,0.0,18.2,3.4,21.7,194,4908,3,5060,5047,103,2.2,2.7,2.7,2.7,2.7,0,12.65,12.67,89.0,191.2,72,0.99,748.0,646.1,17.9,0.96,98,59,60,17.747,-14.75,0,3,0.00,21.746,144.4042,52.500,-2.300,-2.300,-2.300,-2.300,0.000,0.000,9.850,220.7600,195.35,2.6522,2.0,350.00,346.100,0,0.00,0.00,131072.00,922.406,23.546,19.828,0.000,3.718,112.000,112.000,-0.115,0.109,-17.138,0.00,0.00,54.40,0.00,
127.175,99,0.0,17.7,3.8,21.7,192,4942,3,5060,5029,103,3.0,3.2,3.2,3.7,3.7,0,12.60,12.60,88.2,191.2,72,0.99,740.0,640.2,17.4,0.96,99,60,62,17.321,-14.75,0,3,0.00,21.717,146.6455,52.300,-2.300,-2.300,-2.300,-2.300,0.000,0.000,9.850,220.0200,192.08,2.6465,2.0,349.50,347.300,0,0.00,0.00,131072.00,927.781,24.201,20.003,0.000,4.197,111.900,112.100,-0.024,0.000,-23.699,0.00,0.00,54.84,0.00,
127.255,99,0.0,17.4,4.2,21.6,190,4987,3,5060,5049,103,3.7,4.2,4.2,3.7,4.2,0,12.51,12.51,86.7,190.5,72,0.99,736.0,642.9,17.1,0.96,99,60,64,17.267,-14.75,0,3,0.00,21.643,146.0522,52.500,-2.300,-2.300,-2.300,-2.300,0.000,0.000,9.850,219.2800,191.31,2.6459,2.0,349.20,346.700,0,0.00,0.00,131072.00,932.500,24.503,20.154,0.000,4.349,112.600,112.700,-0.024,-0.219,-12.585,0.00,0.00,54.98,0.00,
127.335,99,0.0,17.7,4.0,21.6,190,5038,3,5060,5062,103,3.7,4.2,4.2,4.2,4.2,0,12.55,12.58,86.7,191.2,72,0.99,744.0,649.6,17.3,0.96,100,60,63,17.548,-14.75,0,3,0.00,21.576,140.9326,53.000,-2.300,-2.300,-2.300,-2.300,0.000,0.000,9.850,218.3700,193.78,2.6510,2.0,344.20,345.500,0,0.00,0.00,131072.00,938.406,24.164,20.333,0.000,3.830,112.700,112.700,0.866,0.067,26.794,0.00,0.00,54.69,0.00,
127.415,99,0.0,17.8,3.7,21.5,189,5079,3,5060,5037,103,3.0,3.7,3.7,3.7,3.7,0,12.42,12.39,88.2,191.2,72,0.99,756.0,656.0,17.5,0.96,100,61,61,17.507,-14.75,0,3,0.00,21.512,143.0200,52.500,-2.300,-2.300,-2.300,-2.300,0.000,0.000,9.850,217.5200,192.36,2.6569,2.0,343.10,342.700,0,0.00,0.00,131072.00,944.250,24.500,20.513,0.000,3.986,112.600,112.700,-0.225,0.079,0.000,0.00,0.00,54.69,0.00,
127.495,99,0.0,17.6,3.7,21.4,187,5145,3,5060,5105,103,3.0,3.7,3.7,3.7,3.7,0,12.47,12.47,88.2,191.2,72,0.99,764.0,661.2,17.4,0.96,100,62,61,17.597,-14.75,0,3,0.00,21.309,142.0092,51.800,-2.300,-2.300,-2.300,-2.300,0.000,0.000,9.850,216.0700,192.06,2.6595,2.0,341.50,341.700,0,0.00,0.00,131072.00,950.343,24.556,20.671,0.000,3.884,112.500,112.700,-0.067,-0.042,-2.984,0.00,0.00,54.55,0.00,
127.580,99,0.0,17.5,3.6,21.2,185,5147,3,5060,5074,103,3.7,4.2,4.2,4.2,4.2,0,12.47,12.45,87.8,190.5,72,0.99,760.0,661.3,17.2,0.96,100,62,61,17.373,-14.75,0,3,0.00,21.277,142.4926,52.300,-2.300,-2.300,-2.300,-2.300,0.000,0.000,9.850,215.5600,191.12,2.6618,2.0,344.30,344.600,0,0.00,0.00,131072.00,949.812,24.416,20.574,0.000,3.841,113.000,112.700,0.195,-0.122,0.390,0.00,0.00,54.84,0.00,
127.665,99,0.0,17.6,3.6,21.2,184,5193,3,5060,5079,103,5.2,5.5,5.5,5.5,5.5,0,12.55,12.54,87.8,190.5,72,0.99,764.0,662.6,17.2,0.97,100,63,61,17.230,-14.75,0,3,0.00,21.184,141.3720,51.600,-1.500,-1.500,-1.500,-1.500,0.000,0.000,9.850,214.8300,191.21,2.6641,2.0,351.40,348.600,0,0.00,0.00,131072.00,953.906,24.533,20.677,0.000,3.855,113.000,112.700,-0.067,-0.195,-2.764,0.00,0.00,54.98,0.00,
127.735,99,0.0,17.4,3.6,21.0,184,5277,3,5060,5062,103,5.2,5.5,5.5,5.5,5.5,0,12.36,12.36,88.2,189.7,72,0.99,772.0,664.9,17.1,0.96,100,63,61,17.024,-14.75,0,3,0.00,21.063,141.9433,51.900,-1.500,-1.500,-1.500,-1.500,0.000,0.000,9.850,213.8900,190.55,2.6677,2.0,349.60,347.900,0,0.00,0.00,131072.00,961.812,24.794,20.892,0.000,3.902,113.400,112.700,-0.067,-0.097,-0.500,0.00,0.00,55.13,0.00,
127.815,99,0.0,17.4,3.6,21.0,184,5299,3,5060,5019,103,5.2,5.5,5.5,5.5,5.5,0,12.44,12.44,88.2,189.0,72,0.99,772.0,667.9,17.0,0.96,100,64,61,17.104,-14.75,0,3,0.00,21.021,142.4926,51.500,-1.500,-1.500,-1.500,-1.500,0.000,0.000,9.850,213.4500,188.82,2.6724,2.0,348.90,347.900,0,0.00,0.00,131072.00,967.593,25.044,21.015,0.000,4.029,113.300,112.900,0.177,-0.146,-1.721,0.00,0.00,55.13,0.00,
127.895,99,0.0,17.3,3.5,21.0,183,5319,3,5060,5047,103,5.2,5.5,5.5,5.5,5.5,0,12.35,12.33,87.8,188.2,72,0.99,772.0,666.4,16.9,0.95,100,64,62,16.970,-14.75,0,3,0.00,20.994,143.3715,51.800,-1.500,-1.500,-1.500,-1.500,0.000,0.000,9.850,213.0100,187.98,2.6762,2.0,349.00,347.400,0,0.00,0.00,131072.00,971.656,25.232,21.125,0.000,4.107,114.100,113.500,0.000,-0.518,-9.942,0.00,0.00,55.27,0.00,
127.975,99,0.0,17.4,3.5,20.9,183,5362,3,5060,5047,103,5.2,5.5,5.5,6.0,5.5,0,12.53,12.53,87.5,188.2,72,0.99,780.0,671.3,17.1,0.96,100,65,62,17.128,-14.75,0,3,0.00,21.028,141.1743,52.000,-1.500,-1.500,-1.500,-1.500,0.000,0.000,9.850,212.5000,187.67,2.6820,2.0,348.40,348.800,0,0.00,0.00,131072.00,976.781,25.378,21.271,0.000,4.107,114.000,113.500,-0.048,-0.836,-2.667,0.00,0.00,55.13,0.00,
128.056,99,0.0,17.5,3.5,21.0,183,5417,3,5060,5064,103,6.0,6.0,6.0,6.0,6.0,0,12.40,12.39,87.8,188.2,72,0.99,788.0,679.3,17.1,0.96,100,65,62,17.076,-14.75,0,3,0.00,20.969,144.4702,51.100,-1.500,-1.500,-1.500,-1.500,0.000,0.000,9.850,211.6300,186.61,2.6892,2.0,345.70,344.700,0,0.00,0.00,131072.00,983.593,25.789,21.468,0.000,4.320,113.700,113.500,-0.500,-1.031,-8.099,0.00,0.00,55.13,0.00,
128.135,99,0.0,17.4,3.6,21.0,183,5449,3,5060,5059,103,6.0,6.0,6.0,6.0,6.0,0,12.44,12.47,87.5,186.7,72,0.99,788.0,680.3,17.0,0.96,100,66,62,17.244,-14.75,0,3,0.00,21.068,139.9877,51.600,-1.500,-1.500,-1.500,-1.500,0.000,0.000,9.850,211.5600,188.13,2.6979,2.0,345.40,344.900,0,0.00,0.00,131072.00,988.718,25.554,21.628,0.000,3.925,113.600,113.500,0.317,-1.293,0.097,0.00,0.00,54.98,0.00,
128.215,99,0.0,17.7,3.5,21.0,183,5501,3,5060,5083,103,6.0,6.0,6.0,6.0,6.0,0,12.48,12.48,88.2,188.2,72,0.99,800.0,687.1,17.2,0.96,100,66,62,17.394,-14.75,0,3,0.00,21.012,141.1962,51.000,-0.800,-1.500,-1.500,-1.500,0.000,0.000,9.850,210.7600,187.37,2.7077,2.0,345.80,346.100,0,0.00,0.00,131072.00,994.593,25.894,21.808,0.000,4.085,113.800,113.500,-0.140,-1.202,1.647,0.00,0.00,54.84,0.00,
128.295,99,0.0,17.7,3.1,21.0,183,5553,3,5060,5042,103,6.0,6.7,6.7,6.7,6.7,0,12.46,12.50,89.4,188.2,72,0.99,812.0,695.5,17.4,0.96,100,67,61,17.378,-14.75,0,3,0.00,21.036,138.6035,51.600,-0.800,-0.800,-0.800,-0.800,0.000,0.000,9.850,210.2500,188.03,2.7192,2.0,349.20,347.400,0,0.00,0.00,131072.00,1001.687,25.876,22.015,0.000,3.861,113.900,113.500,-0.476,-0.909,2.819,0.00,0.00,54.84,0.00,
128.375,99,0.0,17.7,3.2,21.0,183,5587,3,5060,5090,103,6.7,7.2,6.7,7.2,6.7,0,12.41,12.41,89.0,187.5,72,0.99,808.0,699.9,17.3,0.96,100,67,61,17.296,-14.75,0,3,0.00,21.007,139.9658,51.000,-0.800,-0.800,-0.800,-0.800,0.000,0.000,9.850,209.5900,187.67,2.7291,2.0,348.70,347.700,0,0.00,0.00,131072.00,1006.437,26.062,22.158,0.000,3.904,114.000,113.500,-0.274,-0.854,-5.401,0.00,0.00,54.84,0.00,
128.455,99,0.0,17.6,3.3,21.0,183,5619,3,5060,5087,103,6.7,7.2,7.2,7.2,7.2,0,12.46,12.46,88.6,186.7,72,0.99,808.0,703.9,17.2,0.96,100,68,62,17.305,-14.75,0,3,0.00,21.070,138.3178,51.000,-0.800,-0.800,-0.800,-0.800,0.000,0.000,9.850,209.3800,187.76,2.7384,2.0,346.80,346.900,0,0.00,0.00,131072.00,1010.906,26.210,22.308,0.000,3.902,114.000,113.500,0.000,-1.177,-8.776,0.00,0.00,54.84,0.00,
128.535,99,0.0,17.5,3.4,21.0,183,5656,3,5060,5067,103,6.7,7.2,7.2,7.2,7.2,0,12.51,12.51,89.0,185.2,72,0.99,812.0,701.4,17.1,0.96,100,68,63,17.271,-14.75,0,3,0.00,20.940,140.2294,50.700,-0.800,-0.800,-0.800,-0.800,0.000,0.000,9.850,208.1400,186.87,2.7482,2.0,344.20,344.500,0,0.00,0.00,262144.00,1014.406,26.431,22.398,0.000,4.033,113.700,113.500,-0.213,-1.525,-14.019,0.00,0.00,54.98,0.00,
128.626,99,0.0,17.6,3.1,20.8,183,5695,3,5060,5067,103,6.7,7.2,7.2,7.2,7.2,0,12.48,12.51,89.0,185.2,72,0.99,816.0,705.5,17.2,0.96,100,69,61,17.364,-14.75,0,3,0.00,20.724,138.4716,50.900,-0.800,-0.800,-0.800,-0.800,0.000,0.000,9.850,206.1000,187.15,2.7606,2.0,343.40,343.400,0,0.00,0.00,262144.00,1014.593,25.984,22.308,0.000,3.675,114.100,113.900,0.018,-1.306,7.092,0.00,0.00,54.84,0.00,
128.695,99,0.0,17.8,2.6,20.6,183,5748,4,5060,5050,103,6.7,7.2,7.2,7.2,7.2,0,12.48,12.49,89.4,186.7,72,0.99,832.0,710.8,17.6,0.96,100,69,60,17.394,-14.75,0,3,0.00,20.519,137.9223,50.800,-0.800,-0.800,-0.800,-0.800,0.000,0.000,9.850,204.2100,184.56,2.7700,2.0,344.60,343.100,0,0.00,0.00,262144.00,1014.406,25.593,22.205,0.000,3.388,114.500,114.300,-0.592,-0.769,2.520,0.00,0.00,54.84,0.00,
128.775,99,0.0,17.9,2.6,20.3,183,5782,4,5060,5028,103,7.5,8.2,8.2,8.2,8.2,0,12.36,12.37,88.2,182.2,72,0.99,812.0,710.0,16.9,0.96,76,70,60,17.296,-14.75,0,3,0.00,20.416,0.0000,35.600,-0.800,-0.800,-0.800,-0.800,0.000,0.000,9.850,202.4700,184.18,2.7730,2.0,183.40,73.200,0,4.00,4.00,262144.00,1009.843,24.630,21.931,0.000,2.699,114.500,114.400,-4.840,0.000,-53.759,0.00,0.00,54.84,0.00,
128.865,99,0.0,18.1,2.3,20.4,184,5191,4,5060,5095,103,-6.0,-6.4,-6.2,-6.4,-6.3,0,13.44,15.66,87.8,189.0,72,0.99,764.0,684.2,17.2,1.00,74,70,72,17.491,-14.75,0,3,0.00,20.131,0.0000,34.700,-0.800,-0.800,-0.800,-0.800,0.000,0.000,9.850,204.1400,187.01,2.7796,2.0,92.20,151.500,0,4.00,4.00,131072.00,945.218,22.152,19.960,0.000,2.191,116.600,113.500,-0.909,0.000,2.160,0.00,0.00,54.69,0.00,
128.934,99,0.0,17.7,2.4,20.3,184,4683,4,5060,4758,103,6.0,6.6,7.2,6.9,6.9,0,19.11,19.11,82.4,181.5,72,0.99,660.0,588.7,17.0,1.00,69,71,62,17.557,-14.75,0,3,0.00,20.722,156.1376,54.400,-0.800,-0.800,-0.800,-0.800,0.000,0.000,9.850,205.6700,183.10,2.7810,2.0,365.10,366.200,0,0.00,0.00,131072.00,867.468,19.621,17.117,0.000,2.503,111.700,112.100,-5.548,0.000,-3.601,0.00,0.00,54.69,0.00,
129.015,99,0.0,17.9,2.9,21.0,184,4666,4,5060,5294,103,6.0,6.7,6.7,6.7,3.7,0,14.22,13.47,83.5,186.0,72,0.99,672.0,611.2,17.2,1.00,68,71,62,17.407,-14.75,0,3,0.00,21.009,159.3676,52.400,-0.800,-0.800,-3.800,-0.800,0.000,0.000,9.850,208.8700,186.12,2.7448,2.0,362.70,365.300,0,0.00,0.00,131072.00,838.468,19.833,16.476,0.000,3.357,110.800,111.500,0.018,-0.006,-0.408,0.00,0.00,54.84,0.00,
129.095,99,0.0,17.7,3.1,20.9,184,4693,4,5060,5143,103,6.0,6.7,6.7,6.7,3.7,0,13.14,13.19,84.3,187.5,72,0.99,680.0,603.6,17.0,1.00,69,72,61,16.949,-14.75,0,3,0.00,20.793,156.2036,51.200,-0.800,-0.800,-3.800,-0.800,0.000,0.000,9.850,211.8500,186.16,2.7107,2.0,363.50,364.300,0,0.00,0.00,131072.00,842.625,19.857,16.587,0.000,3.269,110.700,111.300,-0.225,0.238,7.489,0.00,0.00,55.27,0.00,
129.175,99,0.0,17.3,3.3,20.7,184,4730,4,5060,5087,103,6.0,6.7,6.7,6.7,3.7,0,12.75,12.72,83.2,185.2,72,0.99,676.0,605.6,16.7,1.00,75,72,61,16.802,-14.75,0,3,0.00,21.005,158.6865,51.100,0.000,0.000,-3.800,-0.800,0.000,0.000,9.850,213.9600,186.31,2.6818,2.0,361.90,362.700,0,0.00,0.00,131072.00,856.000,20.708,16.935,0.000,3.773,110.500,111.200,-0.921,0.415,-11.755,0.00,0.00,55.42,0.00,
129.255,99,0.0,17.0,4.0,21.1,184,4737,4,5060,5092,103,7.5,7.5,7.5,7.5,3.7,0,12.79,12.80,83.2,186.0,72,0.99,680.0,601.9,16.6,0.99,91,72,67,16.659,-14.75,0,3,0.00,21.146,154.0722,51.900,0.000,0.000,-3.800,0.000,0.000,0.000,9.850,216.2100,187.68,2.6558,2.0,364.60,364.100,0,0.00,0.00,131072.00,868.625,22.496,17.458,0.000,5.037,111.300,111.200,0.311,0.000,-18.286,0.00,0.00,55.56,0.00,
129.334,99,0.0,17.2,4.1,21.2,184,4787,4,5060,5067,103,6.7,7.0,7.0,7.0,3.2,0,12.72,12.72,83.9,189.0,72,0.99,700.0,609.3,16.7,0.98,97,73,68,17.190,-14.75,0,3,0.00,21.329,149.5898,52.700,0.000,0.000,-3.800,0.000,0.000,0.000,9.850,218.6100,191.27,2.6489,2.0,363.10,364.700,0,0.00,0.00,131072.00,885.343,23.484,18.169,0.000,5.314,111.200,111.800,0.335,-0.073,-5.462,0.00,0.00,54.98,0.00,
129.415,99,0.0,17.6,3.7,21.4,184,4812,4,5060,5052,103,6.0,6.5,6.5,6.5,2.7,0,12.51,12.50,86.3,191.2,72,0.99,720.0,631.5,17.3,0.97,99,73,66,18.078,-14.75,0,3,0.00,21.561,147.1508,52.900,0.000,0.000,-3.800,0.000,0.000,0.000,9.850,220.2200,196.47,2.6519,2.0,363.70,364.000,0,0.00,0.00,131072.00,900.781,24.015,18.869,0.000,5.146,111.700,111.900,0.244,0.286,10.949,0.00,0.00,54.11,0.00,
129.495,94,0.0,18.6,3.1,21.5,184,4825,4,5060,5067,103,5.2,5.5,5.5,5.5,1.7,0,12.58,12.61,89.4,191.2,72,0.99,740.0,649.3,18.1,0.97,99,74,64,18.621,-14.75,0,3,0.00,21.632,141.7456,53.300,0.000,0.000,-3.800,0.000,0.000,0.000,9.850,220.9200,201.26,2.6581,2.0,364.20,363.600,0,0.00,0.00,131072.00,909.812,23.517,19.300,0.000,4.216,111.200,112.000,-0.231,0.000,22.814,0.00,0.00,53.53,0.00,
129.596,71,0.0,18.8,2.7,21.6,185,4859,4,5060,5088,103,4.5,5.0,5.0,5.0,1.2,0,12.52,12.53,90.6,191.2,72,0.99,756.0,654.6,18.5,0.96,99,74,61,18.572,-14.75,0,3,0.00,21.695,141.6577,52.700,0.000,0.000,-3.800,0.000,0.000,0.000,9.850,221.2200,201.70,2.6596,2.0,362.70,363.600,0,0.00,0.00,131072.00,919.187,23.808,19.716,0.000,4.091,111.300,112.000,-0.073,0.079,6.970,0.00,0.00,53.68,0.00,
129.685,28,0.0,18.8,0.0,14.9,185,4886,4,5060,5008,103,3.0,3.3,3.3,3.4,1.2,0,12.56,12.56,90.6,191.2,72,0.99,748.0,653.4,18.3,0.96,75,75,29,17.561,-14.75,0,3,0.00,5.669,152.6440,51.200,0.000,0.000,-3.800,0.000,0.000,0.000,9.099,132.5600,180.13,2.6479,2.0,337.40,272.800,0,0.00,0.00,131072.00,748.375,9.591,11.804,0.000,-2.212,111.000,111.400,-1.385,0.000,199.993,0.00,0.00,54.69,0.00,
129.775,0,0.0,25.5,0.0,0.0,185,4826,4,5060,5102,103,-1.5,-2.2,0.0,-2.2,-2.0,0,12.66,12.66,71.4,108.7,72,0.99,468.0,421.9,7.4,1.00,8,75,51,0.209,-14.75,0,3,0.00,0.036,284.4360,21.800,-3.800,-3.800,-3.800,-3.800,0.000,0.000,3.617,14.7600,24.63,2.3295,2.0,128.60,27.800,0,0.00,0.00,131072.00,291.187,0.765,1.261,0.000,-0.496,113.600,112.800,3.088,0.000,-14.794,0.00,0.00,71.95,0.00,
129.855,0,0.0,19.1,0.0,0.0,185,4697,4,4447,4794,103,18.7,19.1,23.7,18.5,23.7,0,12.30,12.80,5.8,12.0,72,0.99,44.0,121.9,-3.7,1.00,4,76,52,-0.692,-14.75,0,3,0.00,0.000,317.0654,6.000,0.000,0.000,0.000,0.000,0.000,0.000,2.213,14.6900,15.40,1.7117,2.0,-26.80,-32.700,0,0.00,0.00,131072.00,127.437,0.021,0.246,0.000,-0.224,118.300,116.100,0.000,0.000,-9.448,0.00,0.00,72.96,0.00,
129.941,0,0.0,13.1,0.0,0.1,185,4806,4,3288,4511,103,9.7,10.0,10.0,9.5,10.0,0,15.95,16.11,6.6,15.7,72,0.99,56.0,190.1,-0.6,1.21,6,75,52,-0.073,-14.75,0,3,0.00,0.710,0.0000,21.900,0.000,0.000,0.000,0.000,0.000,0.000,2.503,20.0000,19.11,1.2613,2.0,-39.80,-45.900,0,0.00,0.00,131072.00,90.375,0.000,0.156,0.000,-0.166,119.800,114.700,0.378,0.103,14.062,0.00,0.00,72.24,0.00,
130.025,0,0.0,10.9,0.0,0.7,185,4867,4,4694,4340,103,9.0,9.5,9.5,9.5,9.5,0,15.62,15.62,8.5,19.5,72,0.99,72.0,154.4,-1.1,1.00,7,75,51,-0.010,-14.75,0,3,0.00,0.716,0.0000,25.300,0.000,0.000,0.000,0.000,0.000,0.000,2.614,20.0000,20.88,1.0521,2.0,-45.10,-45.200,0,0.00,0.00,131072.00,83.343,0.000,0.152,0.000,-0.158,118.500,113.900,-0.354,0.762,-0.073,0.00,0.00,72.24,0.00,
130.105,0,0.0,9.2,0.0,0.7,185,4775,4,4771,4508,103,7.5,8.0,8.0,8.0,8.0,0,19.11,19.11,9.3,21.0,72,0.99,76.0,109.6,0.1,1.00,9,75,99,0.612,-14.75,0,3,0.00,0.718,0.0000,24.000,0.000,0.000,0.000,0.000,0.000,0.000,2.314,20.0000,20.22,1.0249,2.0,-44.30,-44.600,0,0.00,0.00,131072.00,80.687,0.000,0.150,0.000,-0.154,117.000,113.700,5.377,0.000,-200.000,0.00,0.00,71.66,0.00,
130.175,0,0.0,7.2,0.0,0.7,185,4817,4,4827,4536,103,9.0,9.0,9.0,8.5,8.5,0,19.11,19.11,8.9,18.7,72,0.99,72.0,151.9,-0.4,1.00,7,75,99,0.277,-14.75,0,3,0.00,0.718,0.0000,24.900,0.000,0.000,0.000,0.000,0.000,0.000,2.333,20.0000,18.87,1.0280,2.0,-46.30,-45.800,0,0.00,0.00,131072.00,80.125,0.000,0.148,0.000,-0.154,116.100,113.600,5.352,0.000,-200.000,0.00,0.00,71.95,0.00,
130.256,0,0.0,6.7,0.0,0.7,185,4831,4,4865,4587,103,9.0,9.0,9.0,9.0,9.0,0,19.11,19.11,8.5,19.5,72,0.99,72.0,108.6,-0.6,1.00,10,75,99,0.759,-14.75,0,3,0.00,0.718,0.0000,24.800,0.000,0.000,0.000,0.000,0.000,0.000,2.397,20.0000,20.56,1.0336,2.0,-46.80,-46.800,0,0.00,0.00,131072.00,80.218,0.000,0.148,0.000,-0.154,116.100,113.600,4.980,0.000,-68.756,0.00,0.00,71.37,0.00,
130.335,0,0.0,5.9,0.0,0.7,185,4790,4,4896,4649,103,8.2,8.5,8.5,8.5,8.5,0,19.11,19.11,8.9,19.5,72,0.99,72.0,79.5,0.0,1.00,9,75,99,0.709,-14.75,0,3,0.00,0.718,0.0000,24.200,0.000,0.000,0.000,0.000,0.000,0.000,2.348,20.0000,19.76,1.0432,2.0,-47.60,-47.500,0,0.00,0.00,131072.00,79.843,0.000,0.148,0.000,-0.154,115.300,113.500,4.980,0.000,-68.756,0.00,0.00,71.51,0.00,
130.426,0,0.0,5.4,0.0,0.7,185,4794,4,4921,4722,103,8.2,8.5,8.5,8.5,8.5,0,19.11,19.11,8.5,18.7,72,0.99,72.0,77.6,-0.3,1.00,9,74,99,0.685,-14.75,0,3,0.00,0.718,0.0000,24.700,0.000,0.000,0.000,0.000,0.000,0.000,2.348,20.0000,19.73,1.0507,2.0,-48.70,-48.700,0,0.00,0.00,131072.00,79.687,0.000,0.148,0.000,-0.154,114.500,113.500,4.980,0.000,-68.756,0.00,0.00,71.51,0.00,
130.495,0,0.0,5.0,0.0,0.7,185,4728,4,4938,4769,103,7.5,8.0,7.5,7.5,7.5,0,19.11,19.11,8.9,19.5,72,0.99,72.0,89.8,-0.1,1.00,10,73,99,0.719,-14.75,0,3,0.00,0.719,0.0000,24.900,0.000,0.000,0.000,0.000,0.000,0.000,2.324,20.0000,19.70,1.0547,2.0,-50.80,-50.200,0,0.00,0.00,131072.00,79.125,0.000,0.148,0.000,-0.154,114.700,113.500,4.980,0.000,-68.756,0.00,0.00,71.51,0.00,
130.580,0,0.0,4.7,0.0,0.7,185,4656,4,4948,4829,103,6.7,7.0,7.0,7.0,7.0,0,19.11,19.11,8.5,19.5,72,0.99,68.0,78.1,0.0,1.00,10,73,99,0.678,-14.75,0,3,0.00,0.719,0.0000,25.600,0.000,0.000,0.000,0.000,0.000,0.000,2.300,20.0000,19.52,1.0580,2.0,-50.30,-50.100,0,0.00,0.00,131072.00,78.000,0.000,0.148,0.000,-0.152,114.400,113.500,4.980,0.000,-68.756,0.00,0.00,71.51,0.00,
130.665,0,0.0,4.3,0.0,0.7,185,4646,4,4957,4855,103,6.7,7.0,7.0,7.0,7.0,0,19.11,19.11,8.5,19.5,72,0.99,68.0,74.2,-0.1,1.00,10,73,99,0.580,-14.75,0,3,0.00,0.719,0.0000,25.700,0.000,0.000,0.000,0.000,0.000,0.000,2.314,20.0000,19.55,1.0607,2.0,-50.60,-50.500,0,0.00,0.00,131072.00,77.437,0.000,0.148,0.000,-0.152,114.000,113.500,4.980,0.000,-68.756,0.00,0.00,71.66,0.00,
130.735,0,0.0,4.0,0.0,0.7,185,4640,4,4964,4901,103,6.7,7.0,7.0,7.0,7.0,0,19.11,19.11,8.5,19.5,72,0.99,68.0,74.2,-0.1,1.00,10,72,99,0.481,-14.75,0,3,0.00,0.719,0.0000,25.200,0.000,0.000,0.000,0.000,0.000,0.000,2.333,20.0000,19.65,1.0621,2.0,-49.80,-49.800,0,0.00,0.00,131072.00,77.250,0.000,0.148,0.000,-0.152,114.700,113.500,4.980,0.000,-68.756,0.00,0.00,71.66,0.00,
130.815,0,0.0,3.8,0.0,0.7,185,4607,4,4968,4906,103,6.7,7.0,7.0,7.0,7.0,0,19.11,19.11,8.5,19.5,72,0.99,68.0,74.3,-0.1,1.00,10,72,99,0.413,-14.75,0,3,0.00,0.718,0.0000,25.200,0.000,0.000,0.000,0.000,0.000,0.000,2.333,20.0000,19.70,1.0635,2.0,-49.50,-49.400,0,0.00,0.00,131072.00,76.812,0.000,0.148,0.000,-0.150,114.300,113.500,4.980,0.000,-68.756,0.00,0.00,71.80,0.00,
130.915,0,0.0,3.6,0.0,0.7,185,4569,4,4972,4911,103,6.0,6.5,6.5,6.5,6.5,0,19.11,19.11,8.5,19.5,72,0.99,68.0,63.5,0.0,1.00,10,71,99,0.347,-14.75,0,3,0.00,0.719,0.0000,25.300,0.000,0.000,0.000,0.000,0.000,0.000,2.333,20.0000,19.87,1.0649,2.0,-49.00,-48.900,0,0.00,0.00,131072.00,76.093,0.000,0.148,0.000,-0.148,114.100,113.500,4.980,0.000,-68.756,0.00,0.00,71.80,0.00,
131.006,0,0.0,3.4,0.0,0.7,185,4541,4,4975,4919,103,6.0,6.5,6.5,6.5,6.5,0,19.11,19.11,8.5,19.5,72,0.99,68.0,60.3,0.0,1.00,10,71,99,0.240,-14.75,0,3,0.00,0.719,0.0000,25.300,0.000,0.000,0.000,0.000,0.000,0.000,2.333,20.0000,19.82,1.0649,2.0,-48.80,-48.800,0,0.00,0.00,131072.00,75.656,0.009,0.148,0.000,-0.138,113.900,113.500,4.980,0.000,-68.756,0.00,0.00,71.95,0.00,
131.085,0,0.0,3.3,0.0,0.7,185,4500,4,4977,4924,103,6.0,6.0,6.0,6.0,6.0,0,19.11,19.11,8.5,19.5,72,0.99,68.0,62.8,-0.1,1.00,10,70,99,0.195,-14.75,0,3,0.00,0.719,0.0000,25.400,0.000,0.000,0.000,0.000,0.000,0.000,2.314,20.0000,19.75,1.0649,2.0,-48.40,-48.400,0,0.00,0.00,131072.00,75.093,0.017,0.148,0.000,-0.130,113.500,113.500,4.980,0.000,-68.756,0.00,0.00,71.95,0.00,
131.164,0,0.0,3.1,0.0,0.7,185,4463,4,4978,4929,103,5.2,5.5,5.5,5.5,5.5,0,19.11,19.11,8.5,19.5,72,0.99,68.0,59.3,-0.1,1.00,10,69,99,0.139,-14.75,0,3,0.00,0.719,0.0000,25.400,0.000,0.000,0.000,0.000,0.000,0.000,2.314,20.0000,19.86,1.0649,2.0,-48.20,-48.100,0,0.00,0.00,131072.00,74.437,0.023,0.146,0.000,-0.123,113.900,113.500,4.980,0.000,-68.756,0.00,0.00,72.09,0.00,
131.245,0,0.0,3.0,0.0,0.7,185,4417,4,4979,4930,103,4.5,5.0,5.0,5.0,5.0,0,19.11,19.11,8.5,19.5,72,0.99,64.0,61.5,0.0,1.00,11,69,99,0.123,-14.75,0,3,0.00,0.719,0.0000,25.500,0.000,0.000,0.000,0.000,0.000,0.000,2.300,20.0000,19.81,1.0649,2.0,-47.90,-47.800,0,0.00,0.00,131072.00,73.750,0.031,0.146,0.000,-0.115,114.000,113.500,4.980,0.000,-68.756,0.00,0.00,72.09,0.00,
131.326,0,0.0,2.9,0.0,0.7,185,4426,4,4980,4935,103,4.5,5.0,5.0,5.0,5.0,0,19.11,19.11,8.5,19.5,72,0.99,64.0,61.9,0.0,1.00,11,69,99,0.132,-14.75,0,3,0.00,0.719,0.0000,25.500,0.000,0.000,0.000,0.000,0.000,0.000,2.300,20.0000,19.87,1.0649,2.0,-47.90,-47.800,0,0.00,0.00,131072.00,73.531,0.035,0.146,0.000,-0.111,113.300,113.500,4.980,0.000,-68.756,0.00,0.00,72.09,0.00,
131.405,0,0.0,2.8,0.0,0.7,185,4365,4,4909,4939,103,4.5,4.5,4.5,4.5,4.5,0,19.11,19.11,8.5,18.7,72,0.99,64.0,61.6,0.0,1.00,11,68,99,0.154,-14.75,0,3,0.00,0.719,0.0000,22.600,0.000,0.000,0.000,0.000,0.000,0.000,2.194,19.2400,19.11,1.0649,2.0,-47.60,-47.600,0,0.00,0.00,131072.00,71.656,0.042,0.146,0.000,-0.103,113.800,113.500,4.980,0.000,-68.756,0.00,0.00,72.09,0.00,
131.484,0,0.0,2.8,0.0,0.7,185,4332,4,4331,4945,103,4.5,5.0,4.5,5.0,4.5,0,19.11,19.11,8.5,18.7,72,0.99,60.0,57.4,0.0,1.00,10,67,99,0.082,-14.75,0,3,0.00,0.718,0.0000,21.700,0.000,0.000,0.000,0.000,0.000,0.000,2.174,19.0800,18.83,1.0643,2.0,-47.50,-47.500,0,0.00,0.00,131072.00,69.593,0.046,0.146,0.000,-0.099,113.500,114.200,4.980,0.000,-68.756,0.00,0.00,72.09,0.00,
131.565,0,0.0,2.7,0.0,0.7,185,4318,4,3862,4949,103,4.5,4.5,4.5,4.5,4.5,0,19.11,19.11,8.2,18.0,72,0.99,60.0,56.1,-0.1,1.00,10,67,99,0.107,-14.75,0,3,0.00,0.718,0.0000,20.200,0.000,0.000,0.000,0.000,0.000,0.000,2.121,18.6800,18.48,1.0629,2.0,-47.80,-47.600,0,0.00,0.00,131072.00,68.187,0.052,0.146,0.000,-0.093,114.600,114.300,4.980,0.000,-68.756,0.00,0.00,72.09,0.00,
131.655,0,0.0,2.6,0.0,0.7,185,4276,4,3261,4952,103,4.5,4.5,4.5,4.5,4.5,0,19.11,19.11,7.8,18.0,72,0.99,60.0,55.5,0.0,1.00,10,67,99,0.132,-14.75,0,3,0.00,0.718,0.0000,17.400,0.000,0.000,0.000,0.000,0.000,0.000,2.059,18.2000,18.12,1.0614,2.0,-47.90,-47.900,0,0.00,0.00,131072.00,65.937,0.056,0.144,0.000,-0.087,114.000,115.000,4.980,0.000,-68.756,0.00,0.00,72.09,0.00,
131.735,0,0.0,2.6,0.0,0.7,185,4247,4,2634,4955,103,4.5,4.5,4.0,4.5,4.0,0,19.11,19.11,7.8,17.2,72,0.99,56.0,53.2,0.0,1.00,10,66,99,0.102,-14.75,0,3,0.00,0.716,0.0000,17.000,0.000,0.000,0.000,0.000,0.000,0.000,2.013,17.8000,17.75,1.0600,2.0,-48.20,-48.000,0,0.00,0.00,131072.00,64.062,0.060,0.144,0.000,-0.083,114.600,115.100,4.980,0.000,-68.756,0.00,0.00,72.09,0.00,
131.815,0,0.0,2.5,0.0,0.7,184,4213,4,2240,4960,103,3.7,4.0,4.0,4.0,4.0,0,19.11,19.11,7.8,17.2,72,0.99,56.0,50.6,-0.1,1.00,10,65,99,0.098,-14.75,0,3,0.00,0.716,0.0000,17.200,0.000,0.000,0.000,0.000,0.000,0.000,1.954,17.2900,17.33,1.0586,2.0,-48.10,-48.000,0,0.00,0.00,131072.00,62.031,0.064,0.144,0.000,-0.080,115.900,115.300,4.980,0.000,-68.756,0.00,0.00,72.09,0.00,
131.895,0,0.0,2.4,0.0,0.7,184,4177,4,2070,4962,103,3.0,3.5,3.5,3.5,3.5,0,19.11,19.11,7.4,16.5,72,0.99,52.0,49.6,0.0,1.00,10,65,99,0.111,-14.75,0,3,0.00,0.716,0.0000,16.800,0.000,0.000,0.000,0.000,0.000,0.000,1.882,16.8800,16.90,1.0571,2.0,-48.10,-48.000,0,0.00,0.00,131072.00,59.843,0.070,0.144,0.000,-0.074,116.500,115.800,4.980,0.000,-68.756,0.00,0.00,72.09,0.00,
131.985,0,0.0,2.4,0.0,0.7,184,4152,4,1998,4965,103,3.0,3.5,3.5,3.5,3.5,0,19.11,19.11,7.4,16.5,72,0.99,52.0,47.3,-0.1,1.00,9,65,99,0.123,-14.75,0,3,0.00,0.716,0.0000,16.700,0.000,0.000,0.000,0.000,0.000,0.000,1.832,16.4800,16.60,1.0557,2.0,-48.00,-48.000,0,0.00,0.00,131072.00,57.937,0.070,0.142,0.000,-0.072,116.600,115.900,4.980,0.000,-68.756,0.00,0.00,72.09,0.00,
132.055,0,0.0,2.3,0.0,0.7,184,4117,4,1964,4968,103,3.0,3.5,3.5,3.5,3.5,0,19.11,19.11,7.0,15.7,72,0.99,52.0,57.3,-0.1,1.00,9,64,99,0.123,-14.75,0,3,0.00,0.716,0.0000,16.700,0.000,0.000,0.000,0.000,0.000,0.000,1.774,16.0600,16.20,1.0545,2.0,-47.90,-47.900,0,0.00,0.00,131072.00,56.343,0.076,0.142,0.000,-0.066,116.700,116.000,4.980,0.000,-68.756,0.00,0.00,72.09,0.00,
132.165,0,0.0,2.3,0.0,0.7,184,4077,4,1953,4972,103,3.0,3.5,3.5,3.5,3.5,0,19.11,19.11,7.0,15.7,72,0.99,48.0,52.7,-0.1,1.00,9,64,99,0.136,-14.75,0,3,0.00,0.714,0.0000,16.700,0.000,0.000,0.000,0.000,0.000,0.000,1.683,15.5200,15.57,1.0526,2.0,-47.90,-47.900,0,0.00,0.00,131072.00,54.093,0.078,0.142,0.000,-0.064,115.400,116.300,4.980,0.000,-68.756,0.00,0.00,72.09,0.00,
132.245,0,0.0,2.2,0.0,0.7,184,4050,4,1946,4975,103,3.0,3.0,3.0,3.0,3.0,0,19.11,19.11,6.6,15.0,72,0.99,44.0,48.5,-0.1,1.00,9,63,99,0.152,-14.75,0,3,0.00,0.714,0.0000,16.700,0.000,0.000,0.000,0.000,0.000,0.000,1.660,15.1800,15.03,1.0492,2.0,-48.00,-47.900,0,0.00,0.00,131072.00,51.937,0.083,0.142,0.000,-0.058,117.000,116.700,4.980,0.000,-68.756,0.00,0.00,72.09,0.00,
132.325,0,0.0,2.1,0.0,0.7,184,4014,4,1944,4978,103,3.0,3.5,3.5,3.0,3.0,0,19.11,19.11,6.6,14.2,72,0.99,44.0,40.3,0.0,1.00,9,62,99,0.188,-14.75,0,3,0.00,0.714,0.0000,16.700,0.000,0.000,0.000,0.000,0.000,0.000,1.602,14.6200,14.73,1.0473,2.0,-47.90,-47.800,0,0.00,0.00,131072.00,50.156,0.087,0.142,0.000,-0.054,117.300,116.700,4.980,0.000,-68.756,0.00,0.00,71.95,0.00,
132.398,0,0.0,2.1,0.0,0.7,184,3981,4,1943,4980,103,2.2,2.5,3.0,3.0,3.0,0,19.11,19.11,6.2,14.2,72,0.99,44.0,56.7,0.0,1.00,8,62,99,0.163,-14.75,0,3,0.00,0.712,0.0000,16.700,0.000,0.000,0.000,0.000,0.000,0.000,1.552,14.3300,14.17,1.0456,2.0,-48.00,-48.000,0,0.00,0.00,131072.00,48.531,0.087,0.142,0.000,-0.054,116.200,116.700,4.980,0.000,-68.756,0.00,0.00,72.09,0.00,
132.485,0,0.0,2.0,0.0,0.7,184,3962,4,1943,4983,103,3.0,3.0,3.0,3.0,3.0,0,19.11,19.11,6.2,13.5,72,0.99,40.0,64.2,-0.1,1.00,8,62,99,0.148,-14.75,0,3,0.00,0.712,0.0000,16.700,0.000,0.000,0.000,0.000,0.000,0.000,1.529,14.0000,13.88,1.0429,2.0,-48.20,-48.200,0,0.00,0.00,131072.00,46.968,0.091,0.142,0.000,-0.050,117.500,117.300,4.980,0.000,-68.756,0.00,0.00,72.09,0.00,
132.565,0,0.0,2.0,0.0,0.7,184,3931,4,1943,4985,103,3.0,3.5,3.5,3.5,3.5,0,19.11,19.11,5.8,13.5,72,0.99,40.0,59.1,-0.1,1.00,8,61,99,0.136,-14.75,0,3,0.00,0.712,0.0000,16.700,0.000,0.000,0.000,0.000,0.000,0.000,1.516,13.9100,13.76,1.0413,2.0,-48.20,-48.200,0,0.00,0.00,131072.00,45.875,0.095,0.142,0.000,-0.046,117.600,117.500,4.980,0.000,-68.756,0.00,0.00,72.09,0.00,
132.655,0,0.0,1.9,0.0,0.7,184,3896,4,1943,4988,103,3.0,3.5,3.5,3.5,3.5,0,19.11,19.11,5.8,13.5,72,0.99,40.0,50.2,0.0,1.00,8,61,99,0.123,-14.75,0,3,0.00,0.712,0.0000,16.700,0.000,0.000,0.000,0.000,0.000,0.000,1.507,13.8800,13.83,1.0396,2.0,-48.20,-48.200,0,0.00,0.00,131072.00,45.125,0.097,0.142,0.000,-0.044,116.900,117.500,4.980,0.000,-68.756,0.00,0.00,72.09,0.00,
132.735,0,0.0,1.9,0.0,0.7,184,3864,4,1943,4990,103,3.0,3.0,3.0,3.0,3.0,0,19.11,19.11,5.8,13.5,72,0.99,40.0,54.6,0.0,1.00,8,60,99,0.118,-14.75,0,3,0.00,0.712,0.0000,16.700,0.000,0.000,0.000,0.000,0.000,0.000,1.489,13.8500,13.82,1.0382,2.0,-48.10,-48.100,0,0.00,0.00,131072.00,44.656,0.099,0.142,0.000,-0.042,117.500,117.500,4.980,0.000,-68.756,0.00,0.00,72.09,0.00,
132.815,0,0.0,1.8,0.0,0.7,184,3827,4,1943,4993,103,3.0,3.0,3.0,3.0,3.0,0,19.11,19.11,5.8,13.5,72,0.99,40.0,60.7,0.0,1.00,8,59,99,0.148,-14.75,0,3,0.00,0.712,0.0000,16.700,0.000,0.000,0.000,0.000,0.000,0.000,1.480,13.8100,13.90,1.0370,2.0,-47.90,-47.900,0,0.00,0.00,131072.00,44.125,0.101,0.142,0.000,-0.041,118.200,117.500,4.980,0.000,-68.756,0.00,0.00,72.09,0.00,
132.895,0,0.0,1.8,0.0,0.7,184,3798,4,1943,4994,103,3.0,3.0,3.0,3.0,3.0,0,19.11,19.11,5.8,13.5,72,0.99,40.0,54.5,0.0,1.00,8,59,99,0.154,-14.75,0,3,0.00,0.712,0.0000,16.700,0.000,0.000,0.000,0.000,0.000,0.000,1.466,13.7800,13.82,1.0358,2.0,-48.00,-48.000,0,0.00,0.00,131072.00,43.625,0.103,0.142,0.000,-0.039,118.100,117.500,4.980,0.000,-68.756,0.00,0.00,72.09,0.00,
132.985,0,0.0,1.7,0.0,0.7,184,3777,4,1943,4998,103,3.0,3.0,3.0,3.0,3.0,0,19.11,19.11,5.8,13.5,72,0.99,40.0,53.6,0.0,1.00,8,59,99,0.127,-14.75,0,3,0.00,0.712,0.0000,16.700,0.000,0.000,0.000,0.000,0.000,0.000,1.444,13.7700,13.71,1.0344,2.0,-47.90,-47.900,0,0.00,0.00,131072.00,43.250,0.103,0.142,0.000,-0.039,117.400,117.500,4.980,0.000,-68.756,0.00,0.00,72.09,0.00,
133.067,0,0.0,1.7,0.0,0.7,184,3756,4,1943,4999,103,3.0,3.0,3.0,3.0,3.0,0,19.11,19.11,5.8,13.5,72,0.99,36.0,58.6,-0.1,1.00,8,58,99,0.127,-14.75,0,3,0.00,0.710,0.0000,16.700,0.000,0.000,0.000,0.000,0.000,0.000,1.444,13.7300,13.78,1.0332,2.0,-47.70,-47.700,0,0.00,0.00,131072.00,42.937,0.105,0.140,0.000,-0.035,117.200,117.500,4.980,0.000,-68.756,0.00,0.00,72.09,0.00,
133.145,0,0.0,1.7,0.0,0.7,184,3695,4,1943,5003,103,1.5,2.0,2.0,2.0,2.0,0,19.11,19.11,5.8,13.5,72,0.99,36.0,54.8,-0.1,1.00,8,58,99,0.148,-14.75,0,3,0.00,0.710,0.0000,16.700,0.000,0.000,0.000,0.000,0.000,0.000,1.412,13.6800,13.61,1.0320,2.0,-47.80,-47.600,0,0.00,0.00,131072.00,42.281,0.105,0.140,0.000,-0.035,117.200,117.500,4.980,0.000,-68.756,0.00,0.00,72.09,0.00,
133.225,0,0.0,1.7,0.0,0.7,184,3696,4,1943,5003,103,1.5,2.0,2.0,2.0,2.0,0,19.11,19.11,5.8,13.5,72,0.99,36.0,62.8,-0.1,1.00,8,58,99,0.139,-14.75,0,3,0.00,0.710,0.0000,16.700,0.000,0.000,0.000,0.000,0.000,0.000,1.421,13.6900,13.61,1.0308,2.0,-48.20,-48.000,0,0.00,0.00,131072.00,41.968,0.107,0.140,0.000,-0.033,117.800,117.500,4.980,0.000,-68.756,0.00,0.00,72.09,0.00,
133.306,0,0.0,1.7,0.0,0.7,184,3675,4,1943,5004,103,1.5,2.0,2.0,2.0,2.0,0,19.11,19.11,5.8,13.5,72,0.99,36.0,60.4,-0.1,1.00,8,57,99,0.127,-14.75,0,3,0.00,0.710,0.0000,16.700,0.000,0.000,0.000,0.000,0.000,0.000,1.412,13.6500,13.68,1.0298,2.0,-48.30,-48.300,0,0.00,0.00,131072.00,41.750,0.109,0.140,0.000,-0.031,118.100,117.500,4.980,0.000,-68.756,0.00,0.00,72.09,0.00,
133.385,0,0.0,1.6,0.0,0.7,184,3616,4,1943,5008,103,1.5,2.0,2.0,2.5,2.0,0,19.11,19.11,5.8,13.5,72,0.99,36.0,59.7,0.0,1.00,8,57,99,0.118,-14.75,0,3,0.00,0.710,0.0000,16.700,0.000,0.000,0.000,0.000,0.000,0.000,1.389,13.6000,13.56,1.0292,2.0,-48.40,-48.400,0,0.00,0.00,131072.00,41.093,0.109,0.140,0.000,-0.031,117.300,117.500,4.980,0.000,-68.756,0.00,0.00,72.09,0.00,
133.475,0,0.0,1.6,0.0,0.7,184,3600,4,1943,5009,103,1.5,1.5,1.5,1.5,1.5,0,19.11,19.11,5.8,13.5,72,0.99,36.0,56.0,0.0,1.00,8,56,99,0.111,-14.75,0,3,0.00,0.710,0.0000,16.700,0.000,0.000,0.000,0.000,0.000,0.000,1.389,13.6000,13.53,1.0284,2.0,-48.60,-48.600,0,0.00,0.00,131072.00,40.718,0.113,0.140,0.000,-0.027,117.600,117.500,4.980,0.000,-68.756,0.00,0.00,72.09,0.00,
133.555,0,0.0,1.5,0.0,0.7,184,3597,4,1943,5011,103,1.5,1.5,1.5,1.5,1.5,0,19.11,19.11,5.8,13.5,72,0.99,36.0,43.7,-0.1,1.00,8,56,99,0.114,-14.75,0,3,0.00,0.710,0.0000,16.700,0.000,0.000,0.000,0.000,0.000,0.000,1.389,13.5800,13.57,1.0284,2.0,-48.60,-48.600,0,0.00,0.00,131072.00,40.562,0.113,0.140,0.000,-0.027,117.800,117.500,4.980,0.000,-68.756,0.00,0.00,72.09,0.00,
133.635,0,0.0,1.5,0.0,0.7,184,3558,4,1943,5011,103,1.5,2.0,2.0,2.0,2.0,0,19.11,19.11,5.8,12.7,72,0.99,36.0,50.5,-0.1,1.00,8,55,99,0.111,-14.75,0,3,0.00,0.710,0.0000,16.700,0.000,0.000,0.000,0.000,0.000,0.000,1.372,13.5400,13.51,1.0283,2.0,-48.60,-48.500,0,0.00,0.00,131072.00,40.156,0.115,0.140,0.000,-0.025,117.700,117.500,4.980,0.000,-68.756,0.00,0.00,72.09,0.00,
133.715,0,0.0,1.5,0.0,0.7,184,3517,4,1943,5016,104,1.5,2.0,2.0,2.0,2.0,0,19.11,19.11,5.8,13.5,72,0.99,36.0,50.8,-0.1,1.00,8,55,99,0.127,-14.75,0,3,0.00,0.710,0.0000,16.700,0.000,0.000,0.000,0.000,0.000,0.000,1.363,13.5100,13.50,1.0278,2.0,-48.60,-48.600,0,0.00,0.00,131072.00,39.656,0.115,0.140,0.000,-0.025,117.700,117.500,4.980,0.000,-68.756,0.00,0.00,72.09,0.00,
133.795,0,0.0,1.5,0.0,0.7,183,3507,4,1943,5016,104,1.5,1.5,1.5,1.5,2.0,0,19.11,19.11,5.8,13.5,72,0.99,36.0,59.9,-0.1,1.00,8,55,99,0.118,-14.75,0,3,0.00,0.710,0.0000,16.700,0.000,0.000,0.000,0.000,0.000,0.000,1.340,13.4900,13.35,1.0273,2.0,-48.60,-48.600,0,0.00,0.00,131072.00,39.312,0.117,0.140,0.000,-0.023,117.500,117.500,4.980,0.000,-68.756,0.00,0.00,72.09,0.00,
133.876,0,0.0,1.5,0.0,0.7,183,3469,4,1943,5018,104,0.7,1.0,1.0,1.0,1.0,0,19.11,19.11,5.8,12.7,72,0.99,36.0,54.0,-0.1,1.00,8,54,99,0.111,-14.75,0,3,0.00,0.710,0.0000,16.700,0.000,0.000,0.000,0.000,0.000,0.000,1.332,13.4600,13.40,1.0273,2.0,-48.50,-48.500,0,0.00,0.00,131072.00,38.906,0.117,0.140,0.000,-0.023,117.800,117.500,4.980,0.000,-68.756,0.00,0.00,72.09,0.00,
133.955,0,0.0,1.4,0.0,0.7,183,3470,4,1943,5021,104,0.7,1.0,1.0,1.0,1.0,0,19.11,19.11,5.8,12.7,72,0.99,32.0,42.0,0.0,1.00,8,54,99,0.127,-14.75,0,3,0.00,0.710,0.0000,16.700,0.000,0.000,0.000,0.000,0.000,0.000,1.332,13.4700,13.40,1.0272,2.0,-48.60,-48.600,0,0.00,0.00,131072.00,38.750,0.119,0.140,0.000,-0.021,118.000,117.500,4.980,0.000,-68.756,0.00,0.00,72.09,0.00,
134.035,0,0.0,1.4,0.0,0.7,183,3460,4,1943,5023,104,0.7,1.0,1.0,1.0,1.0,0,19.11,19.11,5.8,12.7,72,0.99,32.0,47.7,-0.1,1.00,8,54,99,0.116,-14.75,0,3,0.00,0.710,0.0000,16.700,0.000,0.000,0.000,0.000,0.000,0.000,1.332,13.4400,13.46,1.0272,2.0,-48.50,-48.500,0,0.00,0.00,131072.00,38.593,0.119,0.140,0.000,-0.021,117.800,117.500,4.980,0.000,-68.756,0.00,0.00,72.09,0.00,
134.115,0,0.0,1.4,0.0,0.7,183,3415,4,1943,5024,104,0.7,1.0,1.0,1.0,1.0,0,19.11,19.11,5.8,12.7,72,0.99,32.0,52.0,-0.1,1.00,8,53,99,0.111,-14.75,0,3,0.00,0.710,0.0000,16.700,0.000,0.000,0.000,0.000,0.000,0.000,1.315,13.4000,13.41,1.0272,2.0,-48.00,-48.000,0,0.00,0.00,131072.00,38.156,0.121,0.140,0.000,-0.019,118.000,117.500,4.980,0.000,-68.756,0.00,0.00,72.09,0.00,
134.195,0,0.0,1.4,0.0,0.7,183,3413,4,1943,5026,104,0.0,0.5,0.5,1.0,1.0,0,19.11,19.11,5.8,12.7,72,0.99,32.0,53.6,-0.1,1.00,8,53,99,0.123,-14.75,0,3,0.00,0.710,0.0000,16.700,0.000,0.000,0.000,0.000,0.000,0.000,1.315,13.4200,13.37,1.0270,2.0,-48.30,-48.200,0,0.00,0.00,131072.00,37.968,0.121,0.140,0.000,-0.019,117.800,117.500,4.980,0.000,-68.756,0.00,0.00,72.09,0.00,
134.275,0,0.0,1.4,0.0,0.7,183,3425,4,1943,5026,104,0.7,1.0,1.0,1.0,1.0,0,19.11,19.11,5.8,12.7,72,0.99,32.0,52.4,-0.1,1.00,8,53,99,0.102,-14.75,0,3,0.00,0.709,0.0000,16.700,0.000,0.000,0.000,0.000,0.000,0.000,1.307,13.4000,13.28,1.0269,2.0,-48.20,-48.200,0,0.00,0.00,131072.00,37.968,0.121,0.140,0.000,-0.019,118.100,117.500,4.980,0.000,-68.756,0.00,0.00,72.09,0.00,
134.356,0,0.0,1.3,0.0,0.7,183,3377,4,1943,5029,104,0.0,0.5,0.5,0.5,0.5,0,19.11,19.11,5.8,12.7,72,0.99,32.0,45.5,-0.1,1.00,8,52,99,0.111,-14.75,0,3,0.00,0.707,0.0000,16.700,0.000,0.000,0.000,0.000,0.000,0.000,1.293,13.3600,13.23,1.0262,2.0,-47.90,-47.900,0,0.00,0.00,131072.00,37.625,0.123,0.140,0.000,-0.017,118.100,117.500,4.980,0.000,-68.756,0.00,0.00,72.09,0.00,
134.440,0,0.0,1.3,0.0,0.7,183,3354,4,1943,5031,104,0.0,0.5,0.5,0.5,0.5,0,19.11,19.11,5.8,12.7,72,0.99,32.0,41.2,0.0,1.00,8,52,99,0.107,-14.75,0,3,0.00,0.707,0.0000,16.700,0.000,0.000,0.000,0.000,0.000,0.000,1.293,13.3400,13.28,1.0262,2.0,-47.80,-47.800,0,0.00,0.00,131072.00,37.250,0.123,0.140,0.000,-0.017,118.100,117.500,4.980,0.000,-68.756,0.00,0.00,72.09,0.00,
134.525,0,0.0,1.3,0.0,0.7,183,3333,4,1943,5032,104,0.0,0.5,0.5,0.0,0.5,0,19.11,19.11,5.8,12.7,72,0.99,32.0,33.7,0.0,1.00,8,52,99,0.111,-14.75,0,3,0.00,0.707,0.0000,16.700,0.000,0.000,0.000,0.000,0.000,0.000,1.272,13.3300,13.12,1.0262,2.0,-47.60,-47.700,0,0.00,0.00,131072.00,36.906,0.123,0.140,0.000,-0.017,118.000,117.500,4.980,0.000,-68.756,0.00,0.00,72.09,0.00,
134.618,0,0.0,1.3,0.0,0.7,183,3340,4,1943,5032,104,0.0,0.5,0.5,0.5,0.5,0,19.11,19.11,5.8,12.7,72,0.99,32.0,47.4,0.0,1.00,8,52,99,0.108,-14.75,0,3,0.00,0.708,0.0000,16.700,0.000,0.000,0.000,0.000,0.000,0.000,1.272,13.3400,13.15,1.0261,2.0,-47.60,-47.600,0,0.00,0.00,131072.00,36.843,0.123,0.140,0.000,-0.017,118.200,117.500,4.980,0.000,-68.756,0.00,0.00,72.10,0.00,
134.695,0,0.0,1.3,0.0,0.7,183,3327,4,1943,5036,104,0.0,0.5,0.5,0.5,0.5,0,19.11,19.11,5.8,12.7,72,0.99,32.0,52.3,0.0,1.00,8,51,99,0.117,-14.75,0,3,0.00,0.708,0.0000,16.700,0.000,0.000,0.000,0.000,0.000,0.000,1.272,13.3100,13.15,1.0261,2.0,-47.40,-47.400,0,0.00,0.00,131072.00,36.718,0.123,0.140,0.000,-0.017,117.900,117.500,4.980,0.000,-68.756,0.00,0.00,72.10,0.00,
134.774,0,0.0,1.2,0.0,0.7,183,3307,4,1943,5036,104,0.0,0.0,0.5,0.5,0.5,0,19.11,19.11,5.8,12.7,72,0.99,32.0,40.2,0.0,1.00,8,51,99,0.099,-14.75,0,3,0.00,0.708,0.0000,16.700,0.000,0.000,0.000,0.000,0.000,0.000,1.272,13.3000,13.13,1.0257,2.0,-47.80,-47.800,0,0.00,0.00,131072.00,36.531,0.123,0.140,0.000,-0.017,117.900,117.500,4.980,0.000,-68.756,0.00,0.00,72.10,0.00,
134.854,0,0.0,1.3,0.0,0.7,183,3295,4,1943,5037,104,0.0,0.5,0.5,0.5,0.5,0,19.11,19.11,5.8,12.7,72,0.99,32.0,48.7,0.0,1.00,8,51,99,0.083,-14.75,0,3,0.00,0.708,0.0000,16.700,0.000,0.000,0.000,0.000,0.000,0.000,1.272,13.2800,13.13,1.0249,2.0,-47.70,-47.700,0,0.00,0.00,131072.00,36.312,0.123,0.140,0.000,-0.017,117.800,117.500,4.980,0.000,-68.756,0.00,0.00,72.10,0.00,
134.935,0,0.0,1.2,0.0,0.7,183,3266,4,1943,5039,104,0.0,0.5,0.5,0.5,0.5,0,19.11,19.11,5.8,12.7,72,0.99,32.0,48.2,0.0,1.00,8,51,99,0.079,-14.75,0,3,0.00,0.708,0.0000,16.700,0.000,0.000,0.000,0.000,0.000,0.000,1.264,13.2500,13.06,1.0249,2.0,-47.60,-47.500,0,0.00,0.00,131072.00,36.031,0.125,0.140,0.000,-0.015,118.000,117.500,4.980,0.000,-68.756,0.00,0.00,72.10,0.00,
135.024,0,0.0,1.2,0.0,0.7,183,3247,4,1943,5042,104,0.0,0.0,0.0,0.0,0.0,0,19.11,19.11,5.8,12.7,72,0.99,32.0,38.4,0.0,1.00,8,50,99,0.072,-14.75,0,3,0.00,0.708,0.0000,16.700,0.000,0.000,0.000,0.000,0.000,0.000,1.264,13.2500,13.11,1.0249,2.0,-47.10,-47.300,0,0.00,0.00,131072.00,35.718,0.125,0.140,0.000,-0.015,118.000,117.500,4.980,0.000,-68.756,0.00,0.00,72.10,0.00,
135.104,0,0.0,1.2,0.0,0.7,182,3260,4,1943,5042,104,0.0,0.5,0.5,0.5,0.5,0,19.11,19.11,5.4,12.7,72,0.99,32.0,43.2,0.0,1.00,8,50,99,0.077,-14.75,0,3,0.00,0.708,0.0000,16.700,0.000,0.000,0.000,0.000,0.000,0.000,1.264,13.2400,13.11,1.0249,2.0,-47.00,-47.000,0,0.00,0.00,131072.00,35.718,0.125,0.140,0.000,-0.015,117.900,117.500,4.980,0.000,-68.756,0.00,0.00,72.10,0.00,
135.184,0,0.0,1.2,0.0,0.7,182,3222,4,1943,5044,104,0.0,0.0,0.0,0.0,0.0,0,19.11,19.11,5.8,12.7,72,0.99,32.0,54.0,0.0,1.00,8,50,99,0.056,-14.75,0,3,0.00,0.708,0.0000,16.700,0.000,0.000,0.000,0.000,0.000,0.000,1.264,13.2000,13.20,1.0249,2.0,-47.50,-47.400,0,0.00,0.00,131072.00,35.406,0.125,0.140,0.000,-0.015,117.800,117.500,4.980,0.000,-68.756,0.00,0.00,72.10,0.00,
135.265,0,0.0,1.2,0.0,0.7,182,3200,4,1943,5046,104,0.0,-0.5,-0.5,-0.5,-0.5,0,19.11,19.11,5.4,12.7,72,0.99,32.0,47.5,0.0,1.00,8,50,99,0.052,-14.75,0,3,0.00,0.708,0.0000,16.700,0.000,0.000,0.000,0.000,0.000,0.000,1.242,13.2000,12.92,1.0246,2.0,-47.30,-47.200,0,0.00,0.00,131072.00,35.093,0.125,0.140,0.000,-0.015,118.000,117.500,4.980,0.000,-68.756,0.00,0.00,72.10,0.00,
135.350,0,0.0,1.2,0.0,0.7,182,3205,4,1943,5046,104,0.0,-0.5,-0.5,-0.5,-0.5,0,19.11,19.11,5.4,12.7,72,0.99,32.0,43.1,-0.1,1.00,8,50,99,0.052,-14.75,0,3,0.00,0.708,0.0000,16.700,0.000,0.000,0.000,0.000,0.000,0.000,1.250,13.2000,13.03,1.0239,2.0,-47.20,-47.200,0,0.00,0.00,131072.00,35.031,0.125,0.140,0.000,-0.015,117.800,117.500,4.980,0.000,-68.756,0.00,0.00,72.10,0.00,
135.436,0,0.0,1.1,0.0,0.7,182,3182,4,1943,5047,104,0.0,-0.5,-0.5,-0.5,-0.5,0,19.11,19.11,5.4,12.7,72,0.99,32.0,46.7,0.0,1.00,8,49,99,0.056,-14.75,0,3,0.00,0.708,0.0000,16.700,0.000,0.000,0.000,0.000,0.000,0.000,1.250,13.1700,13.05,1.0239,2.0,-45.50,-45.800,0,0.00,0.00,131072.00,34.812,0.125,0.140,0.000,-0.015,117.800,117.500,4.980,0.000,-68.756,0.00,0.00,72.10,0.00,
135.514,0,0.0,1.2,0.0,0.7,182,3161,4,1943,5049,104,0.0,-0.5,-0.5,-0.5,-0.5,0,19.11,19.11,5.8,12.7,72,0.99,32.0,48.7,-0.1,1.00,8,49,99,0.038,-14.75,0,3,0.00,0.708,0.0000,16.700,0.000,0.000,0.000,0.000,0.000,0.000,1.242,13.1500,13.03,1.0238,2.0,-43.90,-44.800,0,0.00,0.00,131072.00,34.562,0.126,0.140,0.000,-0.013,118.000,117.500,4.980,0.000,-68.756,0.00,0.00,72.10,0.00,
135.594,0,0.0,1.1,0.0,0.7,182,3156,4,1943,5050,104,0.0,-0.5,-0.5,-0.5,-0.5,0,19.11,19.11,5.4,12.7,72,0.99,28.0,41.5,-0.1,1.00,8,49,99,0.031,-14.75,0,3,0.00,0.708,0.0000,16.700,0.000,0.000,0.000,0.000,0.000,0.000,1.238,13.1500,12.98,1.0236,2.0,-44.00,-44.000,0,0.00,0.00,131072.00,34.406,0.126,0.140,0.000,-0.013,117.900,117.500,4.980,0.000,-68.756,0.00,0.00,72.24,0.00,
135.674,0,0.0,1.1,0.0,0.7,182,3139,4,1943,5052,104,0.0,-0.5,-0.5,-0.5,-0.5,0,19.11,19.11,5.4,12.7,72,0.99,28.0,41.9,-0.1,1.00,8,49,99,0.011,-14.75,0,3,0.00,0.708,0.0000,16.700,0.000,0.000,0.000,0.000,0.000,0.000,1.238,13.1200,13.05,1.0236,2.0,-43.40,-43.400,0,0.00,0.00,131072.00,34.187,0.126,0.140,0.000,-0.013,117.500,117.500,4.980,0.000,-68.756,0.00,0.00,72.24,0.00,
135.755,0,0.0,1.1,0.0,0.7,182,3115,4,1943,5052,104,-0.7,-1.0,-1.0,-1.0,-1.0,0,19.11,19.11,5.8,12.7,72,0.99,28.0,28.8,0.0,1.00,8,48,99,0.013,-14.75,0,3,0.00,0.708,0.0000,16.700,0.000,0.000,0.000,0.000,0.000,0.000,1.238,13.1100,13.06,1.0235,2.0,-42.90,-42.900,0,0.00,0.00,131072.00,33.937,0.126,0.140,0.000,-0.013,118.000,117.500,4.980,0.000,-68.756,0.00,0.00,72.24,0.00,
135.838,0,0.0,1.1,0.0,0.7,182,3113,4,1943,5054,104,-0.7,-1.0,-1.0,-1.0,-1.0,0,19.11,19.11,5.8,12.7,72,0.99,28.0,31.7,-0.1,1.00,8,48,99,0.022,-14.75,0,3,0.00,0.708,0.0000,16.700,0.000,0.000,0.000,0.000,0.000,0.000,1.238,13.1000,13.10,1.0235,2.0,-42.70,-42.700,0,0.00,0.00,131072.00,33.812,0.126,0.140,0.000,-0.013,118.000,117.500,4.980,0.000,-68.756,0.00,0.00,72.24,0.00,
135.914,0,0.0,1.1,0.0,0.7,182,3089,4,1943,5055,104,-0.7,-1.0,-1.0,-1.0,-1.0,0,19.11,19.11,5.4,12.7,72,0.99,28.0,29.2,0.0,1.00,8,48,99,0.031,-14.75,0,3,0.00,0.708,0.0000,16.700,0.000,0.000,0.000,0.000,0.000,0.000,1.217,13.0800,12.93,1.0235,2.0,-41.90,-42.300,0,0.00,0.00,131072.00,33.562,0.126,0.140,0.000,-0.013,117.900,117.500,4.980,0.000,-68.756,0.00,0.00,72.24,0.00,
135.994,0,0.0,1.1,0.0,0.7,182,3075,4,1943,5055,104,-0.7,-1.0,-1.0,-1.0,-1.0,0,19.11,19.11,5.4,12.7,72,0.99,28.0,34.8,0.0,1.00,8,48,99,0.015,-14.75,0,3,0.00,0.708,0.0000,16.700,0.000,0.000,0.000,0.000,0.000,0.000,1.225,13.0700,13.03,1.0235,2.0,-41.90,-41.900,0,0.00,0.00,131072.00,33.375,0.126,0.140,0.000,-0.013,118.100,117.500,4.980,0.000,-68.756,0.00,0.00,72.24,0.00,
136.084,0,0.0,1.1,0.0,0.7,182,3068,4,1943,5059,104,-0.7,-1.0,-1.0,-1.0,-1.0,0,19.11,19.11,5.8,12.7,72,0.99,28.0,36.0,0.0,1.00,8,47,99,0.015,-14.75,0,3,0.00,0.708,0.0000,16.700,0.000,0.000,0.000,0.000,0.000,0.000,1.207,13.0600,12.86,1.0234,2.0,-40.90,-40.900,0,0.00,0.00,131072.00,33.218,0.126,0.140,0.000,-0.013,118.000,117.500,4.980,0.000,-68.756,0.00,0.00,72.24,0.00,
136.164,0,0.0,1.0,0.0,0.7,182,3046,4,1943,5060,106,-0.7,-1.0,-1.0,-1.0,-1.0,0,19.11,19.11,5.4,12.7,72,0.99,28.0,32.9,0.0,1.00,8,47,99,0.018,-14.75,0,3,0.00,0.708,0.0000,16.700,0.000,0.000,0.000,0.000,0.000,0.000,1.207,13.0300,12.91,1.0224,2.0,-40.20,-40.200,0,0.00,0.00,131072.00,32.968,0.126,0.140,0.000,-0.013,117.700,117.500,4.980,0.000,-68.756,0.00,0.00,72.24,0.00,
136.244,0,0.0,1.1,0.0,0.7,182,3033,4,1943,5060,106,-0.7,-1.0,-1.0,-1.0,-1.0,0,19.11,19.11,5.4,12.7,72,0.99,28.0,39.6,0.0,1.00,8,47,99,0.006,-14.75,0,3,0.00,0.708,0.0000,16.700,0.000,0.000,0.000,0.000,0.000,0.000,1.207,13.0200,12.97,1.0224,2.0,-39.80,-39.900,0,0.00,0.00,131072.00,32.750,0.126,0.140,0.000,-0.013,117.700,117.500,4.980,0.000,-68.756,0.00,0.00,72.24,0.00,
136.324,0,0.0,1.1,0.0,0.7,182,3018,4,1943,5062,106,-0.7,-1.0,-1.0,-1.0,-1.0,0,19.11,19.11,5.4,12.7,72,0.99,28.0,44.1,0.0,1.00,7,47,99,-0.031,-14.75,0,3,0.00,0.706,0.0000,16.700,0.000,0.000,0.000,0.000,0.000,0.000,1.186,13.0000,12.68,1.0224,2.0,-39.10,-39.300,0,0.00,0.00,131072.00,32.593,0.126,0.140,0.000,-0.013,117.900,117.500,4.980,0.000,-68.756,0.00,0.00,72.24,0.00,
136.398,0,0.0,1.1,0.0,0.7,182,2996,4,1943,5064,106,0.0,-0.5,-0.5,-1.0,-1.0,0,19.11,19.11,5.4,12.0,72,0.99,28.0,52.1,-0.1,1.00,7,46,99,-0.049,-14.75,0,3,0.00,0.705,0.0000,16.600,0.000,0.000,0.000,0.000,0.000,0.000,1.195,12.9900,12.81,1.0224,2.0,-39.10,-39.100,0,0.00,0.00,131072.00,32.375,0.126,0.140,0.000,-0.013,118.000,117.500,4.980,0.000,-68.756,0.00,0.00,72.24,0.00,
136.474,0,0.0,1.0,0.0,0.7,182,2995,4,1943,5065,106,-1.5,-1.5,-1.5,-1.5,-1.5,0,19.11,19.11,5.4,12.7,72,0.99,28.0,45.1,-0.1,1.00,7,46,99,-0.063,-14.75,0,3,0.00,0.703,0.0000,16.600,0.000,0.000,0.000,0.000,0.000,0.000,1.195,12.9900,12.83,1.0224,2.0,-38.30,-38.600,0,0.00,0.00,131072.00,32.250,0.128,0.140,0.000,-0.011,118.000,117.500,4.980,0.000,-68.756,0.00,0.00,72.24,0.00,
136.554,0,0.0,1.0,0.0,0.6,182,2983,4,1943,5065,106,-1.5,-1.5,-1.5,-1.5,-1.5,0,19.11,19.11,5.4,12.7,72,0.99,28.0,40.5,-0.1,1.00,7,46,99,-0.065,-14.75,0,3,0.00,0.688,0.0000,16.600,0.000,0.000,0.000,0.000,0.000,0.000,1.195,12.9700,12.82,1.0224,2.0,-38.00,-38.100,0,0.00,0.00,131072.00,32.093,0.126,0.138,0.000,-0.011,117.900,117.500,4.980,0.000,-68.756,0.00,0.00,72.24,0.00,
136.634,0,0.0,1.0,0.0,0.6,182,2958,4,1943,5065,106,-1.5,-1.5,-1.5,-1.5,-1.5,0,19.11,19.11,5.4,12.7,72,0.99,28.0,36.2,-0.1,1.00,7,46,99,-0.049,-14.75,0,3,0.00,0.670,0.0000,16.500,0.000,0.000,0.000,0.000,0.000,0.000,1.195,12.9400,12.92,1.0223,2.0,-37.40,-37.400,0,0.00,0.00,131072.00,31.812,0.125,0.138,0.000,-0.013,118.000,117.500,4.980,0.000,-68.756,0.00,0.00,72.24,0.00,
136.715,0,0.0,1.0,0.0,0.6,182,2941,4,1943,5067,106,-1.5,-2.0,-2.0,-2.0,-2.0,0,19.11,19.11,5.4,12.7,72,0.99,28.0,47.7,0.0,1.00,7,45,99,-0.045,-14.75,0,3,0.00,0.667,0.0000,16.500,0.000,0.000,0.000,0.000,0.000,0.000,1.182,12.9300,12.80,1.0223,2.0,-36.90,-37.000,0,0.00,0.00,131072.00,31.593,0.125,0.138,0.000,-0.013,117.700,117.500,4.980,0.000,-68.756,0.00,0.00,72.24,0.00,
136.795,0,0.0,1.0,0.0,0.6,182,2934,4,1943,5069,106,-1.5,-2.0,-2.0,-2.0,-2.0,0,19.11,19.11,5.4,12.7,72,0.99,28.0,47.7,0.0,1.00,7,45,99,-0.058,-14.75,0,3,0.00,0.659,0.0000,16.400,0.000,0.000,0.000,0.000,0.000,0.000,1.182,12.9200,12.85,1.0217,2.0,-36.20,-36.300,0,0.00,0.00,131072.00,31.437,0.125,0.138,0.000,-0.013,117.900,117.500,4.980,0.000,-68.756,0.00,0.00,72.24,0.00,
136.874,0,0.0,1.0,0.0,0.6,182,2919,4,1943,5070,106,-1.5,-2.0,-2.0,-2.0,-2.0,0,19.11,19.11,5.4,12.7,72,0.99,28.0,41.5,0.0,1.00,7,45,99,-0.065,-14.75,0,3,0.00,0.650,0.0000,16.400,0.000,0.000,0.000,0.000,0.000,0.000,1.160,12.9100,12.56,1.0211,2.0,-35.20,-35.500,0,0.00,0.00,131072.00,31.250,0.123,0.136,0.000,-0.013,117.700,117.500,4.980,0.000,-68.756,0.00,0.00,72.24,0.00,
136.965,0,0.0,1.0,0.0,0.6,182,2904,4,1943,5070,106,-1.5,-1.5,-1.5,-1.5,-1.5,0,19.11,19.11,5.4,12.0,72,0.99,28.0,42.5,0.0,1.00,7,45,99,-0.079,-14.75,0,3,0.00,0.638,0.0000,16.200,0.000,0.000,0.000,0.000,0.000,0.000,1.169,12.8900,12.72,1.0211,2.0,-35.00,-35.000,0,0.00,0.00,131072.00,31.062,0.123,0.136,0.000,-0.013,117.500,117.500,4.980,0.000,-68.756,0.00,0.00,72.24,0.00,
137.034,0,0.0,1.0,0.0,0.6,182,2885,4,1943,5072,106,-1.5,-1.5,-1.5,-1.5,-1.5,0,19.11,19.11,5.4,12.0,72,0.99,28.0,34.0,-0.1,1.00,7,45,99,-0.099,-14.75,0,3,0.00,0.625,0.0000,16.200,0.000,0.000,0.000,0.000,0.000,0.000,1.169,12.8800,12.75,1.0211,2.0,-34.80,-34.800,0,0.00,0.00,131072.00,30.875,0.123,0.136,0.000,-0.013,117.800,117.500,4.980,0.000,-68.756,0.00,0.00,72.24,0.00,
137.115,0,0.0,1.0,0.0,0.6,182,2873,4,1943,5074,106,-1.5,-1.5,-1.5,-1.5,-1.5,0,19.11,19.11,5.4,12.7,72,0.99,28.0,40.7,-0.1,1.00,7,44,99,-0.131,-14.75,0,3,0.00,0.619,0.0000,16.100,0.000,0.000,0.000,0.000,0.000,0.000,1.169,12.8700,12.75,1.0211,2.0,-34.70,-34.700,0,0.00,0.00,131072.00,30.687,0.123,0.136,0.000,-0.013,117.700,117.500,4.980,0.000,-68.756,0.00,0.00,72.39,0.00,
137.195,0,0.0,1.0,0.0,0.6,182,2863,4,1943,5074,106,-1.5,-1.5,-1.5,-1.5,-1.5,0,19.11,19.11,5.4,12.7,72,0.99,28.0,40.2,-0.1,1.00,7,44,99,-0.147,-14.75,0,3,0.00,0.612,0.0000,16.100,0.000,0.000,0.000,0.000,0.000,0.000,1.169,12.8500,12.77,1.0211,2.0,-34.70,-34.700,0,0.00,0.00,131072.00,30.531,0.121,0.134,0.000,-0.013,118.000,117.500,4.980,0.000,-68.756,0.00,0.00,72.39,0.00,
137.274,0,0.0,1.0,0.0,0.6,181,2850,4,1943,5075,106,-1.5,-2.0,-2.0,-2.0,-2.0,0,19.11,19.11,5.4,12.7,72,0.99,28.0,46.9,-0.1,1.00,7,44,99,-0.151,-14.75,0,3,0.00,0.599,0.0000,16.100,0.000,0.000,0.000,0.000,0.000,0.000,1.169,12.8400,12.82,1.0211,2.0,-34.70,-34.700,0,0.00,0.00,131072.00,30.343,0.121,0.134,0.000,-0.013,117.700,117.500,4.980,0.000,-68.756,0.00,0.00,72.39,0.00,
137.365,0,0.0,1.0,0.0,0.5,181,2833,4,1943,5077,106,-1.5,-2.0,-2.0,-2.0,-2.0,0,19.11,19.11,5.4,12.0,72,0.99,24.0,39.8,-0.1,1.00,7,44,99,-0.163,-14.75,0,3,0.00,0.590,0.0000,16.000,0.000,0.000,0.000,0.000,0.000,0.000,1.148,12.8300,12.57,1.0211,2.0,-34.40,-34.400,0,0.00,0.00,131072.00,30.156,0.121,0.134,0.000,-0.013,117.500,117.500,4.980,0.000,-68.756,0.00,0.00,72.39,0.00,
137.444,0,0.0,1.0,0.0,0.5,181,2824,4,1943,5079,106,-1.5,-1.5,-1.5,-1.5,-1.5,0,19.11,19.11,5.4,12.0,72,0.99,24.0,47.3,-0.1,1.00,7,44,99,-0.167,-14.75,0,3,0.00,0.583,0.0000,16.000,0.000,0.000,0.000,0.000,0.000,0.000,1.148,12.8100,12.62,1.0203,2.0,-34.20,-34.200,0,0.00,0.00,131072.00,30.000,0.121,0.134,0.000,-0.013,117.400,117.500,4.980,0.000,-68.756,0.00,0.00,72.39,0.00,
137.524,0,0.0,1.0,0.0,0.5,181,2806,4,1943,5079,106,-1.5,-1.5,-1.5,-1.5,-1.5,0,19.11,19.11,5.4,12.0,72,0.99,24.0,58.2,-0.1,1.00,7,43,99,-0.185,-14.75,0,3,0.00,0.569,0.0000,15.900,0.000,0.000,0.000,0.000,0.000,0.000,1.152,12.7900,12.73,1.0201,2.0,-34.20,-34.200,0,0.00,0.00,131072.00,29.812,0.117,0.132,0.000,-0.015,117.600,117.500,4.980,0.000,-68.756,0.00,0.00,72.39,0.00,
137.605,0,0.0,1.0,0.0,0.5,181,2793,4,1943,5079,106,-1.5,-1.5,-1.5,-2.0,-2.0,0,19.11,19.11,5.4,12.0,72,0.99,24.0,51.6,-0.1,1.00,7,43,99,-0.212,-14.75,0,3,0.00,0.563,0.0000,15.900,0.000,0.000,0.000,0.000,0.000,0.000,1.139,12.7900,12.56,1.0201,2.0,-34.10,-34.100,0,0.00,0.00,131072.00,29.625,0.119,0.132,0.000,-0.013,117.800,117.500,4.980,0.000,-68.756,0.00,0.00,72.39,0.00,
137.675,0,0.0,1.0,0.0,0.5,181,2786,4,1943,5080,106,-1.5,-1.5,-1.5,-1.5,-1.5,0,19.11,19.11,5.4,12.0,72,0.99,24.0,40.8,-0.2,1.00,6,43,99,-0.217,-14.75,0,3,0.00,0.558,0.0000,15.900,0.000,0.000,0.000,0.000,0.000,0.000,1.139,12.7800,12.62,1.0200,2.0,-34.20,-34.200,0,0.00,0.00,131072.00,29.500,0.119,0.132,0.000,-0.013,118.000,117.500,4.980,0.000,-68.756,0.00,0.00,72.39,0.00,
137.756,0,0.0,1.0,0.0,0.5,181,2768,4,1943,5082,106,-1.5,-1.5,-1.5,-1.5,-1.5,0,19.11,19.11,5.4,12.0,72,0.99,24.0,44.8,-0.2,1.00,6,43,99,-0.253,-14.75,0,3,0.00,0.543,0.0000,15.800,0.000,0.000,0.000,0.000,0.000,0.000,1.139,12.7600,12.67,1.0200,2.0,-34.20,-34.200,0,0.00,0.00,131072.00,29.312,0.119,0.132,0.000,-0.013,117.900,117.500,4.980,0.000,-68.756,0.00,0.00,72.39,0.00,
137.836,0,0.0,1.0,0.0,0.5,181,2753,4,1943,5082,106,-1.5,-1.5,-1.5,-1.5,-1.5,0,19.11,19.11,5.4,12.0,72,0.99,24.0,44.5,-0.2,1.00,6,43,99,-0.271,-14.75,0,3,0.00,0.536,0.0000,15.800,0.000,0.000,0.000,0.000,0.000,0.000,1.139,12.7400,12.72,1.0200,2.0,-34.40,-34.300,0,0.00,0.00,131072.00,29.093,0.115,0.130,0.000,-0.015,117.800,117.500,4.980,0.000,-68.756,0.00,0.00,72.53,0.00,
137.926,0,0.0,1.0,0.0,0.5,181,2742,4,1943,5083,106,-1.5,-2.0,-2.0,-2.0,-2.0,0,19.11,19.11,5.4,12.0,72,0.99,24.0,47.5,-0.2,1.00,6,42,99,-0.299,-14.75,0,3,0.00,0.525,0.0000,15.700,0.000,0.000,0.000,0.000,0.000,0.000,1.117,12.7300,12.46,1.0200,2.0,-34.30,-34.200,0,0.00,0.00,131072.00,28.937,0.115,0.130,0.000,-0.015,117.500,117.500,4.980,0.000,-68.756,0.00,0.00,72.53,0.00,
138.005,0,0.0,1.0,0.0,0.5,181,2724,4,1943,5083,106,-1.5,-2.0,-2.0,-2.0,-2.0,0,19.11,19.11,5.4,12.0,72,0.99,24.0,42.0,-0.2,1.00,6,42,99,-0.308,-14.75,0,3,0.00,0.514,0.0000,15.500,0.000,0.000,0.000,0.000,0.000,0.000,1.117,12.7100,12.48,1.0200,2.0,-34.10,-34.000,0,0.00,0.00,131072.00,28.750,0.115,0.130,0.000,-0.015,117.900,117.500,4.980,0.000,-68.756,0.00,0.00,72.53,0.00,
138.088,0,0.0,1.0,0.0,0.5,181,2712,4,1943,5087,106,-1.5,-2.0,-2.0,-2.0,-2.0,0,19.11,19.11,5.4,12.0,72,0.99,24.0,41.7,-0.2,1.00,6,42,99,-0.319,-14.75,0,3,0.00,0.507,0.0000,15.500,0.000,0.000,0.000,0.000,0.000,0.000,1.117,12.7000,12.48,1.0200,2.0,-33.90,-33.900,0,0.00,0.00,131072.00,28.562,0.113,0.128,0.000,-0.015,117.500,117.500,4.980,0.000,-68.756,0.00,0.00,72.53,0.00,
138.175,0,0.0,1.0,0.0,0.5,181,2694,4,1943,5087,106,-1.5,-2.0,-2.0,-2.0,-2.0,0,19.11,19.11,5.4,12.0,72,0.99,24.0,45.3,-0.3,1.00,6,42,99,-0.319,-14.75,0,3,0.00,0.493,0.0000,15.400,0.000,0.000,0.000,0.000,0.000,0.000,1.117,12.6800,12.60,1.0198,2.0,-33.80,-33.800,0,0.00,0.00,131072.00,28.375,0.113,0.128,0.000,-0.015,117.600,117.500,4.980,0.000,-68.756,0.00,0.00,72.53,0.00,
138.255,0,0.0,1.0,0.0,0.4,181,2675,4,1943,5087,106,-1.5,-2.0,-2.0,-2.0,-2.0,0,19.11,19.11,5.4,12.0,72,0.99,24.0,45.4,-0.3,1.00,6,41,99,-0.344,-14.75,0,3,0.00,0.482,0.0000,15.400,0.000,0.000,0.000,0.000,0.000,0.000,1.113,12.6600,12.58,1.0196,2.0,-33.90,-33.800,0,0.00,0.00,131072.00,28.156,0.113,0.128,0.000,-0.015,117.600,117.500,4.980,0.000,-68.756,0.00,0.00,72.53,0.00,
138.335,0,0.0,1.0,0.0,0.4,181,2661,4,1943,5088,106,-2.2,-2.5,-2.5,-2.5,-2.5,0,19.11,19.11,5.4,12.0,72,0.99,24.0,49.2,-0.3,1.00,6,41,99,-0.385,-14.75,0,3,0.00,0.474,0.0000,15.400,0.000,0.000,0.000,0.000,0.000,0.000,1.105,12.6500,12.48,1.0189,2.0,-33.90,-33.900,0,0.00,0.00,131072.00,27.937,0.113,0.128,0.000,-0.015,117.600,117.500,4.980,0.000,-68.756,0.00,0.00,72.53,0.00,
138.415,0,0.0,1.0,0.0,0.4,181,2648,4,1943,5090,106,-2.2,-2.5,-2.5,-2.5,-2.5,0,19.11,19.11,5.4,12.0,72,0.99,24.0,51.8,-0.3,1.00,6,41,99,-0.394,-14.75,0,3,0.00,0.465,0.0000,15.300,0.000,0.000,0.000,0.000,0.000,0.000,1.105,12.6400,12.57,1.0188,2.0,-34.00,-34.000,0,0.00,0.00,131072.00,27.750,0.111,0.126,0.000,-0.015,117.600,117.500,4.980,0.000,-68.756,0.00,0.00,72.53,0.00,
138.503,0,0.0,1.0,0.0,0.4,181,2632,4,1943,5090,106,-2.2,-2.5,-2.5,-2.5,-2.5,0,19.11,19.11,5.4,12.0,72,0.99,24.0,46.3,-0.3,1.00,6,41,99,-0.401,-14.75,0,3,0.00,0.451,0.0000,15.300,0.000,0.000,0.000,0.000,0.000,0.000,1.097,12.6200,12.55,1.0188,2.0,-33.80,-33.800,0,0.00,0.00,131072.00,27.562,0.111,0.126,0.000,-0.015,117.800,117.500,4.980,0.000,-68.756,0.00,0.00,72.68,0.00,
138.605,0,0.0,1.0,0.0,0.4,181,2614,4,1943,5092,106,-2.2,-2.5,-2.5,-2.5,-2.5,0,19.11,19.11,5.4,12.0,72,0.99,24.0,51.1,-0.3,1.00,6,40,99,-0.401,-14.75,0,3,0.00,0.438,0.0000,15.200,0.000,0.000,0.000,0.000,0.000,0.000,1.075,12.6000,12.32,1.0188,2.0,-33.60,-33.700,0,0.00,0.00,131072.00,27.312,0.111,0.126,0.000,-0.015,117.600,117.500,4.980,0.000,-68.756,0.00,0.00,72.68,0.00,
138.692,0,0.0,1.0,0.0,0.4,181,2600,4,1943,5092,106,-1.5,-2.0,-2.5,-2.0,-2.5,0,19.11,19.11,5.4,12.0,72,0.99,24.0,51.2,-0.3,1.00,6,40,99,-0.373,-14.75,0,3,0.00,0.431,0.0000,15.200,0.000,0.000,0.000,0.000,0.000,0.000,1.070,12.5900,12.36,1.0188,2.0,-33.70,-33.700,0,0.00,0.00,131072.00,27.125,0.107,0.125,0.000,-0.017,117.700,117.500,4.980,0.000,-68.756,0.00,0.00,72.53,0.00,
138.775,0,0.0,1.0,0.0,0.4,181,2580,4,1943,5093,106,-1.5,-2.0,-2.5,-2.0,-2.5,0,19.11,19.11,5.4,12.0,72,0.99,24.0,49.0,-0.2,1.00,6,40,99,-0.385,-14.75,0,3,0.00,0.413,0.0000,15.100,0.000,0.000,0.000,0.000,0.000,0.000,1.070,12.5700,12.50,1.0187,2.0,-33.80,-33.800,0,0.00,0.00,131072.00,26.937,0.107,0.125,0.000,-0.017,117.700,117.500,4.980,0.000,-68.756,0.00,0.00,72.53,0.00,
138.857,0,0.0,1.0,0.0,0.4,181,2557,4,1943,5095,106,-2.2,-2.5,-2.5,-2.5,-2.5,0,19.11,19.11,5.4,12.0,72,0.99,24.0,46.0,-0.2,1.00,6,40,99,-0.386,-14.75,0,3,0.00,0.397,0.0000,15.000,0.000,0.000,0.000,0.000,0.000,0.000,1.049,12.5400,12.31,1.0187,2.0,-33.60,-33.600,0,0.00,0.00,131072.00,26.656,0.107,0.125,0.000,-0.017,117.600,117.500,4.980,0.000,-68.756,0.00,0.00,72.53,0.00,
138.935,0,0.0,1.0,0.0,0.3,181,2535,4,1943,5095,106,-1.5,-2.0,-2.0,-2.0,-2.0,0,19.11,19.11,5.4,12.0,72,0.99,24.0,49.5,-0.2,1.00,6,39,99,-0.377,-14.75,0,3,0.00,0.380,0.0000,14.900,0.000,0.000,0.000,0.000,0.000,0.000,1.049,12.5200,12.47,1.0184,2.0,-33.50,-33.500,0,0.00,0.00,131072.00,26.406,0.107,0.125,0.000,-0.017,117.600,117.500,4.980,0.000,-68.756,0.00,0.00,72.53,0.00,
139.015,0,0.0,1.0,0.0,0.3,181,2518,4,1943,5095,106,-2.2,-2.5,-2.5,-2.5,-2.5,0,19.11,19.11,5.4,12.0,72,0.99,24.0,48.7,-0.2,1.00,6,39,99,-0.382,-14.75,0,3,0.00,0.371,0.0000,14.900,0.000,0.000,0.000,0.000,0.000,0.000,1.040,12.5100,12.40,1.0177,2.0,-33.50,-33.500,0,0.00,0.00,131072.00,26.156,0.107,0.125,0.000,-0.017,117.600,117.500,4.980,0.000,-68.756,0.00,0.00,72.53,0.00,
139.108,0,0.0,1.0,0.0,0.3,181,2501,4,1943,5097,106,-2.2,-2.5,-2.5,-2.5,-2.5,0,19.11,19.11,5.4,12.0,72,0.99,24.0,39.2,-0.3,1.00,6,39,99,-0.397,-14.75,0,3,0.00,0.357,0.0000,14.700,0.000,0.000,0.000,0.000,0.000,0.000,1.040,12.4900,12.51,1.0177,2.0,-33.40,-33.400,0,0.00,0.00,131072.00,25.906,0.107,0.125,0.000,-0.017,117.800,117.500,4.980,0.000,-68.756,0.00,0.00,72.53,0.00,
139.205,0,0.0,1.0,0.0,0.3,181,2477,4,1943,5098,106,-2.2,-2.5,-3.0,-3.0,-3.0,0,19.11,19.11,5.4,12.0,72,0.99,20.0,40.6,-0.2,1.00,6,38,99,-0.382,-14.75,0,3,0.00,0.342,0.0000,14.700,0.000,0.000,0.000,0.000,0.000,0.000,1.028,12.4700,12.47,1.0177,2.0,-33.50,-33.500,0,0.00,0.00,131072.00,25.656,0.105,0.123,0.000,-0.017,117.800,117.500,4.980,0.000,-68.756,0.00,0.00,72.53,0.00,
139.287,0,0.0,1.0,0.0,0.3,180,2461,4,1943,5098,106,-3.0,-3.0,-3.0,-3.0,-3.0,0,19.11,19.11,5.4,12.0,72,0.99,20.0,55.0,-0.3,1.00,5,38,99,-0.402,-14.75,0,3,0.00,0.330,0.0000,14.600,0.000,0.000,0.000,0.000,0.000,0.000,1.007,12.4500,12.20,1.0177,2.0,-33.60,-33.600,0,0.00,0.00,131072.00,25.437,0.105,0.123,0.000,-0.017,117.500,117.500,4.980,0.000,-68.756,0.00,0.00,72.67,0.00,
139.371,0,0.0,1.0,0.0,0.3,180,2445,4,1943,5098,106,-2.2,-2.5,-2.5,-2.5,-2.5,0,19.11,19.11,5.4,12.0,72,0.99,20.0,47.9,-0.3,1.00,5,38,99,-0.391,-14.75,0,3,0.00,0.321,0.0000,14.600,0.000,0.000,0.000,0.000,0.000,0.000,1.007,12.4300,12.35,1.0177,2.0,-33.50,-33.500,0,0.00,0.00,131072.00,25.218,0.103,0.121,0.000,-0.017,117.800,117.500,4.980,0.000,-68.756,0.00,0.00,72.53,0.00,
139.455,0,0.0,1.0,0.0,0.3,180,2426,4,1943,5100,106,-2.2,-2.5,-2.5,-2.5,-2.5,0,19.11,19.11,5.4,12.0,72,0.99,20.0,52.4,-0.3,1.00,5,38,99,-0.431,-14.75,0,3,0.00,0.306,0.0000,14.500,0.000,0.000,0.000,0.000,0.000,0.000,1.007,12.4100,12.36,1.0177,0.0,-33.60,-33.600,0,0.00,0.00,131072.00,25.000,0.103,0.121,0.000,-0.017,117.600,117.500,4.980,0.000,-68.756,0.00,0.00,72.67,0.00,
139.535,0,0.0,1.0,0.0,0.2,180,2405,4,1943,5102,106,-3.0,-3.0,-3.0,-3.0,-3.0,0,19.11,19.11,5.4,12.0,72,0.99,20.0,46.2,-0.4,1.00,5,37,99,-0.488,-14.75,0,3,0.00,0.293,0.0000,14.400,0.000,0.000,0.000,0.000,0.000,0.000,0.986,12.3900,12.10,1.0177,0.0,-33.50,-33.400,0,0.00,0.00,131072.00,24.781,0.103,0.121,0.000,-0.017,117.600,117.500,4.980,0.000,-68.756,0.00,0.00,72.67,0.00,
139.615,0,0.0,1.0,0.0,0.2,180,2386,4,1943,5102,106,-3.0,-3.5,-3.5,-3.5,-3.5,0,19.11,19.11,5.4,12.0,72,0.99,20.0,49.8,-0.4,1.00,5,37,99,-0.497,-14.75,0,3,0.00,0.281,0.0000,14.400,0.000,0.000,0.000,0.000,0.000,0.000,0.986,12.3700,12.18,1.0170,0.0,-33.50,-33.400,0,0.00,0.00,131072.00,24.562,0.101,0.119,0.000,-0.017,117.500,117.500,4.980,0.000,-68.756,0.00,0.00,72.67,0.00,
139.695,0,0.0,1.0,0.0,0.2,180,2368,4,1943,5102,106,-3.0,-3.5,-3.5,-3.5,-3.5,0,19.11,19.11,5.4,12.0,72,0.99,20.0,47.3,-0.5,1.00,5,37,99,-0.545,-14.75,0,3,0.00,0.266,0.0000,14.300,0.000,0.000,0.000,0.000,0.000,0.000,0.986,12.3600,12.25,1.0165,0.0,-33.40,-33.300,0,0.00,0.00,131072.00,24.312,0.101,0.119,0.000,-0.017,117.600,117.500,4.980,0.000,-68.756,0.00,0.00,72.67,0.00,
139.775,0,0.0,0.9,0.0,0.2,180,2349,4,1943,5103,106,-3.0,-3.5,-3.5,-3.5,-3.5,0,19.11,19.11,5.8,12.0,72,0.99,20.0,43.4,-0.5,1.00,5,37,99,-0.585,-14.75,0,3,0.00,0.255,0.0000,14.300,0.000,0.000,0.000,0.000,0.000,0.000,0.986,12.3400,12.33,1.0165,0.0,-33.30,-33.300,0,0.00,0.00,131072.00,24.093,0.099,0.119,0.000,-0.019,117.500,117.500,4.980,0.000,-68.756,0.00,0.00,72.82,0.00,
139.857,0,0.0,0.9,0.0,0.2,180,2333,4,1943,5103,106,-3.0,-3.5,-3.5,-3.5,-3.5,0,19.11,19.11,5.8,12.0,72,0.99,20.0,49.0,-0.5,1.00,5,36,99,-0.570,-14.75,0,3,0.00,0.245,0.0000,14.200,0.000,0.000,0.000,0.000,0.000,0.000,0.974,12.3200,12.25,1.0165,0.0,-33.60,-33.500,0,0.00,0.00,131072.00,23.875,0.099,0.117,0.000,-0.017,117.600,117.500,4.980,0.000,-68.756,0.00,0.00,72.82,0.00,
139.955,0,0.0,0.9,0.0,0.2,180,2314,3,1943,5105,106,-3.7,-4.0,-4.0,-4.0,-4.0,0,19.11,19.11,5.8,12.0,72,0.99,20.0,47.4,-0.5,1.00,5,36,99,-0.585,-14.75,0,3,0.00,0.228,0.0000,14.000,0.000,0.000,0.000,0.000,0.000,0.000,0.956,12.3000,12.13,1.0165,0.0,-33.50,-33.500,0,0.00,0.00,131072.00,23.625,0.097,0.117,0.000,-0.019,117.600,117.500,4.980,0.000,-68.756,0.00,0.00,72.82,0.00,
140.040,0,0.0,0.9,0.0,0.2,180,2289,3,1943,5105,107,-3.7,-4.0,-4.0,-4.0,-4.0,0,19.11,19.11,5.8,12.0,72,0.99,20.0,47.2,-0.5,1.00,5,36,99,-0.579,-14.75,0,3,0.00,0.214,0.0000,14.000,0.000,0.000,0.000,0.000,0.000,0.000,0.956,12.2800,12.25,1.0165,0.0,-34.10,-33.800,0,0.00,0.00,131072.00,23.375,0.097,0.117,0.000,-0.019,117.700,117.500,4.980,0.000,-68.756,0.00,0.00,72.82,0.00,
140.129,0,0.0,0.9,0.0,0.1,180,2266,3,1943,5106,107,-3.7,-4.0,-4.0,-4.0,-3.8,0,19.11,19.11,5.8,12.0,72,0.99,20.0,57.3,-0.5,1.00,5,35,99,-0.626,-14.75,0,3,0.00,0.141,324.7558,36.900,0.000,0.000,0.000,0.000,0.000,0.000,1.160,25.9200,15.68,1.0165,0.0,-34.40,-18.600,0,8.00,8.00,131072.00,29.500,0.093,0.115,0.000,-0.021,117.400,116.100,4.980,0.000,-68.756,0.00,0.00,72.82,0.00,
140.215,0,0.0,0.9,0.0,0.1,180,2282,3,5060,5187,107,23.2,23.5,1.4,7.6,7.6,0,19.11,19.11,16.4,55.5,72,0.99,76.0,65.7,-1.7,1.00,15,35,99,-1.503,-14.75,0,3,0.00,0.147,275.3393,35.800,0.000,0.000,0.000,0.000,0.000,0.000,4.554,61.6200,69.71,1.0167,0.0,79.20,97.300,0,8.00,8.00,131072.00,87.687,0.083,0.117,0.000,-0.033,112.200,110.500,4.980,0.000,-68.756,0.00,0.00,73.69,0.00,
140.295,0,0.0,0.7,0.0,0.0,180,2451,3,5060,5189,107,-0.7,-0.8,-2.3,-0.8,-2.1,0,19.11,19.11,30.4,64.5,72,0.99,120.0,118.0,-1.3,1.00,20,35,99,-0.701,-14.75,0,3,0.00,0.049,277.6025,28.100,0.000,0.000,0.000,0.000,0.000,0.000,3.455,57.4000,60.16,1.0314,2.0,114.20,114.400,0,8.00,8.00,131072.00,106.906,0.080,0.117,0.000,-0.037,104.900,105.600,4.980,0.000,-68.756,0.00,0.00,72.96,0.00,
140.376,0,0.0,1.2,0.0,0.0,180,2653,3,5060,5187,107,-2.2,-2.5,-2.5,9.2,9.2,0,19.11,19.11,27.7,59.2,72,0.99,116.0,109.7,-0.7,1.00,19,34,96,-0.198,-14.75,0,3,0.00,0.029,305.3320,26.900,0.000,0.000,0.000,0.000,0.000,0.000,1.855,23.5600,23.21,1.0450,2.0,76.60,24.900,0,8.00,8.00,131072.00,90.250,0.048,0.111,0.000,-0.062,101.200,102.500,-0.122,0.054,14.703,0.00,0.00,72.38,0.00,
140.475,0,0.0,2.0,0.0,0.0,180,2769,3,4655,5136,107,11.2,11.5,11.5,-2.7,-1.3,0,14.69,14.10,7.4,9.7,72,0.99,20.0,53.2,1.1,1.00,8,34,99,0.193,-14.75,0,3,0.00,0.016,324.6899,4.000,0.000,0.000,0.000,0.000,0.000,0.000,1.225,12.7900,11.52,1.0472,2.0,-16.50,-25.200,0,8.00,8.00,131072.00,43.718,0.037,0.107,0.000,-0.070,104.700,112.300,0.000,-0.463,-11.968,0.00,0.00,71.95,0.00,
140.565,0,0.0,1.7,0.0,0.0,180,2779,3,3210,4952,107,0.0,0.5,0.5,0.5,0.5,0,13.03,13.02,4.6,12.0,72,0.99,24.0,30.2,0.7,1.00,5,34,20,-0.325,-14.75,0,3,0.00,0.018,323.5253,4.000,0.000,0.000,0.000,0.000,0.000,0.000,1.260,12.7600,12.76,1.0405,2.0,-17.00,-31.600,0,0.00,0.00,131072.00,33.031,0.044,0.105,0.000,-0.060,115.600,117.300,9.997,0.000,199.993,0.00,0.00,72.53,0.00,
140.658,0,0.0,1.7,0.0,0.0,180,2745,3,2489,4805,107,-3.7,-4.0,-4.0,-2.0,-3.0,0,13.15,13.26,5.8,13.5,72,0.99,28.0,58.1,0.1,1.00,5,34,20,-0.463,-14.75,0,3,0.00,0.018,322.9760,4.000,0.000,0.000,0.000,0.000,0.000,0.000,1.160,12.7400,13.26,1.0321,2.0,-18.80,-31.400,0,0.00,0.00,131072.00,30.187,0.046,0.105,0.000,-0.058,118.500,117.500,-2.258,0.000,199.993,0.00,0.00,72.67,0.00,
140.735,0,0.0,1.5,0.0,0.0,180,2722,3,2133,4608,107,-11.2,-11.5,-11.5,-11.5,-11.5,0,14.55,14.55,5.8,12.7,72,0.99,24.0,73.8,-0.2,1.00,5,33,20,-0.479,-14.75,0,3,0.00,0.018,323.3935,4.000,0.000,0.000,0.000,0.000,0.000,0.000,1.105,12.7100,12.73,1.0187,2.0,-22.20,-31.300,0,0.00,0.00,131072.00,29.093,0.052,0.105,0.000,-0.052,119.400,117.500,-4.486,0.000,199.993,0.00,0.00,72.67,0.00,
140.815,0,0.0,1.4,0.0,0.0,180,2708,3,2034,4481,107,-11.2,-11.5,-11.5,-11.5,-11.5,0,16.36,16.56,5.4,12.0,72,0.99,24.0,54.8,-0.4,1.16,5,33,20,-0.533,-14.75,0,3,0.00,0.018,322.7563,4.000,0.000,0.000,0.000,0.000,0.000,0.000,1.097,12.7000,12.50,1.0109,2.0,-22.10,-31.300,0,0.00,0.00,131072.00,28.625,0.056,0.105,0.000,-0.048,119.000,117.500,-3.826,0.091,4.174,0.00,0.00,72.67,0.00,
140.935,0,0.0,1.3,0.0,0.0,180,2691,3,1982,4319,107,-10.5,-11.0,-11.0,-11.0,-11.0,0,16.38,15.79,5.4,12.0,72,0.99,24.0,66.2,-0.5,1.16,5,33,20,-0.631,-14.75,0,3,0.00,0.018,323.1958,4.000,0.000,0.000,0.000,0.000,0.000,0.000,1.092,12.6700,12.31,1.0065,2.0,-21.80,-31.100,0,0.00,0.00,131072.00,28.250,0.064,0.105,0.000,-0.041,118.800,117.500,0.067,-0.701,-3.735,0.00,0.00,72.82,0.00,
141.045,0,0.0,1.2,0.0,0.0,180,2666,3,1954,4093,107,-10.5,-11.0,-11.0,-11.0,-11.0,0,16.22,16.37,5.4,12.0,72,0.99,24.0,51.9,-0.6,1.15,5,33,20,-0.710,-14.75,0,3,0.00,0.018,322.7783,4.000,0.000,0.000,0.000,0.000,0.000,0.000,1.092,12.6500,12.26,1.0059,2.0,-21.70,-31.100,0,0.00,0.00,131072.00,27.968,0.068,0.105,0.000,-0.037,118.500,117.500,0.000,-0.994,-3.442,0.00,0.00,72.96,0.00,
141.135,0,0.0,1.0,0.0,0.0,179,2636,3,1946,3865,107,-10.5,-11.0,-11.0,-11.0,-11.0,0,14.35,14.13,5.4,12.0,72,0.99,24.0,48.2,-0.7,1.06,5,32,20,-0.785,-14.75,0,3,0.00,0.018,323.3715,4.000,0.000,0.000,0.000,0.000,0.000,0.000,1.092,12.6200,12.28,1.0059,2.0,-21.50,-31.000,0,0.00,0.00,131072.00,27.656,0.074,0.105,0.000,-0.031,118.500,117.500,0.000,-1.251,-3.369,0.00,0.00,72.96,0.00,
141.227,0,0.0,1.0,0.0,0.0,179,2612,3,1944,3734,107,-10.5,-11.0,-11.0,-11.0,-11.0,0,14.28,14.45,5.4,12.0,72,0.99,24.0,51.3,-0.8,1.05,5,32,20,-0.841,-14.75,0,3,0.00,0.016,323.2617,4.000,0.000,0.000,0.000,0.000,0.000,0.000,1.092,12.6000,12.28,1.0059,2.0,-21.40,-30.900,0,0.00,0.00,131072.00,27.343,0.076,0.105,0.000,-0.029,118.200,117.500,0.024,-1.458,-2.270,0.00,0.00,73.11,0.00,
141.327,0,0.0,0.9,0.0,0.0,179,2589,3,1943,3567,107,-11.2,-11.5,-11.5,-11.5,-11.5,0,14.52,14.52,5.4,12.0,72,0.99,24.0,39.9,-0.8,1.10,5,32,20,-0.885,-14.75,0,3,0.00,0.016,323.0859,4.000,0.000,0.000,0.000,0.000,0.000,0.000,1.092,12.5700,12.27,1.0059,2.0,-21.60,-30.900,0,0.00,0.00,131072.00,27.031,0.080,0.105,0.000,-0.025,118.100,117.500,0.024,-1.672,-1.684,0.00,0.00,73.11,0.00,
141.415,0,0.0,0.9,0.0,0.3,179,2564,3,1943,3414,107,-1.5,-2.0,-5.0,-2.0,-5.0,0,14.88,15.11,5.4,12.0,72,0.99,24.0,31.8,-0.9,1.00,5,32,99,-0.923,-14.75,0,3,0.00,0.404,0.0000,15.000,0.000,0.000,0.000,0.000,0.000,0.000,1.062,12.5600,11.95,1.0059,2.0,-27.60,-30.700,0,0.00,0.00,131072.00,26.781,0.101,0.117,0.000,-0.015,117.800,117.500,4.553,0.000,-200.000,0.00,0.00,73.11,0.00,
141.495,0,0.0,0.8,0.0,0.3,179,2549,3,1943,3423,107,-1.5,-1.5,-2.0,-2.0,-2.0,0,15.82,15.54,5.4,12.0,72,0.99,24.0,41.1,-0.8,1.00,5,31,99,-0.862,-14.75,0,3,0.00,0.393,0.0000,15.000,0.000,0.000,0.000,0.000,0.000,0.000,1.075,12.5400,12.35,1.0063,2.0,-30.80,-30.700,0,0.00,0.00,131072.00,26.562,0.109,0.123,0.000,-0.013,118.200,117.500,4.809,0.000,-200.000,0.00,0.00,73.11,0.00,
141.625,0,0.0,0.8,0.0,0.3,179,2535,3,1943,3431,107,-2.2,-2.5,-2.5,-2.5,-2.5,0,16.66,17.08,5.4,12.0,72,0.99,24.0,45.4,-0.5,1.00,6,31,99,-0.708,-14.75,0,3,0.00,0.382,0.0000,14.900,0.000,0.000,0.000,0.000,0.000,0.000,1.075,12.5300,12.65,1.0090,2.0,-30.50,-30.600,0,0.00,0.00,131072.00,26.312,0.111,0.125,0.000,-0.013,118.100,117.500,4.699,-7.556,-60.113,0.00,0.00,72.96,0.00,
141.722,0,0.0,0.8,0.0,0.3,179,2519,3,1943,3436,107,-2.2,-2.5,-2.5,-2.5,-2.5,0,19.11,19.11,5.4,12.0,72,0.99,24.0,39.2,-0.4,1.00,6,31,99,-0.615,-14.75,0,3,0.00,0.366,0.0000,14.900,0.000,0.000,0.000,0.000,0.000,0.000,1.058,12.5000,12.56,1.0127,2.0,-30.50,-30.500,0,0.00,0.00,131072.00,26.125,0.111,0.125,0.000,-0.013,117.900,117.500,4.699,-7.556,-60.113,0.00,0.00,72.82,0.00,
141.830,0,0.0,0.8,0.0,0.3,179,2483,3,1943,3442,107,-3.0,-3.0,-3.0,-3.0,-3.0,0,19.11,19.11,5.4,12.0,72,0.99,20.0,39.8,-0.4,1.00,6,31,99,-0.558,-14.75,0,3,0.00,0.344,0.0000,14.700,0.000,0.000,0.000,0.000,0.000,0.000,1.036,12.4700,12.47,1.0155,2.0,-30.30,-30.300,0,0.00,0.00,131072.00,25.750,0.109,0.123,0.000,-0.013,118.000,117.500,4.699,-7.556,-60.113,0.00,0.00,72.82,0.00,
141.915,0,0.0,0.8,0.0,0.3,179,2458,3,1943,3446,107,-3.0,-3.0,-3.0,-3.0,-3.0,0,19.11,19.11,5.4,12.0,72,0.99,20.0,43.8,-0.4,1.00,6,30,99,-0.561,-14.75,0,3,0.00,0.330,0.0000,14.600,0.000,0.000,0.000,0.000,0.000,0.000,1.023,12.4500,12.40,1.0165,2.0,-30.30,-30.300,0,0.00,0.00,131072.00,25.468,0.109,0.123,0.000,-0.013,117.600,117.500,4.699,-7.556,-60.113,0.00,0.00,72.82,0.00,
141.998,0,0.0,0.8,0.0,0.3,179,2439,3,1943,3451,107,-3.0,-3.0,-3.0,-3.0,-3.0,0,19.11,19.11,5.4,12.0,72,0.99,20.0,33.5,-0.3,1.00,6,30,99,-0.512,-14.75,0,3,0.00,0.319,0.0000,14.500,0.000,0.000,0.000,0.000,0.000,0.000,1.007,12.4300,12.31,1.0173,2.0,-30.30,-30.200,0,0.00,0.00,131072.00,25.218,0.105,0.121,0.000,-0.015,117.900,117.500,4.699,-7.556,-60.113,0.00,0.00,72.68,0.00,
142.087,0,0.0,0.8,0.0,0.3,179,2417,3,1943,3454,107,-2.2,-2.5,-2.5,-2.5,-2.5,0,19.11,19.11,5.4,12.0,72,0.99,20.0,38.6,-0.3,1.00,6,30,99,-0.532,-14.75,0,3,0.00,0.300,0.0000,14.500,0.000,0.000,0.000,0.000,0.000,0.000,1.007,12.4000,12.43,1.0173,0.0,-30.10,-30.100,0,0.00,0.00,131072.00,24.937,0.105,0.121,0.000,-0.015,117.600,117.500,4.699,-7.556,-60.113,0.00,0.00,72.68,0.00,
142.165,0,0.0,0.8,0.0,0.2,179,2395,3,1943,3457,107,-3.0,-3.5,-3.5,-3.5,-3.5,0,19.11,19.11,5.4,12.0,72,0.99,20.0,38.3,-0.3,1.00,6,29,99,-0.507,-14.75,0,3,0.00,0.286,0.0000,14.400,0.000,0.000,0.000,0.000,0.000,0.000,0.986,12.3800,12.26,1.0173,0.0,-33.00,-32.700,0,0.00,0.00,131072.00,24.687,0.105,0.121,0.000,-0.015,117.800,117.500,4.699,-7.556,-60.113,0.00,0.00,72.68,0.00,
142.235,0,0.0,0.8,0.0,0.2,179,2370,3,1943,3460,107,-3.0,-3.5,-3.5,-3.5,-3.5,0,19.11,19.11,5.4,12.0,72,0.99,20.0,41.6,-0.3,1.00,5,29,99,-0.498,-14.75,0,3,0.00,0.271,0.0000,14.300,0.000,0.000,0.000,0.000,0.000,0.000,0.986,12.3600,12.37,1.0173,0.0,-32.20,-32.300,0,0.00,0.00,131072.00,24.437,0.103,0.119,0.000,-0.015,117.700,117.500,4.699,-7.556,-60.113,0.00,0.00,72.68,0.00,
142.325,0,0.0,0.8,0.0,0.2,179,2351,3,1943,3462,107,-3.0,-3.5,-3.5,-3.5,-3.5,0,19.11,19.11,5.4,12.0,72,0.99,20.0,35.2,-0.3,1.00,5,29,99,-0.482,-14.75,0,3,0.00,0.255,0.0000,14.200,0.000,0.000,0.000,0.000,0.000,0.000,0.970,12.3400,12.28,1.0173,0.0,-36.00,-33.800,0,0.00,0.00,131072.00,24.125,0.103,0.119,0.000,-0.015,117.400,117.500,4.699,-7.556,-60.113,0.00,0.00,72.68,0.00,
142.416,0,0.0,0.8,0.0,0.2,179,2323,3,1943,3465,107,-3.7,-4.0,-3.5,-4.0,-4.0,0,19.11,19.11,5.8,12.0,72,0.99,20.0,33.5,-0.3,1.00,5,29,99,-0.512,-14.75,0,3,0.00,0.239,0.0000,14.200,0.000,0.000,0.000,0.000,0.000,0.000,0.956,12.3100,12.18,1.0173,0.0,-34.20,-34.400,0,0.00,0.00,131072.00,23.812,0.099,0.117,0.000,-0.017,117.600,117.500,4.699,-7.556,-60.113,0.00,0.00,72.68,0.00,
142.499,0,0.0,0.8,0.0,0.2,179,2306,3,1943,3469,107,-3.7,-4.0,-4.0,-4.0,-4.0,0,19.11,19.11,5.8,12.0,72,0.99,20.0,48.9,-0.4,1.00,5,28,99,-0.564,-14.75,0,3,0.00,0.226,0.0000,14.000,0.000,0.000,0.000,0.000,0.000,0.000,0.956,12.2900,12.17,1.0173,0.0,-33.80,-33.900,0,0.00,0.00,131072.00,23.593,0.101,0.117,0.000,-0.015,117.300,117.500,4.699,-7.556,-60.113,0.00,0.00,72.82,0.00,
142.575,0,0.0,0.8,0.0,0.2,179,2286,3,1943,3472,107,-3.7,-4.0,-4.0,-4.0,-4.0,0,19.11,19.11,5.8,12.0,72,0.99,20.0,46.2,-0.5,1.00,5,28,99,-0.593,-14.75,0,3,0.00,0.213,0.0000,13.900,0.000,0.000,0.000,0.000,0.000,0.000,0.937,12.2700,11.97,1.0173,0.0,-34.90,-35.400,0,0.00,0.00,131072.00,23.375,0.099,0.117,0.000,-0.017,117.800,117.500,4.699,-7.556,-60.113,0.00,0.00,72.82,0.00,
142.675,0,0.0,0.8,0.0,0.2,178,2265,3,1943,3474,107,-3.7,-4.0,-4.0,-4.0,-3.5,0,19.11,19.11,5.8,12.0,72,0.99,20.0,43.0,-0.5,1.00,5,28,99,-0.593,-14.75,0,3,0.00,0.197,0.0000,13.900,0.000,0.000,0.000,0.000,0.000,0.000,0.937,12.2500,12.12,1.0171,0.0,-34.80,-34.800,0,0.00,0.00,131072.00,23.125,0.097,0.115,0.000,-0.017,117.500,117.500,4.699,-7.556,-60.113,0.00,0.00,72.82,0.00,
142.755,0,0.0,0.8,0.0,0.1,178,2241,3,1943,3479,107,-4.5,-4.5,-4.5,-4.0,-4.5,0,19.11,19.11,5.8,12.0,72,0.99,20.0,54.4,-0.5,1.00,5,27,99,-0.577,-14.75,0,3,0.00,0.181,0.0000,13.800,0.000,0.000,0.000,0.000,0.000,0.000,0.926,12.2300,12.10,1.0165,0.0,-34.70,-34.600,0,0.00,0.00,131072.00,22.812,0.097,0.115,0.000,-0.017,117.600,117.500,4.699,-7.556,-60.113,0.00,0.00,72.82,0.00,
142.834,0,0.0,0.8,0.0,0.1,178,2220,3,1943,3479,107,-4.5,-4.5,-4.5,-4.5,-4.5,0,19.11,19.11,5.8,12.0,72,0.99,20.0,54.4,-0.6,1.00,5,27,99,-0.577,-14.75,0,3,0.00,0.166,0.0000,13.700,0.000,0.000,0.000,0.000,0.000,0.000,0.922,12.2100,12.17,1.0164,0.0,-34.80,-34.700,0,0.00,0.00,131072.00,22.593,0.095,0.113,0.000,-0.017,117.700,117.500,4.699,-7.556,-60.113,0.00,0.00,72.82,0.00,
142.915,0,0.0,0.8,0.0,0.1,178,2199,3,1943,3482,107,-4.5,-4.5,-4.5,-4.5,-4.5,0,19.11,19.11,5.8,12.0,72,0.99,20.0,48.2,-0.6,1.00,5,27,99,-0.589,-14.75,0,3,0.00,0.154,0.0000,13.700,0.000,0.000,0.000,0.000,0.000,0.000,0.907,12.1900,12.10,1.0164,0.0,-34.70,-34.700,0,0.00,0.00,131072.00,22.343,0.095,0.113,0.000,-0.017,117.500,117.500,4.699,-7.556,-60.113,0.00,0.00,72.82,0.00,
142.996,0,0.0,0.8,0.0,0.1,178,2181,3,1943,3485,107,-4.5,-4.5,-4.5,-4.5,-4.5,0,19.11,19.11,5.8,12.0,72,0.99,20.0,48.6,-0.5,1.00,5,27,99,-0.602,-14.75,0,3,0.00,0.139,0.0000,13.600,0.000,0.000,0.000,0.000,0.000,0.000,0.904,12.1700,12.18,1.0164,0.0,-34.70,-34.600,0,0.00,0.00,131072.00,22.062,0.095,0.113,0.000,-0.017,117.300,117.500,4.699,-7.556,-60.113,0.00,0.00,72.82,0.00,
143.075,0,0.0,0.8,0.0,0.1,178,2159,3,1943,3487,107,-4.5,-5.0,-5.0,-4.5,-5.0,0,19.11,19.11,6.2,12.0,72,0.99,20.0,51.6,-0.5,1.00,5,26,99,-0.584,-14.75,0,3,0.00,0.125,0.0000,13.500,0.000,0.000,0.000,0.000,0.000,0.000,0.889,12.1500,12.10,1.0164,0.0,-34.80,-34.800,0,0.00,0.00,131072.00,21.843,0.093,0.111,0.000,-0.017,117.800,117.500,4.699,-7.556,-60.113,0.00,0.00,72.82,0.00,
143.155,0,0.0,0.8,0.0,0.1,178,2143,3,1943,3489,107,-4.5,-5.0,-5.0,-5.0,-5.0,0,19.11,19.11,6.2,12.0,72,0.99,20.0,39.6,-0.5,1.00,4,26,99,-0.589,-14.75,0,3,0.00,0.112,0.0000,13.500,0.000,0.000,0.000,0.000,0.000,0.000,0.874,12.1300,11.96,1.0164,0.0,-34.70,-34.700,0,0.00,0.00,131072.00,21.625,0.093,0.111,0.000,-0.017,117.400,117.500,4.699,-7.556,-60.113,0.00,0.00,72.82,0.00,
143.239,0,0.0,0.8,0.0,0.1,178,2121,3,1943,3490,107,-4.5,-4.5,-5.0,-4.5,-5.0,0,19.11,19.11,5.8,12.0,72,0.99,16.0,42.4,-0.6,1.00,4,26,99,-0.618,-14.75,0,3,0.00,0.097,0.0000,13.300,0.000,0.000,0.000,0.000,0.000,0.000,0.874,12.1100,12.05,1.0162,0.0,-33.80,-34.000,0,0.00,0.00,131072.00,21.375,0.089,0.109,0.000,-0.019,117.000,117.500,4.699,-7.556,-60.113,0.00,0.00,72.82,0.00,
143.315,0,0.0,0.8,0.0,0.0,178,2097,3,1943,3492,107,-4.5,-4.5,-5.0,-4.5,-5.0,0,19.11,19.11,6.2,11.2,72,0.99,16.0,51.6,-0.6,1.00,4,26,99,-0.625,-14.75,0,3,0.00,0.077,0.0000,13.200,0.000,0.000,0.000,0.000,0.000,0.000,0.855,12.0800,11.96,1.0155,0.0,-33.70,-33.700,0,0.00,0.00,131072.00,21.125,0.089,0.109,0.000,-0.019,117.200,117.500,4.699,-7.556,-60.113,0.00,0.00,72.82,0.00,
143.399,0,0.0,0.8,0.0,0.0,178,2074,3,1943,3495,107,-4.5,-5.0,-4.5,-5.0,-5.0,0,19.11,19.11,6.2,12.0,72,0.99,16.0,53.7,-0.6,1.00,4,25,99,-0.613,-14.75,0,3,0.00,0.065,0.0000,13.200,0.000,0.000,0.000,0.000,0.000,0.000,0.855,12.0600,11.75,1.0155,0.0,-33.80,-33.800,0,0.00,0.00,131072.00,20.843,0.089,0.109,0.000,-0.019,120.300,119.900,4.699,-7.556,-60.113,0.00,0.00,72.82,0.00,
143.485,0,0.0,0.8,0.0,0.0,178,2052,3,1943,3497,107,-4.5,-5.0,-5.0,-5.0,-5.0,0,19.11,19.11,6.2,10.5,72,0.99,16.0,53.7,-0.6,1.00,4,25,99,-0.702,-14.75,0,3,0.00,0.048,0.0000,13.100,0.000,0.000,0.000,0.000,0.000,0.000,0.855,12.0400,11.15,1.0155,0.0,-34.00,-33.900,0,0.00,0.00,131072.00,20.562,0.087,0.107,0.000,-0.019,120.100,120.000,4.699,-7.556,-60.113,0.00,0.00,72.97,0.00,
143.565,0,0.0,0.8,0.0,0.0,178,2032,3,1943,3498,107,-4.5,-5.0,-5.0,-5.0,-5.0,0,19.11,19.11,5.8,11.2,72,0.99,16.0,52.0,-0.6,1.00,4,25,99,-0.792,-14.75,0,3,0.00,0.030,325.0415,4.000,0.000,0.000,0.000,0.000,0.000,0.000,0.867,12.0200,11.56,1.0149,0.0,-33.80,-33.800,0,0.00,0.00,131072.00,20.343,0.087,0.107,0.000,-0.019,120.100,118.200,4.699,-7.556,-60.113,0.00,0.00,72.97,0.00,
143.635,0,0.0,0.7,0.0,0.0,178,2013,3,1943,3465,107,-4.5,-4.6,-4.0,-4.4,-4.0,0,19.11,19.11,6.2,11.2,72,0.99,16.0,64.2,-0.6,1.00,4,25,99,-0.808,-14.75,0,3,0.00,0.019,324.9755,4.000,0.000,0.000,0.000,0.000,0.000,0.000,0.878,12.0000,11.97,1.0143,0.0,-27.40,-33.900,0,0.00,0.00,131072.00,20.125,0.085,0.105,0.000,-0.019,120.000,117.700,4.699,-7.556,-60.113,0.00,0.00,72.97,0.00,
143.725,0,0.0,0.7,0.0,0.0,178,1994,3,1943,3383,107,-4.5,-4.5,-4.5,-4.0,-4.5,0,19.11,19.11,6.6,11.2,72,0.99,16.0,56.5,-0.7,1.00,4,24,99,-0.820,-14.75,0,3,0.00,0.016,324.4702,4.000,0.000,0.000,0.000,0.000,0.000,0.000,0.859,12.0000,12.51,1.0142,0.0,-21.50,-33.900,0,0.00,0.00,131072.00,19.906,0.085,0.105,0.000,-0.019,117.800,117.600,4.699,-7.556,-60.113,0.00,0.00,72.97,0.00,
143.805,0,0.0,0.7,0.0,0.0,178,1989,3,1943,3263,107,-4.5,-5.0,-5.0,-5.0,-5.0,0,19.11,19.11,6.6,12.0,72,0.99,16.0,47.8,-0.8,1.00,4,24,99,-0.860,-14.75,0,3,0.00,0.016,324.3383,4.000,0.000,0.000,0.000,0.000,0.000,0.000,0.829,12.0000,12.38,1.0142,0.0,-20.10,-20.200,0,0.00,0.00,131072.00,19.781,0.085,0.105,0.000,-0.019,118.400,117.500,4.699,-7.556,-60.113,0.00,0.00,73.11,0.00,
143.885,0,0.0,0.7,0.0,0.0,178,1950,3,1943,3150,107,-4.5,-5.0,-5.0,-4.2,-5.0,0,19.11,19.11,6.6,12.0,72,0.99,16.0,53.1,-0.8,1.00,4,24,99,-0.804,-14.75,0,3,0.00,0.016,325.2612,4.000,0.000,0.000,0.000,0.000,0.000,0.000,0.807,12.0000,12.06,1.0142,0.0,-20.50,-21.400,0,0.00,0.00,131072.00,19.531,0.085,0.105,0.000,-0.019,117.200,117.500,4.699,-7.556,-60.113,0.00,0.00,72.97,0.00,
143.965,0,0.0,0.7,0.0,0.0,178,1926,3,1943,3045,107,-4.5,-4.9,-4.9,-5.0,-4.8,0,19.11,19.11,6.6,11.2,72,0.99,16.0,39.9,-0.8,1.00,4,24,99,-0.758,-14.75,0,3,0.00,0.016,325.8325,4.000,0.000,0.000,0.000,0.000,0.000,0.000,0.796,12.0000,11.95,1.0142,0.0,-21.60,-21.600,0,0.00,0.00,131072.00,19.281,0.087,0.105,0.000,-0.017,117.200,117.500,4.699,-7.556,-60.113,0.00,0.00,72.97,0.00,
144.035,0,0.0,0.7,0.0,0.0,178,1910,3,1943,2944,107,-3.7,-4.4,-4.4,-4.4,-4.4,0,19.11,19.11,6.6,12.0,72,0.99,16.0,39.5,-0.7,1.00,4,23,99,-0.747,-14.75,0,3,0.00,0.016,325.9204,4.000,0.000,0.000,0.000,0.000,0.000,0.000,0.778,12.0000,11.82,1.0142,0.0,-22.00,-22.000,0,0.00,0.00,131072.00,19.093,0.087,0.105,0.000,-0.017,117.300,117.500,4.699,-7.556,-60.113,0.00,0.00,72.97,0.00,
144.115,0,0.0,0.7,0.0,0.0,178,1883,3,1943,2869,107,-4.5,-4.5,-3.9,-2.9,-2.9,0,19.11,19.11,6.6,11.2,72,0.99,16.0,37.9,-0.7,1.00,4,23,99,-0.738,-14.75,0,3,0.00,0.016,326.6235,4.000,0.000,0.000,0.000,0.000,0.000,0.000,0.778,12.0000,12.01,1.0142,0.0,-25.30,-24.000,0,0.00,0.00,131072.00,18.843,0.087,0.105,0.000,-0.017,117.300,117.500,4.699,-7.556,-60.113,0.00,0.00,72.97,0.00,
144.195,0,0.0,0.6,0.0,0.0,178,1859,3,1943,2773,107,-0.7,-1.4,-4.0,-3.8,-4.0,0,19.11,19.11,6.6,11.2,72,0.99,16.0,43.8,-0.7,1.00,4,23,99,-0.706,-14.75,0,3,0.00,0.016,327.2167,4.000,0.000,0.000,0.000,0.000,0.000,0.000,0.759,12.0000,11.88,1.0142,0.0,-26.50,-26.500,0,0.00,0.00,131072.00,18.593,0.089,0.105,0.000,-0.015,117.400,117.500,4.699,-7.556,-60.113,0.00,0.00,72.97,0.00,
144.275,0,0.0,0.6,0.0,0.0,178,1832,3,1943,2683,107,-2.2,-2.6,-2.6,-4.8,1.5,0,17.80,17.43,6.6,11.2,72,0.99,16.0,35.3,-0.7,0.98,4,23,99,-0.694,-14.75,0,3,0.00,0.014,327.6782,4.000,0.000,0.000,0.000,0.000,0.000,0.000,0.759,12.0000,12.02,1.0142,0.0,-28.30,-29.700,0,0.00,0.00,131072.00,18.343,0.089,0.105,0.000,-0.015,117.500,117.500,4.699,-7.556,-60.113,0.00,0.00,72.96,0.00,
144.356,0,0.0,0.6,0.0,0.0,178,1811,3,1943,2592,107,-3.0,-3.0,-5.5,-3.0,-5.3,0,15.91,15.76,6.6,11.2,72,0.99,16.0,42.4,-0.7,0.96,4,22,99,-0.678,-14.75,0,3,0.00,0.014,328.2275,4.000,0.000,0.000,0.000,0.000,0.000,0.000,0.740,12.0000,11.81,1.0142,0.0,-30.30,-30.500,0,0.00,0.00,131072.00,18.125,0.089,0.105,0.000,-0.015,117.400,117.500,4.699,-7.556,-60.113,0.00,0.00,72.82,0.00,
144.437,0,0.0,0.6,0.0,0.0,178,1793,3,1943,2505,107,-4.5,-5.0,-5.0,-5.0,-3.8,0,15.01,14.62,6.6,11.2,72,0.99,16.0,35.0,-0.7,0.96,4,22,99,-0.712,-14.75,0,3,0.00,0.014,328.6669,4.000,0.000,0.000,0.000,0.000,0.000,0.000,0.740,12.0000,11.97,1.0144,0.0,-31.00,-30.800,0,0.00,0.00,131072.00,17.937,0.089,0.105,0.000,-0.015,117.600,117.500,4.699,-7.556,-60.113,0.00,0.00,72.96,0.00,
144.517,0,0.0,0.6,0.0,0.0,178,1757,3,1943,2426,107,-4.5,-4.9,-4.9,-4.4,-4.4,0,14.31,14.24,6.6,11.2,72,0.99,16.0,40.8,-0.7,0.97,4,22,99,-0.737,-14.75,0,3,0.00,0.014,329.3261,4.000,0.000,0.000,0.000,0.000,0.000,0.000,0.722,12.0000,11.90,1.0144,0.0,-35.10,-30.900,0,0.00,0.00,131072.00,17.656,0.089,0.105,0.000,-0.015,117.200,117.500,4.699,-7.556,-60.113,0.00,0.00,72.96,0.00,
144.596,0,0.0,0.5,0.0,0.0,178,1734,3,1943,2352,107,3.0,3.1,-4.5,-2.8,-4.5,0,14.11,14.12,7.0,11.2,72,0.99,16.0,37.4,-0.7,0.98,3,21,99,-0.703,-14.75,0,3,0.00,0.014,329.7216,4.000,0.000,0.000,0.000,0.000,0.000,0.000,0.715,12.0000,11.92,1.0144,0.0,-34.90,-35.500,0,0.00,0.00,131072.00,17.343,0.091,0.105,0.000,-0.013,117.500,117.500,4.699,-7.556,-60.113,0.00,0.00,72.96,0.00,
144.688,0,0.0,0.5,0.0,0.0,178,1706,3,1943,2260,107,-4.5,-4.7,-4.7,-4.5,-3.9,0,14.14,14.14,7.0,11.2,72,0.99,12.0,38.3,-0.8,1.00,3,21,99,-0.740,-14.75,0,3,0.00,0.014,330.1171,7.000,0.000,0.000,0.000,0.000,0.000,0.000,0.700,12.0000,11.83,1.0144,0.0,-36.60,-37.000,0,0.00,0.00,131072.00,17.093,0.091,0.105,0.000,-0.013,117.400,117.500,4.699,-7.556,-60.113,0.00,0.00,72.96,0.00,
144.785,0,0.0,0.5,0.0,0.0,178,1689,3,1943,2170,107,-4.5,-5.0,-5.0,-5.0,-5.0,0,14.14,14.14,6.6,11.2,72,0.99,12.0,37.1,-0.7,1.01,3,21,99,-0.749,-14.75,0,3,0.00,0.014,330.4907,9.800,0.000,0.000,0.000,0.000,0.000,0.000,0.700,12.0000,11.88,1.0142,0.0,-36.80,-36.800,0,0.00,0.00,131072.00,16.843,0.091,0.105,0.000,-0.013,117.300,117.500,4.699,-7.556,-60.113,0.00,0.00,72.96,0.00,
144.865,0,0.0,0.5,0.0,0.0,178,1679,3,1943,2083,107,-4.5,-5.0,-5.0,-5.0,-5.0,0,14.16,14.16,7.0,11.2,72,0.99,12.0,36.2,-0.7,1.02,3,20,99,-0.774,-14.75,0,3,0.00,0.014,330.4248,12.100,0.000,0.000,0.000,0.000,0.000,0.000,0.685,12.0000,11.72,1.0142,0.0,-36.50,-36.300,0,0.00,0.00,131072.00,16.718,0.091,0.105,0.000,-0.013,117.300,117.500,4.699,-7.556,-60.113,0.00,0.00,72.96,0.00,
144.948,0,0.0,0.5,0.0,0.0,178,1659,3,1943,2008,107,-4.5,-4.5,-4.5,-3.7,-3.7,0,14.12,14.10,7.0,11.2,72,0.99,12.0,33.1,-0.7,1.02,3,20,99,-0.774,-14.75,0,3,0.00,0.014,330.8203,13.800,0.000,0.000,0.000,0.000,0.000,0.000,0.685,12.0000,11.86,1.0142,0.0,-36.20,-36.600,0,0.00,0.00,131072.00,16.593,0.091,0.105,0.000,-0.013,117.700,117.500,4.699,-7.556,-60.113,0.00,0.00,72.96,0.00,
145.047,0,0.0,0.5,0.0,0.0,178,1637,2,1943,1967,107,-4.5,-4.5,-4.5,-4.5,-4.5,0,14.01,13.97,7.0,11.2,72,0.99,12.0,39.4,-0.7,1.03,3,20,99,-0.728,-14.75,0,3,0.00,0.014,331.1499,14.600,0.000,0.000,0.000,0.000,0.000,0.000,0.674,12.0000,11.88,1.0142,0.0,-34.10,-34.100,0,0.00,0.00,131072.00,16.343,0.091,0.105,0.000,-0.013,117.300,117.500,4.699,-7.556,-60.113,0.00,0.00,72.96,0.00,
145.135,0,0.0,0.4,0.0,0.0,178,1602,2,1943,1976,107,-1.5,-1.6,-4.9,-1.6,-4.5,0,13.80,13.79,7.0,11.2,72,1.00,12.0,35.8,-0.7,1.03,3,20,99,-0.753,-14.75,0,3,0.00,0.014,331.8750,15.600,0.000,0.000,0.000,0.000,0.000,0.000,0.763,16.9000,13.81,1.0142,0.0,-32.00,-31.200,0,8.00,8.00,131072.00,18.156,0.091,0.105,0.000,-0.013,117.300,117.000,4.699,-7.556,-60.113,0.00,0.00,72.96,0.00,
145.215,0,0.0,0.4,0.0,0.0,178,1589,2,1978,1956,107,17.2,17.8,22.5,17.8,8.5,0,13.64,13.64,9.3,34.5,72,0.99,24.0,39.8,-1.1,1.02,8,19,99,-1.229,-14.75,0,3,0.00,0.388,291.7309,26.100,0.000,0.000,0.000,0.000,0.000,0.000,3.263,58.1300,65.61,1.0142,0.0,15.70,40.200,0,8.00,8.00,131072.00,47.375,0.097,0.111,0.000,-0.013,116.600,111.800,4.699,-7.556,-60.113,0.00,0.00,73.40,0.00,
145.295,0,0.0,0.3,0.0,0.6,178,1633,2,2142,1925,107,-5.2,-5.6,-8.0,-5.6,-1.6,0,13.51,13.47,39.0,63.7,72,0.99,80.0,63.6,-1.2,1.02,17,19,99,-0.789,-14.75,0,3,0.00,0.281,259.4970,33.200,0.000,0.000,0.000,0.000,0.000,0.000,2.718,58.0500,62.78,1.0166,0.0,89.20,101.600,0,8.00,8.00,131072.00,69.125,0.117,0.121,0.000,-0.003,108.600,106.700,4.699,-7.556,-60.113,0.00,0.00,72.96,0.00,
145.385,0,0.0,0.4,0.0,0.3,178,1758,2,2409,2456,107,2.2,2.6,-0.5,6.8,6.8,0,13.49,13.46,37.1,60.7,72,0.99,80.0,80.9,-0.6,1.03,18,19,99,-0.311,-14.75,0,3,0.00,0.172,267.5390,27.100,0.000,0.000,0.000,0.000,0.000,0.000,2.817,58.0400,63.37,1.0316,0.0,103.80,101.200,0,8.00,8.00,131072.00,80.562,0.111,0.121,0.000,-0.009,102.700,100.800,4.699,-7.556,-60.113,0.00,0.00,72.53,0.00,
145.465,0,0.0,0.6,0.0,0.0,178,1867,2,2648,2614,107,1.5,2.2,1.7,0.5,1.7,0,12.99,12.70,35.1,55.5,72,0.99,80.0,73.8,-0.6,1.00,16,19,99,-0.248,-14.75,0,3,0.00,0.034,279.1845,23.800,0.000,0.000,0.000,0.000,0.000,0.000,2.331,47.3400,50.81,1.0457,0.0,99.30,80.600,0,8.00,8.00,131072.00,80.593,0.091,0.113,0.000,-0.021,97.800,95.600,-0.128,0.103,4.467,0.00,0.00,72.38,0.00,
145.551,0,0.0,0.8,0.0,0.0,178,2041,2,2814,2846,107,18.0,18.5,17.9,18.5,11.3,0,11.92,11.87,25.0,45.7,72,0.99,68.0,61.9,-0.5,1.00,15,19,97,-0.468,-14.75,0,3,0.00,0.034,285.7543,22.200,-1.500,-1.500,-1.500,-1.500,0.000,0.000,2.652,50.4900,47.20,1.0535,0.0,80.10,80.000,0,8.00,8.00,131072.00,82.062,0.080,0.111,0.000,-0.031,92.300,90.300,0.091,0.744,16.589,0.00,0.00,72.67,0.00,
145.652,0,0.0,0.8,0.0,0.0,178,2218,2,3000,2964,107,17.2,17.5,17.5,17.5,17.5,0,11.74,11.80,24.2,47.2,72,0.99,80.0,65.5,-0.6,1.00,16,19,96,-0.554,-14.75,0,3,0.00,0.032,291.5991,23.900,-1.500,-1.500,-1.500,-1.500,0.000,0.000,2.666,37.1200,40.51,1.0595,0.0,85.10,59.800,0,8.00,8.00,131072.00,83.187,0.078,0.109,0.000,-0.031,86.900,89.600,0.164,1.623,10.253,0.00,0.00,72.82,0.00,
145.756,0,0.0,1.2,0.0,0.0,178,2342,2,2812,3184,107,18.0,2.6,2.6,-3.6,2.6,0,12.60,12.71,4.6,9.7,72,0.99,16.0,51.8,0.7,1.00,8,18,99,0.061,-14.75,0,3,0.00,0.014,324.5141,4.000,0.000,0.000,0.000,0.000,0.000,0.000,1.049,12.3400,11.01,1.0632,0.0,-17.50,-21.400,0,8.00,8.00,131072.00,37.000,0.066,0.105,0.000,-0.039,93.300,102.000,-3.179,0.000,-48.864,0.00,0.00,72.09,0.00,
145.845,0,0.0,1.1,0.0,0.0,178,2330,2,2279,3077,107,2.2,2.8,3.1,3.1,3.1,0,13.30,13.30,5.0,10.5,72,0.99,16.0,18.7,0.4,1.00,5,18,99,-0.280,-14.75,0,3,0.00,0.016,324.1406,4.000,0.000,0.000,0.000,0.000,0.000,0.000,1.049,12.3100,10.98,1.0432,0.0,-18.20,-16.500,0,0.00,0.00,131072.00,27.218,0.072,0.105,0.000,-0.033,104.200,112.200,7.244,0.000,199.993,0.00,0.00,72.53,0.00,
145.924,0,0.0,1.0,0.0,0.0,178,2300,2,2073,2974,107,-4.5,-4.5,-3.4,-4.5,-2.3,0,13.36,13.45,5.0,10.5,72,0.99,16.0,30.0,0.2,1.00,5,18,20,-0.452,-14.75,0,3,0.00,0.016,324.1625,4.000,0.000,0.000,0.000,0.000,0.000,0.000,1.075,12.2900,12.51,1.0326,0.0,-20.40,-16.200,0,0.00,0.00,131072.00,24.593,0.074,0.105,0.000,-0.031,115.700,117.400,-2.624,0.000,199.993,0.00,0.00,72.67,0.00,
146.009,0,0.0,1.0,0.0,0.0,178,2276,2,1999,2875,107,-12.0,-12.2,-12.2,-10.0,-11.1,0,14.18,14.33,6.2,12.7,72,0.99,20.0,52.6,-0.1,1.00,5,18,20,-0.590,-14.75,0,3,0.00,0.016,323.4375,4.000,0.000,0.000,0.000,0.000,0.000,0.000,0.994,12.2600,12.91,1.0181,0.0,-20.40,-13.200,0,0.00,0.00,131072.00,23.593,0.074,0.105,0.000,-0.031,118.000,117.500,-4.486,0.000,199.993,0.00,0.00,72.82,0.00,
146.094,0,0.0,0.9,0.0,0.0,178,2238,2,1964,2753,107,-13.5,-13.5,-13.5,-13.5,-13.5,0,17.92,19.11,6.2,12.7,72,0.99,20.0,49.8,-0.5,1.27,4,17,20,-0.622,-14.75,0,3,0.00,0.016,321.3720,4.000,0.000,0.000,0.000,0.000,0.000,0.000,0.922,12.2200,12.32,1.0090,0.0,-23.70,-17.000,0,0.00,0.00,131072.00,22.937,0.078,0.105,0.000,-0.027,119.300,117.500,-1.599,-0.085,-11.718,0.00,0.00,72.82,0.00,
146.189,0,0.0,0.9,0.0,0.0,178,2197,2,1952,2622,107,-12.7,-13.0,-13.0,-13.0,-13.0,0,18.03,17.77,5.8,12.0,72,0.99,20.0,39.8,-0.7,1.28,4,17,20,-0.635,-14.75,0,3,0.00,0.016,321.8994,4.000,0.000,0.000,0.000,0.000,0.000,0.000,0.904,12.1700,12.28,1.0061,0.0,-25.30,-19.700,0,0.00,0.00,131072.00,22.375,0.080,0.105,0.000,-0.025,119.000,117.500,-0.018,-0.671,-4.394,0.00,0.00,72.82,0.00,
146.286,0,0.0,0.8,0.0,0.0,178,2145,2,1946,2469,107,-13.5,-13.5,-13.5,-13.5,-13.5,0,17.35,17.54,6.2,12.0,72,0.99,20.0,52.2,-0.7,1.22,4,17,20,-0.626,-14.75,0,3,0.00,0.016,322.2070,4.000,0.000,0.000,0.000,0.000,0.000,0.000,0.878,12.1200,12.15,1.0048,0.0,-29.40,-24.100,0,0.00,0.00,131072.00,21.750,0.083,0.105,0.000,-0.021,119.600,117.500,0.000,-0.982,-3.442,0.00,0.00,72.82,0.00,
146.387,0,0.0,0.7,0.0,0.0,178,2101,2,1944,2344,107,-13.5,-14.0,-14.0,-14.0,-14.0,0,15.48,15.08,6.2,11.2,72,0.99,16.0,38.4,-0.7,1.15,4,17,20,-0.610,-14.75,0,3,0.00,0.014,322.8662,4.600,0.000,0.000,0.000,0.000,0.000,0.000,0.855,12.0800,12.12,1.0047,0.0,-29.70,-24.300,0,0.00,0.00,131072.00,21.250,0.085,0.105,0.000,-0.019,118.700,117.500,0.000,-1.214,-2.783,0.00,0.00,72.82,0.00,
146.474,0,0.0,0.7,0.0,0.0,178,2062,2,1943,2206,107,-14.2,-14.5,-14.0,-14.5,-14.0,0,13.99,14.01,6.2,11.2,72,0.99,16.0,37.8,-0.7,1.09,4,16,20,-0.606,-14.75,0,3,0.00,0.014,323.2836,7.400,0.000,0.000,0.000,0.000,0.000,0.000,0.837,12.0500,12.03,1.0046,0.0,-29.70,-24.700,0,0.00,0.00,131072.00,20.781,0.087,0.105,0.000,-0.017,118.800,117.500,0.000,-1.452,-3.369,0.00,0.00,72.82,0.00,
146.557,0,0.0,0.6,0.0,0.0,178,2040,2,1943,2119,107,-14.2,-14.5,-14.5,-14.5,-14.5,0,14.57,14.70,6.2,12.0,72,0.99,16.0,34.5,-0.7,1.14,4,16,20,-0.647,-14.75,0,3,0.00,0.014,322.6025,10.000,0.000,0.000,0.000,0.000,0.000,0.000,0.818,12.0300,11.77,1.0045,0.0,-28.00,-23.100,0,0.00,0.00,131072.00,20.468,0.089,0.105,0.000,-0.015,118.700,117.500,-81.140,0.000,-200.000,0.00,0.00,72.82,0.00,
146.634,0,0.0,0.6,0.0,0.0,178,2018,2,1943,2022,107,-13.5,-13.8,-13.8,-14.0,-13.9,0,14.31,14.36,6.2,11.2,72,0.99,16.0,34.7,-0.6,1.15,4,16,99,-0.622,-14.75,0,3,0.00,0.014,322.4926,12.100,0.000,0.000,0.000,0.000,0.000,0.000,0.818,12.0000,11.86,1.0045,0.0,-27.60,-22.700,0,0.00,0.00,131072.00,20.218,0.089,0.105,0.000,-0.015,117.500,117.500,4.724,0.000,-200.000,0.00,0.00,72.82,0.00,
146.727,0,0.0,0.5,0.0,0.0,178,1986,2,1943,1949,107,-12.0,-12.5,-12.9,-12.1,-12.1,0,14.62,14.56,6.2,11.2,72,0.99,16.0,33.1,-0.6,1.15,4,16,99,-0.626,-14.75,0,3,0.00,0.014,322.6025,13.700,0.000,0.000,0.000,0.000,0.000,0.000,0.811,12.0000,11.92,1.0050,0.0,-27.10,-22.900,0,0.00,0.00,131072.00,19.906,0.091,0.105,0.000,-0.013,118.200,117.500,4.858,0.000,-200.000,0.00,0.00,72.82,0.00,
147.054,0,0.0,0.5,0.0,0.0,178,1955,2,1943,1920,107,-8.2,-10.6,-9.3,-10.0,-9.3,0,14.29,14.23,6.2,11.2,72,0.99,16.0,29.0,-0.7,1.13,4,16,99,-0.894,-14.75,0,3,0.00,0.014,324.4921,14.500,0.000,0.000,0.000,0.000,0.000,0.000,0.800,12.0000,11.87,1.0120,0.0,-23.00,-23.100,0,0.00,0.00,131072.00,19.125,0.091,0.105,0.000,-0.013,117.700,117.500,4.748,-6.170,-70.257,0.00,0.00,73.11,0.00,
147.134,0,0.0,0.5,0.0,0.0,179,1897,2,1943,1943,107,0.0,0.5,-0.5,0.5,-0.5,0,13.60,13.55,6.6,11.2,72,0.99,16.0,34.4,-0.9,1.09,4,15,99,-0.891,-14.75,0,3,0.00,0.014,325.3051,14.900,0.000,0.000,0.000,0.000,0.000,0.000,0.781,12.0000,11.68,1.0132,0.0,-23.20,-23.300,0,0.00,0.00,131072.00,18.937,0.091,0.105,0.000,-0.013,117.700,117.500,4.748,-6.170,-70.257,0.00,0.00,73.11,0.00,
147.214,0,0.0,0.5,0.0,0.0,179,1884,2,1943,1943,107,0.0,-0.5,-0.5,-0.5,-0.5,0,13.34,13.30,6.6,11.2,72,0.99,16.0,37.2,-0.9,1.08,4,15,99,-0.851,-14.75,0,3,0.00,0.014,325.7226,14.700,0.000,0.000,0.000,0.000,0.000,0.000,0.781,12.0000,11.88,1.0138,0.0,-23.00,-22.900,0,0.00,0.00,131072.00,18.812,0.091,0.105,0.000,-0.013,117.600,117.500,4.748,-6.170,-70.257,0.00,0.00,73.11,0.00,
147.298,0,0.0,0.5,0.0,0.0,179,1869,2,1943,1925,107,0.0,-0.5,-0.4,-0.5,-0.4,0,13.12,13.10,6.6,11.2,72,0.99,16.0,33.6,-0.8,1.07,4,15,99,-0.810,-14.75,0,3,0.00,0.014,326.0522,14.400,0.000,0.000,0.000,0.000,0.000,0.000,0.781,12.0000,12.03,1.0144,0.0,-22.80,-22.900,0,0.00,0.00,131072.00,18.656,0.091,0.105,0.000,-0.013,117.600,117.500,4.748,-6.170,-70.257,0.00,0.00,72.96,0.00,
147.402,0,0.0,0.4,0.0,0.0,179,1847,2,1943,1933,107,-0.7,-0.9,-0.9,-1.4,-1.5,0,12.93,12.91,6.6,11.2,72,0.99,16.0,28.7,-0.8,1.05,4,15,99,-0.785,-14.75,0,3,0.00,0.014,326.7333,15.000,0.000,0.000,0.000,0.000,0.000,0.000,0.763,12.0000,11.92,1.0144,0.0,-22.90,-22.900,0,0.00,0.00,131072.00,18.437,0.091,0.105,0.000,-0.013,117.800,117.500,4.748,-6.170,-70.257,0.00,0.00,72.96,0.00,
147.504,0,0.0,0.4,0.0,0.0,179,1830,2,1943,1928,107,-0.7,-1.0,-0.9,-1.0,-0.9,0,12.85,12.85,6.6,12.0,72,0.99,16.0,30.3,-0.7,1.04,4,15,99,-0.769,-14.75,0,3,0.00,0.014,327.2167,14.400,0.000,0.000,0.000,0.000,0.000,0.000,0.759,12.0000,11.97,1.0144,0.0,-23.10,-23.300,0,0.00,0.00,131072.00,18.250,0.093,0.105,0.000,-0.011,117.600,117.500,4.748,-6.170,-70.257,0.00,0.00,72.96,0.00,
147.594,0,0.0,0.4,0.0,0.0,179,1816,2,1943,1961,107,-0.7,-1.0,-0.9,-1.0,-1.0,0,12.88,12.90,6.6,11.2,72,0.99,16.0,23.8,-0.7,1.02,4,14,99,-0.760,-14.75,0,3,0.00,0.014,327.8540,14.800,0.000,0.000,0.000,0.000,0.000,0.000,0.752,12.0000,12.01,1.0144,0.0,-23.00,-22.900,0,0.00,0.00,131072.00,18.093,0.093,0.105,0.000,-0.011,117.800,117.500,4.748,-6.170,-70.257,0.00,0.00,72.96,0.00,
147.674,1,0.0,0.4,0.0,0.0,179,1793,2,1943,1954,107,-0.7,-1.4,-1.0,-1.4,-1.4,0,12.96,12.97,6.6,11.2,72,0.99,16.0,26.4,-0.7,1.02,4,14,99,-0.719,-14.75,0,3,0.00,0.014,328.3374,14.600,0.000,0.000,0.000,0.000,0.000,0.000,0.729,12.0000,11.82,1.0144,0.0,-23.10,-22.500,0,0.00,0.00,131072.00,17.937,0.093,0.105,0.000,-0.011,118.100,117.500,4.748,-6.170,-70.257,0.00,0.00,72.96,0.00,
147.765,4,0.0,0.4,0.0,0.0,179,1775,2,1943,1948,107,0.7,1.2,10.6,3.9,10.6,0,13.06,13.06,6.6,11.2,72,0.99,16.0,22.2,-0.7,1.00,4,14,99,-0.712,-14.75,0,3,0.00,0.014,328.9526,14.000,0.000,0.000,0.000,0.000,0.000,0.000,0.722,12.2500,11.73,1.0144,0.0,-16.30,-12.500,0,0.00,0.00,131072.00,17.812,0.093,0.105,0.000,-0.011,117.000,117.500,4.748,-6.170,-70.257,0.00,0.00,72.96,0.00,
147.846,4,0.0,0.4,0.0,0.0,179,1808,2,1943,1949,107,21.7,22.3,22.3,29.6,33.5,0,13.37,13.37,7.0,12.0,72,0.99,16.0,25.2,-0.7,1.00,4,14,99,-0.744,-14.75,0,3,0.00,0.014,327.8979,14.300,0.000,0.000,0.000,0.000,0.000,0.000,0.770,12.6000,12.32,1.0144,0.0,-11.90,-11.300,0,0.00,0.00,131072.00,18.406,0.093,0.105,0.000,-0.011,117.700,117.500,4.748,-6.170,-70.257,0.00,0.00,72.96,0.00,
147.935,5,0.0,0.4,0.0,0.0,179,1815,2,1943,1949,107,31.5,32.0,32.0,32.0,28.9,0,13.65,13.70,7.0,12.7,72,0.99,16.0,28.3,-0.7,1.00,4,14,99,-0.699,-14.75,0,3,0.00,0.014,327.3046,14.900,0.000,0.000,0.000,0.000,0.000,0.000,0.781,12.6700,12.52,1.0144,0.0,-8.90,-8.300,0,0.00,0.00,131072.00,19.000,0.093,0.105,0.000,-0.011,117.600,117.500,4.748,-6.170,-70.257,0.00,0.00,72.96,0.00,
148.028,5,0.0,0.4,0.0,0.0,179,1806,2,1943,1928,107,27.0,27.7,25.3,17.4,17.4,0,13.86,13.89,7.0,12.0,72,0.99,16.0,25.1,-0.7,1.00,4,14,99,-0.678,-14.75,0,3,0.00,0.014,328.1835,14.700,0.000,0.000,0.000,0.000,0.000,0.000,0.740,12.0000,11.93,1.0150,0.0,-6.10,-7.200,0,0.00,0.00,131072.00,18.375,0.093,0.105,0.000,-0.011,117.700,117.500,4.748,-6.170,-70.257,0.00,0.00,72.82,0.00,
148.115,5,0.0,0.4,0.0,0.0,180,1792,2,1943,1938,107,20.2,20.5,20.5,33.5,29.7,0,13.96,13.97,6.6,11.2,72,0.99,16.0,27.1,-0.6,0.99,4,14,99,-0.631,-14.75,0,3,0.00,0.014,328.6669,14.500,0.000,0.000,0.000,0.000,0.000,0.000,0.729,12.0000,11.88,1.0154,0.0,-5.90,-5.200,0,0.00,0.00,131072.00,17.937,0.093,0.105,0.000,-0.011,117.600,117.500,4.748,-6.170,-70.257,0.00,0.00,72.82,0.00,
148.194,6,0.0,0.4,0.0,0.0,180,1765,2,1943,1951,107,33.0,33.0,31.3,32.5,32.5,0,14.00,14.00,6.6,12.0,72,0.99,16.0,27.1,-0.5,0.99,4,14,99,-0.631,-14.75,0,3,0.00,0.014,329.1064,14.800,0.000,0.000,0.000,0.000,0.000,0.000,0.740,12.4000,12.30,1.0154,0.0,-4.90,-4.700,0,0.00,0.00,131072.00,17.968,0.093,0.105,0.000,-0.011,117.500,117.500,4.748,-6.170,-70.257,0.00,0.00,72.82,0.00,
148.278,7,0.0,0.4,0.0,0.0,180,1759,2,1943,1949,107,27.7,28.4,32.5,28.4,28.4,0,14.02,14.02,7.0,12.0,72,0.99,16.0,27.9,-0.6,0.99,4,14,99,-0.619,-14.75,0,3,0.00,0.014,329.1284,15.400,0.000,0.000,0.000,0.000,0.000,0.000,0.874,15.2300,14.76,1.0154,0.0,-3.70,0.000,0,0.00,0.00,131072.00,19.718,0.093,0.105,0.000,-0.011,117.500,117.100,4.748,-6.170,-70.257,0.00,0.00,72.82,0.00,
148.365,8,0.0,0.4,0.0,0.0,180,1753,2,1943,1931,107,21.0,21.7,23.0,20.1,20.1,0,14.06,14.08,8.9,15.7,72,0.99,20.0,30.0,-0.8,0.98,4,14,99,-0.887,-14.75,0,3,0.00,0.016,326.2939,16.000,0.000,0.000,0.000,0.000,0.000,0.000,1.015,18.4700,17.08,1.0156,0.0,6.60,8.200,0,0.00,0.00,131072.00,23.562,0.093,0.105,0.000,-0.011,116.900,116.100,4.748,-6.170,-70.257,0.00,0.00,73.11,0.00,
148.444,11,0.0,0.4,0.0,0.0,180,1764,2,1984,1949,107,16.5,17.1,17.1,22.5,18.6,0,14.17,14.19,11.7,20.2,72,0.99,24.0,31.3,-1.0,0.98,7,14,99,-0.841,-14.75,0,3,0.00,0.020,319.5043,21.500,0.000,0.000,0.000,0.000,0.000,0.000,1.385,24.7300,24.58,1.0166,0.0,17.30,28.700,0,0.00,0.00,131072.00,31.093,0.093,0.105,0.000,-0.011,115.800,111.200,4.748,-6.170,-70.257,0.00,0.00,73.11,0.00,
148.514,12,0.0,0.3,0.0,0.0,180,1790,2,2082,2022,107,17.2,17.5,17.5,10.0,17.5,0,14.30,14.34,14.0,24.0,72,0.99,32.0,28.2,-0.9,0.99,8,14,99,-0.928,-14.75,0,3,0.00,0.020,314.2309,23.200,0.000,0.000,0.000,0.000,0.000,0.000,1.449,25.9200,25.47,1.0182,0.0,30.00,31.100,0,0.00,0.00,131072.00,35.281,0.093,0.105,0.000,-0.011,111.600,106.600,4.748,-6.170,-70.257,0.00,0.00,73.11,0.00,
148.602,12,0.0,0.3,0.0,0.0,180,1827,2,2168,2171,107,24.0,24.0,17.5,24.0,17.6,0,14.47,14.49,14.4,24.7,72,0.99,32.0,28.2,-0.8,0.99,8,14,99,-0.837,-14.75,0,3,0.00,0.022,313.4838,16.100,0.000,0.000,0.000,0.000,0.000,0.000,1.480,25.8400,25.50,1.0214,0.0,32.90,33.500,0,0.00,0.00,131072.00,37.781,0.093,0.105,0.000,-0.011,106.100,104.300,4.748,-6.170,-70.257,0.00,0.00,73.11,0.00,
148.685,12,0.0,0.4,0.0,0.0,180,1831,2,2302,2306,107,24.0,24.5,24.5,24.5,24.5,0,14.56,14.54,14.4,24.0,72,0.99,32.0,31.5,-0.6,1.01,9,14,99,-0.871,-14.75,0,3,0.00,0.020,314.7363,18.300,0.000,0.000,0.000,0.000,0.000,0.000,1.444,24.9300,24.16,1.0240,0.0,32.50,30.500,0,0.00,0.00,131072.00,38.000,0.093,0.105,0.000,-0.011,102.700,105.500,4.748,-6.170,-70.257,0.00,0.00,73.11,0.00,
148.767,12,0.0,0.4,0.0,0.0,180,1810,2,2401,2365,107,24.7,25.0,25.0,25.0,25.0,0,14.30,14.30,13.6,24.0,72,0.99,32.0,28.3,-0.6,1.00,8,14,99,-0.919,-14.75,0,3,0.00,0.020,314.9780,19.600,0.000,0.000,0.000,0.000,0.000,0.000,1.480,25.6400,24.97,1.0258,0.0,30.60,31.300,0,0.00,0.00,131072.00,38.156,0.093,0.105,0.000,-0.011,104.200,104.500,4.748,-6.170,-70.257,0.00,0.00,73.11,0.00,
148.848,12,0.0,0.4,0.0,0.0,180,1799,2,2500,2498,107,24.0,24.5,24.5,24.5,24.5,0,14.07,14.05,14.4,24.7,72,0.99,32.0,29.2,-0.7,0.98,8,14,99,-0.898,-14.75,0,3,0.00,0.022,314.3188,19.400,0.000,0.000,0.000,0.000,0.000,0.000,1.494,25.7200,25.17,1.0270,0.0,33.10,33.500,0,0.00,0.00,131072.00,38.281,0.093,0.105,0.000,-0.011,103.000,104.000,4.748,-6.170,-70.257,0.00,0.00,73.11,0.00,
148.935,12,0.0,0.4,0.0,0.0,180,1798,2,2611,2596,107,24.0,24.0,24.5,24.0,24.0,0,13.98,13.98,14.4,24.7,72,0.99,32.0,29.0,-0.7,0.98,8,14,99,-0.805,-14.75,0,3,0.00,0.020,315.2197,19.700,0.000,0.000,0.000,0.000,0.000,0.000,1.494,25.6000,25.05,1.0280,0.0,33.00,32.800,0,0.00,0.00,131072.00,38.187,0.093,0.105,0.000,-0.011,102.800,104.000,4.748,-6.170,-70.257,0.00,0.00,72.96,0.00,
149.027,12,0.0,0.4,0.0,0.0,180,1799,2,2709,2712,107,24.0,24.0,24.5,24.5,24.5,0,14.02,14.02,14.4,24.7,72,0.99,32.0,29.0,-0.6,0.97,8,14,99,-0.903,-14.75,0,3,0.00,0.022,315.4614,20.200,0.000,0.000,0.000,0.000,0.000,0.000,1.611,27.6200,26.98,1.0286,0.0,33.40,33.900,0,0.00,0.00,131072.00,39.250,0.093,0.105,0.000,-0.011,103.000,102.700,4.748,-6.170,-70.257,0.00,0.00,73.11,0.00,
149.095,16,0.0,0.4,0.0,0.0,181,1808,2,2820,2813,107,24.0,24.0,23.0,23.5,23.0,0,14.08,14.10,16.0,27.7,72,0.99,36.0,30.8,-0.7,0.98,9,14,99,-0.882,-14.75,0,3,0.00,0.022,311.9458,20.800,0.000,0.000,0.000,0.000,0.000,0.000,1.778,30.4300,29.51,1.0293,0.0,39.70,41.200,0,0.00,0.00,131072.00,42.125,0.093,0.105,0.000,-0.011,101.400,99.700,4.748,-6.170,-70.257,0.00,0.00,73.11,0.00,
149.175,18,0.0,0.4,0.0,0.0,181,1818,2,2907,2920,107,16.5,17.2,17.2,16.8,12.4,0,14.16,14.17,16.7,31.5,72,0.99,44.0,33.9,-0.8,0.98,10,14,99,-0.882,-14.75,0,3,0.00,0.025,306.3647,22.400,0.000,0.000,0.000,0.000,0.000,0.000,2.135,35.3100,35.33,1.0305,0.0,47.20,55.800,0,0.00,0.00,131072.00,48.093,0.093,0.105,0.000,-0.011,98.300,95.000,4.748,-6.170,-70.257,0.00,0.00,73.11,0.00,
149.255,18,0.0,0.4,0.0,0.0,181,1846,2,3007,3025,107,21.7,21.9,22.3,21.9,20.0,0,14.23,14.23,20.7,36.0,72,0.99,52.0,40.6,-0.8,0.98,11,14,99,-0.780,-14.75,0,3,0.00,0.027,302.2998,22.200,0.000,0.000,0.000,0.000,0.000,0.000,2.377,38.4000,36.96,1.0330,0.0,62.40,63.800,0,0.00,0.00,131072.00,54.500,0.093,0.107,0.000,-0.013,94.100,92.000,4.748,-6.170,-70.257,0.00,0.00,72.96,0.00,
149.336,17,0.0,0.4,0.0,0.0,181,1869,2,3146,3169,107,22.5,23.0,23.0,23.0,23.0,0,14.27,14.27,21.0,38.2,72,0.99,52.0,45.2,-0.7,0.98,12,14,99,-0.681,-14.75,0,3,0.00,0.027,300.8056,23.000,0.000,0.000,0.000,0.000,0.000,0.000,2.416,36.7700,35.91,1.0364,0.0,67.30,65.300,0,0.00,0.00,131072.00,57.625,0.093,0.107,0.000,-0.013,90.700,91.500,4.748,-6.170,-70.257,0.00,0.00,72.82,0.00,
149.415,15,0.0,0.5,0.0,0.0,181,1860,2,3259,3271,107,22.5,23.0,23.0,23.0,23.0,0,14.18,14.16,20.3,36.0,72,0.99,52.0,44.9,-0.6,0.97,12,14,99,-0.579,-14.75,0,3,0.00,0.027,304.8046,22.800,0.000,0.000,0.000,0.000,0.000,0.000,2.372,36.2500,35.03,1.0401,0.0,64.50,62.600,0,0.00,0.00,131072.00,57.406,0.093,0.107,0.000,-0.013,89.700,91.900,4.748,-6.170,-70.257,0.00,0.00,72.82,0.00,
149.495,14,0.0,0.5,0.0,0.0,181,1845,2,3361,3355,107,22.5,23.0,22.5,23.0,22.5,0,13.94,13.89,19.1,33.0,72,0.99,48.0,40.9,-0.5,0.94,11,14,99,-0.599,-14.75,0,3,0.00,0.025,310.0122,22.400,0.000,0.000,0.000,0.000,0.000,0.000,2.222,33.0200,32.63,1.0422,0.0,57.70,54.300,0,0.00,0.00,131072.00,53.593,0.093,0.107,0.000,-0.013,90.700,94.000,0.000,0.012,4.125,0.00,0.00,72.82,0.00,
149.575,15,0.0,0.5,0.0,0.0,181,1835,2,3461,3449,107,22.5,22.5,22.5,22.5,22.5,0,13.81,13.82,18.3,31.5,72,0.99,44.0,36.8,-0.6,0.90,10,14,99,-0.672,-14.75,0,3,0.00,0.025,312.4072,22.700,0.000,0.000,0.000,0.000,0.000,0.000,2.169,33.0600,32.05,1.0434,0.0,52.20,51.600,0,0.00,0.00,131072.00,50.843,0.091,0.105,0.000,-0.013,92.800,94.800,-0.183,-0.061,-6.231,0.00,0.00,72.82,0.00,
149.657,18,0.0,0.5,0.0,0.0,181,1844,2,3561,3556,107,22.5,22.5,22.5,22.5,22.5,0,13.92,13.98,19.1,33.7,72,0.99,44.0,36.0,-0.7,0.91,10,14,99,-0.794,-14.75,0,3,0.00,0.027,309.3530,23.500,0.000,0.000,0.000,0.000,0.000,0.000,2.435,35.3700,35.42,1.0435,0.0,55.70,59.600,0,0.00,0.00,131072.00,52.312,0.091,0.107,0.000,-0.015,93.300,93.300,-0.183,-0.061,-6.231,0.00,0.00,72.96,0.00,
149.735,17,0.0,0.5,0.0,0.0,181,1882,2,3672,3714,107,22.5,23.0,23.5,23.0,23.5,0,14.25,14.30,20.7,36.0,72,0.99,52.0,40.4,-0.8,0.93,11,14,99,-0.801,-14.75,0,3,0.00,0.027,307.5732,23.800,-1.500,0.000,0.000,0.000,0.000,0.000,2.546,36.1100,36.50,1.0443,0.0,63.30,62.100,0,0.00,0.00,131072.00,54.687,0.091,0.107,0.000,-0.015,92.000,92.400,-0.183,-0.061,-6.231,0.00,0.00,72.96,0.00,
149.815,17,0.0,0.5,0.0,0.0,181,1915,2,3761,3763,107,21.7,22.0,24.0,24.0,24.0,0,14.47,14.53,20.7,36.0,72,0.99,52.0,42.8,-0.7,0.97,11,15,99,-0.724,-14.75,0,3,0.00,0.027,305.7714,24.300,-2.700,0.000,0.000,0.000,0.000,0.000,2.604,36.7400,36.81,1.0460,0.0,63.90,63.600,0,0.00,0.00,131072.00,56.812,0.091,0.107,0.000,-0.015,91.800,92.000,-0.183,-0.061,-6.231,0.00,0.00,72.96,0.00,
149.895,17,0.0,0.6,0.0,0.0,181,1925,2,3854,3847,107,21.0,21.3,24.0,24.0,24.0,0,14.67,14.69,20.7,36.7,72,0.99,52.0,44.7,-0.7,0.98,11,15,98,-0.737,-14.75,0,3,0.00,0.029,305.4199,24.600,-2.700,0.000,0.000,0.000,0.000,0.000,2.614,37.0200,36.96,1.0482,0.0,65.30,64.400,0,0.00,0.00,131072.00,58.281,0.089,0.107,0.000,-0.017,91.600,91.800,-0.354,0.189,7.293,0.00,0.00,72.96,0.00,
149.977,17,0.0,0.6,0.0,0.0,181,1924,2,3941,3947,107,21.0,21.3,24.0,24.0,24.0,0,14.66,14.66,20.7,36.7,72,0.99,52.0,44.8,-0.7,0.98,11,15,98,-0.737,-14.75,0,3,0.00,0.029,305.7934,24.500,-2.700,0.000,0.000,0.000,0.000,0.000,2.648,37.3000,37.21,1.0496,0.0,65.60,65.200,0,0.00,0.00,131072.00,59.031,0.089,0.107,0.000,-0.017,91.500,91.200,0.000,0.683,9.100,0.00,0.00,72.96,0.00,
150.055,17,0.0,0.6,0.0,0.0,181,1928,2,4023,4042,107,21.0,21.3,24.0,24.0,24.0,0,14.41,14.41,20.7,36.7,72,0.99,52.0,44.7,-0.7,0.96,11,15,98,-0.785,-14.75,0,3,0.00,0.029,306.4526,24.300,-2.700,0.000,0.000,0.000,0.000,0.000,2.648,37.1500,37.02,1.0508,0.0,65.90,65.800,0,0.00,0.00,131072.00,59.375,0.087,0.107,0.000,-0.019,90.800,91.200,0.012,1.208,8.197,0.00,0.00,72.96,0.00,
150.135,17,0.0,0.7,0.0,0.0,181,1949,2,4103,4125,107,21.0,21.3,24.0,24.0,24.0,0,14.24,14.23,20.7,36.7,72,0.99,52.0,45.0,-0.7,0.96,11,15,98,-0.851,-14.75,0,3,0.00,0.029,307.7929,24.300,-2.700,0.000,0.000,0.000,0.000,0.000,2.662,37.0700,36.48,1.0518,0.0,65.10,64.500,0,0.00,0.00,131072.00,59.625,0.087,0.107,0.000,-0.019,90.400,91.200,0.024,1.611,6.164,0.00,0.00,73.11,0.00,
150.215,17,0.0,0.7,0.0,0.0,181,1975,2,4179,4200,107,21.0,21.3,24.0,24.0,24.0,0,14.19,14.18,20.3,36.0,72,0.99,52.0,43.7,-0.7,0.95,11,15,98,-0.733,-14.75,0,3,0.00,0.029,308.1665,24.700,-2.700,0.000,0.000,0.000,0.000,0.000,2.715,37.0300,37.01,1.0524,0.0,64.40,65.200,0,0.00,0.00,131072.00,60.250,0.087,0.107,0.000,-0.019,90.700,91.200,0.000,2.008,6.616,0.00,0.00,72.96,0.00,
150.295,17,0.0,0.7,0.0,0.0,181,1986,2,4247,4258,107,21.0,21.3,24.0,24.0,24.0,1,14.19,14.20,20.3,36.7,72,0.99,56.0,45.8,-0.7,0.95,11,15,98,-0.708,-14.75,0,3,0.00,0.029,309.1992,24.600,-2.700,0.000,0.000,0.000,0.000,0.000,2.604,36.2400,35.55,1.0531,0.0,65.20,63.600,0,0.00,0.00,131072.00,60.125,0.085,0.107,0.000,-0.021,90.800,91.900,0.024,2.416,5.712,0.00,0.00,72.96,0.00,
150.375,17,0.0,0.8,0.0,0.0,181,1993,2,4318,4317,107,21.7,21.8,24.5,24.5,24.5,0,14.26,14.28,19.5,35.2,72,0.99,52.0,44.9,-0.7,0.95,11,15,98,-0.866,-14.75,0,3,0.00,0.029,309.6606,24.400,-2.700,0.000,0.000,0.000,0.000,0.000,2.628,36.1200,35.73,1.0536,0.0,62.10,62.200,0,0.00,0.00,131072.00,59.906,0.083,0.107,0.000,-0.023,91.500,92.000,-0.030,2.703,3.906,0.00,0.00,73.11,0.00,
150.456,17,0.0,0.8,0.0,0.0,181,2004,2,4382,4417,107,21.7,22.3,24.5,25.0,24.5,0,14.33,14.33,19.5,35.2,72,0.99,52.0,44.3,-0.7,0.96,11,15,98,-0.778,-14.75,0,3,0.00,0.027,310.4296,24.600,-2.700,0.000,0.000,0.000,0.000,0.000,2.638,35.8400,35.61,1.0536,0.0,62.40,61.900,0,0.00,0.00,131072.00,59.687,0.083,0.107,0.000,-0.023,91.300,92.000,-0.030,2.954,3.979,0.00,0.00,72.96,0.00,
150.535,17,0.0,0.8,0.0,0.0,181,2023,2,4443,4434,107,21.7,22.3,25.0,25.0,25.0,0,14.39,14.40,19.5,35.2,72,0.99,52.0,44.2,-0.7,0.96,11,16,98,-0.835,-14.75,0,3,0.00,0.029,310.0781,24.700,-2.700,0.000,0.000,0.000,0.000,0.000,2.648,35.7700,35.41,1.0536,0.0,62.00,62.000,0,0.00,0.00,131072.00,59.968,0.082,0.107,0.000,-0.025,91.700,92.000,0.012,3.216,4.956,0.00,0.00,72.96,0.00,
150.615,17,0.0,0.8,0.0,0.0,182,2044,2,4498,4515,107,21.7,22.3,25.0,25.0,25.0,0,14.39,14.39,19.1,36.0,72,0.99,56.0,44.7,-0.7,0.96,11,16,97,-0.919,-14.75,0,3,0.00,0.029,309.3310,24.800,-2.700,0.000,0.000,0.000,0.000,0.000,2.724,36.1600,36.21,1.0538,0.0,63.00,63.900,0,0.00,0.00,131072.00,60.843,0.082,0.107,0.000,-0.025,91.500,92.000,0.000,3.509,4.589,0.00,0.00,73.11,0.00,
150.695,17,0.0,0.8,0.0,0.0,182,2059,2,4554,4552,107,21.7,22.3,25.0,25.0,25.0,0,14.37,14.37,19.1,36.0,72,0.99,56.0,46.2,-0.7,0.96,11,16,97,-0.805,-14.75,0,3,0.00,0.029,309.4848,25.300,-2.700,0.000,0.000,0.000,0.000,0.000,2.701,36.1200,35.81,1.0542,0.0,63.60,63.700,0,0.00,0.00,131072.00,61.375,0.080,0.107,0.000,-0.027,91.400,92.000,0.012,3.796,4.815,0.00,0.00,72.96,0.00,
150.785,17,0.0,0.9,0.0,0.0,182,2070,2,4595,4610,107,21.7,22.3,25.0,25.0,25.0,0,14.37,14.37,19.1,36.0,72,0.99,56.0,47.4,-0.7,0.96,11,16,97,-0.837,-14.75,0,3,0.00,0.029,309.6386,25.000,-2.700,0.000,0.000,0.000,0.000,0.000,2.710,35.9600,35.98,1.0548,0.0,63.60,63.700,0,0.00,0.00,131072.00,61.718,0.080,0.107,0.000,-0.027,91.800,92.000,-0.067,4.138,4.669,0.00,0.00,73.11,0.00,
150.866,17,0.0,0.9,0.0,0.0,182,2085,2,4647,4667,107,21.7,22.3,25.0,25.0,25.0,0,14.34,14.34,19.1,35.2,72,0.99,56.0,47.6,-0.7,0.96,11,16,97,-0.744,-14.75,0,3,0.00,0.029,310.2099,25.200,-2.700,0.000,0.000,0.000,0.000,0.000,2.710,35.9200,35.82,1.0553,0.0,62.70,62.600,0,0.00,0.00,131072.00,61.968,0.078,0.107,0.000,-0.029,92.100,92.000,-0.018,4.406,4.217,0.00,0.00,72.96,0.00,
151.175,17,0.0,0.9,0.0,0.0,182,2099,2,4692,4689,107,22.5,22.8,25.5,25.5,25.5,0,14.33,14.33,18.7,35.2,72,0.99,56.0,46.9,-0.7,0.95,11,16,97,-0.774,-14.75,0,3,0.00,0.027,313.2421,24.800,-2.700,0.000,0.000,0.000,0.000,0.000,2.386,31.1800,31.67,1.0553,0.0,57.30,51.000,0,0.00,0.00,131072.00,58.500,0.078,0.107,0.000,-0.029,92.800,95.200,-0.061,4.876,-2.929,0.00,0.00,72.96,0.00,
151.256,15,0.0,1.0,0.0,0.0,182,2147,2,4854,4863,107,24.0,24.3,27.0,27.0,26.5,0,14.36,14.37,15.6,30.0,72,0.99,48.0,42.0,-0.6,0.95,10,17,98,-0.871,-14.75,0,3,0.00,0.027,316.1865,24.600,-2.700,0.000,0.000,0.000,0.000,0.000,2.271,30.7000,30.45,1.0547,0.0,48.90,49.000,0,0.00,0.00,131072.00,55.968,0.078,0.107,0.000,-0.029,94.200,96.500,0.000,4.461,-8.789,0.00,0.00,73.11,0.00,
151.335,15,0.0,1.0,0.0,0.0,182,2153,2,4896,4893,107,24.0,24.3,27.0,27.0,27.0,0,14.37,14.35,15.6,30.0,72,0.99,48.0,41.0,-0.7,0.95,10,17,98,-0.898,-14.75,0,3,0.00,0.027,316.0107,24.600,-2.700,0.000,0.000,0.000,0.000,0.000,2.285,30.6200,30.85,1.0532,0.0,48.70,49.300,0,0.00,0.00,131072.00,55.187,0.076,0.107,0.000,-0.031,96.500,96.700,0.000,3.887,-9.686,0.00,0.00,73.11,0.00,
151.415,15,0.0,0.9,0.0,0.0,182,2174,2,4934,4960,107,24.7,24.8,27.5,27.0,27.0,0,14.38,14.39,15.6,30.0,72,0.99,48.0,41.9,-0.8,0.94,10,17,98,-0.872,-14.75,0,3,0.00,0.029,316.5600,24.600,-2.700,0.000,0.000,0.000,0.000,0.000,2.261,30.5100,30.55,1.0520,0.0,48.90,48.600,0,0.00,0.00,131072.00,55.093,0.078,0.107,0.000,-0.029,96.400,96.700,0.042,3.338,-7.586,0.00,0.00,73.11,0.00,
151.495,15,0.0,1.0,0.0,0.0,182,2192,2,4985,4993,106,24.7,24.8,27.5,27.5,27.5,1,14.51,14.53,15.6,30.0,72,0.99,48.0,42.4,-0.8,0.96,10,17,98,-0.860,-14.75,0,3,0.00,0.029,315.6372,25.000,-2.700,0.000,0.000,0.000,0.000,0.000,2.271,30.4700,30.81,1.0514,0.0,48.90,48.600,0,0.00,0.00,131072.00,55.312,0.078,0.107,0.000,-0.029,97.300,96.700,-0.018,2.899,-6.762,0.00,0.00,73.11,0.00,
151.575,15,0.0,0.9,0.0,0.0,182,2209,2,5009,5013,106,24.7,25.3,28.0,27.5,27.5,0,14.59,14.59,15.6,30.0,72,0.99,52.0,41.8,-0.8,0.97,10,17,98,-0.865,-14.75,0,3,0.00,0.029,315.3735,25.000,-2.700,0.000,0.000,-2.300,0.000,0.000,2.232,30.3500,30.27,1.0507,0.0,49.00,48.300,0,0.00,0.00,131072.00,55.625,0.078,0.107,0.000,-0.029,97.000,96.700,-0.018,2.520,-6.231,0.00,0.00,73.11,0.00,
151.658,15,0.0,1.0,0.0,0.0,182,2221,2,5028,5029,106,24.7,25.3,25.7,28.0,28.0,1,14.63,14.62,15.2,30.0,72,0.99,52.0,43.7,-0.7,0.97,10,17,98,-0.856,-14.75,0,3,0.00,0.029,315.5932,24.900,-3.400,0.000,0.000,-2.300,0.000,0.000,2.237,30.3100,30.42,1.0499,0.0,48.20,48.400,0,0.00,0.00,131072.00,55.812,0.078,0.107,0.000,-0.029,97.100,96.700,0.000,2.178,-5.560,0.00,0.00,73.11,0.00,
151.748,15,0.0,1.0,0.0,0.0,182,2227,2,5059,5047,106,24.0,24.6,25.7,28.0,28.0,0,14.46,14.44,15.2,30.0,72,0.99,52.0,43.5,-0.7,0.97,10,17,98,-0.854,-14.75,0,3,0.00,0.029,315.9887,24.900,-3.400,0.000,0.000,-2.300,0.000,0.000,2.237,30.1900,30.36,1.0497,0.0,48.10,47.700,0,0.00,0.00,131072.00,55.906,0.076,0.107,0.000,-0.031,97.200,96.700,0.024,1.861,-4.656,0.00,0.00,73.11,0.00,
151.815,15,0.0,0.9,0.0,0.0,182,2241,2,5060,5067,106,24.0,24.6,25.7,28.0,28.0,1,14.30,14.28,14.8,30.0,72,0.99,52.0,42.8,-0.7,0.95,10,17,98,-0.840,-14.75,0,3,0.00,0.029,316.8017,24.600,-3.400,0.000,0.000,-2.300,0.000,0.000,2.222,30.1900,30.07,1.0497,0.0,47.40,47.400,0,0.00,0.00,131072.00,56.062,0.078,0.107,0.000,-0.029,97.200,96.700,0.000,1.586,-4.656,0.00,0.00,73.11,0.00,
151.895,15,0.0,1.0,0.0,0.0,182,2252,2,5060,5060,106,24.7,25.1,26.2,28.0,28.0,0,14.22,14.21,14.8,30.0,72,0.99,52.0,42.8,-0.7,0.94,10,17,98,-0.797,-14.75,0,3,0.00,0.029,316.9995,24.400,-3.400,0.000,0.000,-2.300,0.000,0.000,2.222,30.0700,30.16,1.0497,0.0,47.30,47.600,0,0.00,0.00,131072.00,56.218,0.076,0.107,0.000,-0.031,97.300,96.700,-0.030,1.336,-4.132,0.00,0.00,72.97,0.00,
151.975,15,0.0,1.0,0.0,0.0,182,2261,2,5060,5055,106,24.7,25.1,26.2,28.5,28.5,0,14.22,14.23,14.8,29.2,72,0.99,52.0,43.3,-0.7,0.93,10,17,98,-0.788,-14.75,0,3,0.00,0.029,317.6147,24.400,-3.400,0.000,0.000,-2.300,0.000,0.000,2.208,30.1900,29.83,1.0497,0.0,46.70,46.200,0,0.00,0.00,131072.00,56.406,0.076,0.107,0.000,-0.031,97.200,97.000,0.000,1.116,-3.607,0.00,0.00,72.97,0.00,
152.055,15,0.0,1.0,0.0,0.0,182,2271,2,5060,5052,106,25.5,25.6,26.7,29.0,29.0,0,14.31,14.31,14.8,29.2,72,0.99,52.0,43.3,-0.7,0.94,10,17,98,-0.779,-14.75,0,3,0.00,0.029,317.2192,24.500,-3.400,0.000,0.000,-2.300,0.000,0.000,2.222,30.0700,29.83,1.0497,0.0,46.40,46.400,0,0.00,0.00,131072.00,56.687,0.076,0.107,0.000,-0.031,97.200,96.800,0.000,0.946,-2.783,0.00,0.00,72.97,0.00,
152.135,15,0.0,0.9,0.0,0.0,182,2282,2,5060,5057,106,25.5,25.6,26.7,29.0,29.0,0,14.43,14.45,14.4,29.2,72,0.99,52.0,43.2,-0.7,0.95,10,18,98,-0.768,-14.75,0,3,0.00,0.029,317.2412,24.300,-3.400,0.000,0.000,-2.300,0.000,0.000,2.222,30.0300,29.67,1.0497,0.0,45.80,45.700,0,0.00,0.00,131072.00,56.843,0.078,0.107,0.000,-0.029,97.200,97.400,0.000,0.817,-1.654,0.00,0.00,72.97,0.00,
152.215,15,0.0,0.9,0.0,0.0,182,2294,2,5060,5044,106,25.5,25.6,26.7,29.0,29.0,0,14.52,14.52,14.4,29.2,72,0.99,52.0,43.4,-0.7,0.96,10,18,98,-0.758,-14.75,0,3,0.00,0.029,316.8237,24.900,-3.400,0.000,0.000,-2.300,0.000,0.000,2.237,29.9200,29.68,1.0497,0.0,46.00,46.100,0,0.00,0.00,131072.00,56.968,0.076,0.107,0.000,-0.031,97.700,97.500,-0.030,0.720,-2.178,0.00,0.00,72.97,0.00,
152.294,15,0.0,0.9,0.0,0.0,182,2306,2,5060,5067,106,25.5,25.6,26.7,29.0,29.0,0,14.51,14.51,14.4,29.2,72,0.99,52.0,43.8,-0.7,0.96,10,18,98,-0.777,-14.75,0,3,0.00,0.029,316.8457,24.500,-3.400,0.000,0.000,-2.300,0.000,0.000,2.247,29.9200,29.70,1.0497,0.0,45.70,46.100,0,0.00,0.00,131072.00,57.250,0.078,0.107,0.000,-0.029,97.600,97.500,0.042,0.671,-0.225,0.00,0.00,72.97,0.00,
152.375,15,0.0,1.0,0.0,0.0,182,2315,2,5060,5059,106,25.5,25.6,26.7,29.0,29.0,0,14.45,14.44,14.4,29.2,72,0.99,52.0,43.6,-0.7,0.95,10,18,97,-0.799,-14.75,0,3,0.00,0.029,316.7358,24.700,-3.400,0.000,0.000,-2.300,0.000,0.000,2.257,29.8800,29.81,1.0497,0.0,45.90,46.200,0,0.00,0.00,131072.00,57.468,0.076,0.107,0.000,-0.031,97.700,97.500,0.024,0.671,0.524,0.00,0.00,72.97,0.00,
152.455,15,0.0,1.0,0.0,0.0,182,2320,2,5060,5044,106,25.5,25.6,26.7,29.0,29.0,0,14.37,14.36,14.4,29.2,72,0.99,52.0,43.6,-0.7,0.94,10,18,97,-0.829,-14.75,0,3,0.00,0.029,316.9775,24.900,-3.400,0.000,0.000,-2.300,0.000,0.000,2.247,29.8800,29.68,1.0497,0.0,46.00,46.200,0,0.00,0.00,131072.00,57.562,0.076,0.107,0.000,-0.031,97.600,97.500,0.024,0.701,0.897,0.00,0.00,72.97,0.00,
152.537,15,0.0,1.0,0.0,0.0,182,2323,2,5060,5046,106,25.5,25.6,26.7,29.0,29.0,0,14.33,14.34,14.0,29.2,72,0.99,52.0,43.6,-0.7,0.94,10,18,97,-0.813,-14.75,0,3,0.00,0.029,317.0654,24.800,-3.400,0.000,0.000,-2.300,0.000,0.000,2.257,29.8000,29.86,1.0497,0.0,46.10,46.300,0,0.00,0.00,131072.00,57.656,0.076,0.107,0.000,-0.031,97.600,97.500,0.024,0.750,1.275,0.00,0.00,72.97,0.00,
152.614,15,0.0,1.0,0.0,0.0,182,2330,2,5060,5055,106,25.5,25.6,26.7,29.0,29.0,0,14.36,14.37,14.4,29.2,72,0.99,52.0,43.3,-0.7,0.94,10,18,97,-0.761,-14.75,0,3,0.00,0.029,317.2192,24.700,-3.400,0.000,0.000,-1.500,0.000,0.000,2.257,29.6000,29.73,1.0497,0.0,46.00,46.000,0,0.00,0.00,131072.00,57.625,0.076,0.107,0.000,-0.031,97.600,97.500,0.024,0.817,1.275,0.00,0.00,72.97,0.00,
152.695,15,0.0,1.0,0.0,0.0,182,2336,2,5060,5065,106,25.5,25.6,27.5,29.0,29.0,0,14.42,14.42,14.0,29.2,72,0.99,52.0,43.6,-0.7,0.94,10,18,97,-0.752,-14.75,0,3,0.00,0.029,317.3510,24.600,-3.400,0.000,0.000,-1.500,0.000,0.000,2.237,29.6800,29.47,1.0497,0.0,44.70,45.100,0,0.00,0.00,131072.00,57.625,0.076,0.107,0.000,-0.031,97.700,97.500,-0.030,0.872,0.823,0.00,0.00,72.97,0.00,
152.775,15,0.0,1.0,0.0,0.0,182,2349,2,5060,5059,106,25.5,25.6,27.5,29.0,29.0,0,14.45,14.46,14.0,29.2,72,0.99,52.0,43.7,-0.7,0.95,10,18,97,-0.799,-14.75,0,3,0.00,0.029,317.2631,24.800,-3.400,0.000,0.000,-1.500,0.000,0.000,2.257,29.6800,29.52,1.0497,0.0,44.90,45.500,0,0.00,0.00,131072.00,57.875,0.076,0.107,0.000,-0.031,97.900,97.500,0.000,0.958,1.574,0.00,0.00,72.97,0.00,
152.856,15,0.0,1.0,0.0,0.0,182,2367,2,5060,5062,106,25.5,25.6,27.5,29.0,29.0,0,14.51,14.51,14.0,29.2,72,0.99,52.0,44.1,-0.7,0.95,10,18,97,-0.829,-14.75,0,3,0.00,0.029,317.0434,24.600,-3.400,0.000,0.000,-1.500,0.000,0.000,2.257,29.4900,29.40,1.0497,0.0,44.80,44.900,0,0.00,0.00,131072.00,58.062,0.076,0.107,0.000,-0.031,97.800,97.500,-0.061,1.086,1.800,0.00,0.00,72.97,0.00,
152.935,15,0.0,1.0,0.0,0.0,182,2377,2,5060,5047,106,25.5,26.1,28.0,29.0,29.0,0,14.57,14.57,13.6,29.2,72,0.99,52.0,44.0,-0.7,0.95,10,18,97,-0.756,-14.75,0,3,0.00,0.029,316.8457,24.900,-3.400,0.000,0.000,-1.500,0.000,0.000,2.199,28.8200,28.63,1.0497,0.0,44.40,43.600,0,0.00,0.00,131072.00,57.687,0.076,0.107,0.000,-0.031,97.900,98.200,-0.048,1.257,1.721,0.00,0.00,72.97,0.00,
153.014,15,0.0,1.0,0.0,0.0,182,2384,2,5060,5059,106,25.5,26.1,28.0,29.5,29.5,0,14.54,14.53,13.2,28.5,72,0.99,52.0,44.2,-0.7,0.95,10,18,97,-0.768,-14.75,0,3,0.00,0.029,317.5708,24.800,-3.400,0.000,0.000,-1.500,0.000,0.000,2.208,28.6200,28.75,1.0498,0.0,42.50,42.700,0,0.00,0.00,131072.00,57.218,0.076,0.107,0.000,-0.031,98.400,98.700,0.000,1.379,1.647,0.00,0.00,72.97,0.00,
153.099,15,0.0,1.0,0.0,0.0,182,2390,2,5060,5050,106,25.5,26.1,28.0,29.5,29.5,0,14.49,14.49,13.2,28.5,72,0.99,52.0,43.8,-0.6,0.95,10,18,97,-0.768,-14.75,0,3,0.00,0.029,317.7465,24.900,-3.400,0.000,0.000,-1.500,0.000,0.000,2.194,28.5800,28.50,1.0498,0.0,42.00,42.300,0,0.00,0.00,131072.00,57.000,0.076,0.107,0.000,-0.031,99.100,99.200,0.024,1.464,1.800,0.00,0.00,72.97,0.00,
153.186,15,0.0,1.0,0.0,0.0,182,2401,2,5060,5039,106,25.5,26.1,28.0,29.5,29.5,0,14.49,14.49,13.2,27.7,72,0.99,52.0,43.8,-0.7,0.95,10,19,97,-0.747,-14.75,0,3,0.00,0.029,317.6806,25.000,-3.400,0.000,0.000,-1.500,0.000,0.000,2.194,28.5000,28.43,1.0497,0.0,41.70,41.900,0,0.00,0.00,131072.00,57.000,0.076,0.107,0.000,-0.031,99.300,99.200,-0.030,1.556,0.823,0.00,0.00,72.97,0.00,
153.268,15,0.0,1.0,0.0,0.0,182,2411,2,5060,5057,106,26.2,26.6,28.5,30.0,30.0,0,14.53,14.53,13.2,27.7,72,0.99,52.0,43.1,-0.7,0.96,10,19,97,-0.799,-14.75,0,3,0.00,0.029,317.7026,24.900,-3.400,0.000,0.000,-1.500,0.000,0.000,2.194,28.5400,28.31,1.0497,0.0,41.50,41.600,0,0.00,0.00,131072.00,57.156,0.076,0.107,0.000,-0.031,99.300,99.200,0.000,1.654,1.275,0.00,0.00,72.97,0.00,
153.355,15,0.0,1.0,0.0,0.0,182,2425,2,5060,5062,106,26.2,26.6,28.5,30.0,30.0,0,14.59,14.59,12.8,27.7,72,0.99,52.0,43.5,-0.7,0.96,10,19,97,-0.815,-14.75,0,3,0.00,0.029,317.6586,24.900,-3.400,0.000,0.000,-1.500,0.000,0.000,2.194,28.5400,28.21,1.0497,0.0,41.10,41.200,0,0.00,0.00,131072.00,57.468,0.076,0.107,0.000,-0.031,99.400,99.200,-0.030,1.800,2.099,0.00,0.00,72.97,0.00,
153.435,15,0.0,1.0,0.0,0.0,182,2433,2,5060,5055,106,26.2,26.6,28.5,30.0,30.0,0,14.63,14.63,12.8,27.7,72,0.99,52.0,44.2,-0.7,0.97,10,19,97,-0.772,-14.75,0,3,0.00,0.029,317.3291,25.000,-3.400,0.000,0.000,-1.500,0.000,0.000,2.208,28.4700,28.28,1.0497,0.0,41.40,41.500,0,0.00,0.00,131072.00,57.593,0.076,0.107,0.000,-0.031,99.300,99.200,0.000,1.953,2.697,0.00,0.00,72.97,0.00,
153.515,15,0.0,1.0,0.0,0.0,182,2442,2,5060,5057,106,26.2,26.6,28.5,30.0,30.0,0,14.63,14.63,12.8,27.7,72,0.99,52.0,44.2,-0.7,0.97,10,19,97,-0.814,-14.75,0,3,0.00,0.027,317.3950,24.800,-3.400,0.000,0.000,-1.500,0.000,0.000,2.208,28.3900,28.16,1.0497,2.0,41.00,41.000,0,0.00,0.00,131072.00,57.750,0.076,0.107,0.000,-0.031,99.500,99.200,0.042,2.117,2.770,0.00,0.00,72.96,0.00,
153.595,15,0.0,1.0,0.0,0.0,183,2453,2,5060,5060,106,26.2,26.6,28.5,30.0,30.0,0,14.63,14.63,12.8,27.7,72,0.99,52.0,44.1,-0.7,0.98,10,19,97,-0.798,-14.75,0,3,0.00,0.027,316.9555,24.900,-3.400,0.000,0.000,-1.500,0.000,0.000,2.208,28.2300,28.10,1.0497,2.0,41.20,40.900,0,0.00,0.00,131072.00,57.843,0.076,0.107,0.000,-0.031,99.600,99.200,0.000,2.288,2.996,0.00,0.00,72.96,0.00,
153.675,15,0.0,1.0,0.0,0.0,182,2461,2,5060,5046,106,27.0,27.3,29.2,30.0,30.0,0,14.60,14.60,12.8,27.7,72,0.99,52.0,44.7,-0.7,0.98,10,19,97,-0.789,-14.75,0,3,0.00,0.027,317.1533,25.200,-2.700,0.000,0.000,-0.800,0.000,0.000,2.208,28.2300,28.12,1.0497,2.0,40.70,40.900,0,0.00,0.00,131072.00,57.843,0.076,0.107,0.000,-0.031,99.300,99.200,0.042,2.447,3.222,0.00,0.00,72.96,0.00,
153.772,15,0.0,1.0,0.0,0.0,182,2467,2,5060,5070,106,27.0,27.3,29.2,30.0,30.0,0,14.59,14.59,12.8,27.7,72,0.99,52.0,44.6,-0.7,0.98,10,19,97,-0.774,-14.75,0,3,0.00,0.027,317.1093,24.900,-2.700,0.000,0.000,-0.800,0.000,0.000,2.208,28.2300,28.10,1.0497,2.0,40.70,40.600,0,0.00,0.00,131072.00,57.937,0.076,0.107,0.000,-0.031,99.400,99.200,0.000,2.624,2.996,0.00,0.00,72.96,0.00,
153.854,15,0.0,1.0,0.0,0.0,182,2474,2,5060,5065,106,27.0,27.0,29.2,30.0,30.0,1,14.56,14.55,12.8,27.7,72,0.99,52.0,45.1,-0.7,0.98,10,19,97,-0.780,-14.75,0,3,0.00,0.027,317.1093,24.700,-3.000,0.000,0.000,-0.800,0.000,0.000,2.208,28.1900,28.07,1.0497,2.0,40.50,40.600,0,0.00,0.00,131072.00,58.062,0.074,0.107,0.000,-0.033,99.000,99.200,0.000,2.868,3.076,0.00,0.00,72.96,0.00,
153.936,15,0.0,1.0,0.0,0.0,182,2482,2,5060,5055,106,27.0,27.0,29.2,30.0,30.0,0,14.52,14.52,12.8,27.7,72,0.99,52.0,44.7,-0.7,0.98,10,19,97,-0.728,-14.75,0,3,0.00,0.027,317.0434,25.100,-3.000,0.000,0.000,-0.800,0.000,0.000,2.208,28.1500,28.01,1.0497,2.0,40.40,40.500,0,0.00,0.00,131072.00,58.218,0.076,0.107,0.000,-0.031,99.200,99.200,-0.030,3.088,2.996,0.00,0.00,72.96,0.00,
154.015,15,0.0,1.0,0.0,0.0,182,2494,2,5060,5050,106,27.0,27.0,29.2,30.0,30.0,0,14.51,14.50,12.8,27.7,72,0.99,52.0,45.4,-0.7,0.98,10,19,97,-0.744,-14.75,0,3,0.00,0.027,316.9116,25.000,-3.000,0.000,0.000,-0.800,0.000,0.000,2.222,28.0000,28.12,1.0497,2.0,40.50,41.000,0,0.00,0.00,131072.00,58.375,0.076,0.107,0.000,-0.031,99.200,99.400,0.000,3.320,3.674,0.00,0.00,72.96,0.00,
